C,Si,Mn,S,P,Ni,Cr,Mo,V,O_ppm,Ti_ppm,N_ppm,Al_ppm,Nb_ppm,current_A,voltage_V,AC_DC,electrode_polarity,heat_input_kJ_mm,interpass_temp_C,pwht_temp_C,pwht_time_h,yield_strength_MPa,uts_MPa,elongation_pct,reduction_area_pct,charpy_temp_C,charpy_toughness_J,weld_id,weld_type_FCA,weld_type_GMAA,weld_type_GTAA,weld_type_MMA,weld_type_SA,weld_type_SAA,weld_type_TSA,AC_DC_unknown,input_group
0.037,0.3,0.65,0.008,0.012,0.0,0.0,0.0,0.0,423.0,0.0,82.0,37.5,0.0,170.0,21.0,1.0,1.0,1.0,200.0,250.0,14.0,392.0,466.0,31.9,80.6,,,Evans-Ni/CMn-1990/1991-0Aaw,0,0,0,1,0,0,0,0,12
0.037,0.3,0.65,0.008,0.012,0.0,0.0,0.0,0.0,423.0,0.0,82.0,37.5,0.0,170.0,21.0,1.0,1.0,1.0,200.0,0.0,0.0,,,,,-28.0,100.0,Evans-Ni/CMn-1990/1991-0Aawch,0,0,0,1,0,0,0,0,12
0.037,0.3,0.65,0.008,0.012,0.0,0.0,0.0,0.0,423.0,0.0,82.0,37.5,0.0,170.0,21.0,1.0,1.0,1.0,200.0,580.0,2.0,370.0,456.0,35.2,80.6,-38.0,100.0,Evans-Ni/CMn-1990/1991-0Aht,0,0,0,1,0,0,0,0,12
0.037,0.31,1.03,0.007,0.014,0.0,0.0,0.0,0.0,423.0,0.0,82.0,37.5,0.0,170.0,21.0,1.0,1.0,1.0,200.0,250.0,14.0,413.0,498.0,31.2,80.6,,,Evans-Ni/CMn-1990/1991-0Baw,0,0,0,1,0,0,0,0,14
0.037,0.31,1.03,0.007,0.014,0.0,0.0,0.0,0.0,423.0,0.0,82.0,37.5,0.0,170.0,21.0,1.0,1.0,1.0,200.0,0.0,0.0,,,,,-48.0,100.0,Evans-Ni/CMn-1990/1991-0Bawch,0,0,0,1,0,0,0,0,14
0.037,0.31,1.03,0.007,0.014,0.0,0.0,0.0,0.0,423.0,0.0,82.0,37.5,0.0,170.0,21.0,1.0,1.0,1.0,200.0,580.0,2.0,402.0,490.0,31.0,80.6,-44.0,100.0,Evans-Ni/CMn-1990/1991-0Bht,0,0,0,1,0,0,0,0,14
0.045,0.33,1.85,0.007,0.016,0.0,0.0,0.0,0.0,423.0,0.0,82.0,37.5,0.0,170.0,21.0,1.0,1.0,1.0,200.0,250.0,14.0,514.0,588.0,28.0,76.8,,,Evans-Ni/CMn-1990/1991-0Daw,0,0,0,1,0,0,0,0,61
0.045,0.33,1.85,0.007,0.016,0.0,0.0,0.0,0.0,423.0,0.0,82.0,37.5,0.0,170.0,21.0,1.0,1.0,1.0,200.0,0.0,0.0,,,,,-38.0,100.0,Evans-Ni/CMn-1990/1991-0Dawch,0,0,0,1,0,0,0,0,61
0.045,0.33,1.85,0.007,0.016,0.0,0.0,0.0,0.0,423.0,0.0,82.0,37.5,0.0,170.0,21.0,1.0,1.0,1.0,200.0,580.0,2.0,479.0,576.0,27.4,76.9,-40.0,100.0,Evans-Ni/CMn-1990/1991-0Dht,0,0,0,1,0,0,0,0,61
0.039,0.32,0.66,0.006,0.011,0.53,0.0,0.0,0.0,423.0,0.0,82.0,37.5,0.0,170.0,21.0,1.0,1.0,1.0,200.0,250.0,14.0,411.0,484.0,32.6,79.3,,,Evans-Ni/CMn-1990/1991-0.5Aaw,0,0,0,1,0,0,0,0,21
0.039,0.32,0.66,0.006,0.011,0.53,0.0,0.0,0.0,423.0,0.0,82.0,37.5,0.0,170.0,21.0,1.0,1.0,1.0,200.0,580.0,2.0,401.0,475.0,34.2,80.6,,,Evans-Ni/CMn-1990/1991-0.5Aht,0,0,0,1,0,0,0,0,21
0.041,0.33,1.01,0.006,0.011,0.49,0.0,0.0,0.0,423.0,0.0,82.0,37.5,0.0,170.0,21.0,1.0,1.0,1.0,200.0,250.0,14.0,464.0,522.0,29.6,77.8,,,Evans-Ni/CMn-1990/1991-0.5Baw,0,0,0,1,0,0,0,0,36
0.041,0.33,1.01,0.006,0.011,0.49,0.0,0.0,0.0,423.0,0.0,82.0,37.5,0.0,170.0,21.0,1.0,1.0,1.0,200.0,0.0,0.0,,,,,,,Evans-Ni/CMn-1990/1991-0.5Bawmic,0,0,0,1,0,0,0,0,36
0.041,0.33,1.01,0.006,0.011,0.49,0.0,0.0,0.0,423.0,0.0,82.0,37.5,0.0,170.0,21.0,1.0,1.0,1.0,200.0,580.0,2.0,426.0,506.0,31.6,79.7,,,Evans-Ni/CMn-1990/1991-0.5Bht,0,0,0,1,0,0,0,0,36
0.051,0.32,1.4,0.007,0.014,0.47,0.0,0.0,0.0,423.0,0.0,82.0,37.5,0.0,170.0,21.0,1.0,1.0,1.0,200.0,250.0,14.0,509.0,568.0,28.6,76.9,,,Evans-Ni/CMn-1990/1991-0.5Caw,0,0,0,1,0,0,0,0,122
0.051,0.32,1.4,0.007,0.014,0.47,0.0,0.0,0.0,423.0,0.0,82.0,37.5,0.0,170.0,21.0,1.0,1.0,1.0,200.0,580.0,2.0,450.0,536.0,28.2,78.8,,,Evans-Ni/CMn-1990/1991-0.5Cht,0,0,0,1,0,0,0,0,122
0.049,0.33,1.85,0.006,0.014,0.51,0.0,0.0,0.0,423.0,0.0,82.0,37.5,0.0,170.0,21.0,1.0,1.0,1.0,200.0,250.0,14.0,547.0,618.0,26.0,74.9,,,Evans-Ni/CMn-1990/1991-0.5Daw,0,0,0,1,0,0,0,0,87
0.049,0.33,1.85,0.006,0.014,0.51,0.0,0.0,0.0,423.0,0.0,82.0,37.5,0.0,170.0,21.0,1.0,1.0,1.0,200.0,0.0,0.0,,,,,,,Evans-Ni/CMn-1990/1991-0.5Dawmic,0,0,0,1,0,0,0,0,87
0.049,0.33,1.85,0.006,0.014,0.51,0.0,0.0,0.0,423.0,0.0,82.0,37.5,0.0,170.0,21.0,1.0,1.0,1.0,200.0,580.0,2.0,526.0,612.0,26.8,72.9,,,Evans-Ni/CMn-1990/1991-0.5Dht,0,0,0,1,0,0,0,0,87
0.038,0.31,0.63,0.007,0.012,1.09,0.0,0.0,0.0,423.0,0.0,82.0,37.5,0.0,170.0,21.0,1.0,1.0,1.0,200.0,250.0,14.0,423.0,497.0,30.6,78.8,,,Evans-Ni/CMn-1990/1991-1Aaw,0,0,0,1,0,0,0,0,18
0.038,0.31,0.63,0.007,0.012,1.09,0.0,0.0,0.0,423.0,0.0,82.0,37.5,0.0,170.0,21.0,1.0,1.0,1.0,200.0,0.0,0.0,,,,,-38.0,100.0,Evans-Ni/CMn-1990/1991-1Aawch,0,0,0,1,0,0,0,0,18
0.038,0.31,0.63,0.007,0.012,1.09,0.0,0.0,0.0,423.0,0.0,82.0,37.5,0.0,170.0,21.0,1.0,1.0,1.0,200.0,580.0,2.0,411.0,493.0,33.6,79.7,-40.0,100.0,Evans-Ni/CMn-1990/1991-1Aht,0,0,0,1,0,0,0,0,18
0.053,0.35,1.83,0.007,0.012,1.06,0.0,0.0,0.0,423.0,0.0,82.0,37.5,0.0,170.0,21.0,1.0,1.0,1.0,200.0,250.0,14.0,566.0,641.0,26.4,76.0,,,Evans-Ni/CMn-1990/1991-1Daw,0,0,0,1,0,0,0,0,130
0.053,0.35,1.83,0.007,0.012,1.06,0.0,0.0,0.0,423.0,0.0,82.0,37.5,0.0,170.0,21.0,1.0,1.0,1.0,200.0,0.0,0.0,,,,,-39.0,100.0,Evans-Ni/CMn-1990/1991-1Dawch,0,0,0,1,0,0,0,0,130
0.053,0.35,1.83,0.007,0.012,1.06,0.0,0.0,0.0,423.0,0.0,82.0,37.5,0.0,170.0,21.0,1.0,1.0,1.0,200.0,580.0,2.0,521.0,612.0,26.0,74.0,1.0,100.0,Evans-Ni/CMn-1990/1991-1Dht,0,0,0,1,0,0,0,0,130
0.041,0.3,0.62,0.007,0.01,2.38,0.0,0.0,0.0,423.0,0.0,82.0,37.5,0.0,170.0,21.0,1.0,1.0,1.0,200.0,250.0,14.0,466.0,538.0,30.6,77.8,,,Evans-Ni/CMn-1990/1991-2.25Aaw,0,0,0,1,0,0,0,0,33
0.041,0.3,0.62,0.007,0.01,2.38,0.0,0.0,0.0,423.0,0.0,82.0,37.5,0.0,170.0,21.0,1.0,1.0,1.0,200.0,0.0,0.0,,,,,-50.0,100.0,Evans-Ni/CMn-1990/1991-2.25Aawch,0,0,0,1,0,0,0,0,33
0.041,0.3,0.62,0.007,0.01,2.38,0.0,0.0,0.0,423.0,0.0,82.0,37.5,0.0,170.0,21.0,1.0,1.0,1.0,200.0,580.0,2.0,431.0,518.0,32.2,76.9,-41.0,100.0,Evans-Ni/CMn-1990/1991-2.25Aht,0,0,0,1,0,0,0,0,33
0.044,0.31,0.96,0.006,0.013,2.38,0.0,0.0,0.0,423.0,0.0,82.0,37.5,0.0,170.0,21.0,1.0,1.0,1.0,200.0,250.0,14.0,489.0,567.0,30.6,76.9,,,Evans-Ni/CMn-1990/1991-2.25Baw,0,0,0,1,0,0,0,0,52
0.044,0.31,0.96,0.006,0.013,2.38,0.0,0.0,0.0,423.0,0.0,82.0,37.5,0.0,170.0,21.0,1.0,1.0,1.0,200.0,0.0,0.0,,,,,-59.0,100.0,Evans-Ni/CMn-1990/1991-2.25Bawch,0,0,0,1,0,0,0,0,52
0.044,0.31,0.96,0.006,0.013,2.38,0.0,0.0,0.0,423.0,0.0,82.0,37.5,0.0,170.0,21.0,1.0,1.0,1.0,200.0,580.0,2.0,481.0,561.0,29.1,76.9,-44.0,100.0,Evans-Ni/CMn-1990/1991-2.25Bht,0,0,0,1,0,0,0,0,52
0.046,0.32,1.81,0.007,0.015,2.33,0.0,0.0,0.0,423.0,0.0,82.0,37.5,0.0,170.0,21.0,1.0,1.0,1.0,200.0,250.0,14.0,621.0,684.0,23.5,73.9,,,Evans-Ni/CMn-1990/1991-2.25Daw,0,0,0,1,0,0,0,0,68
0.046,0.32,1.81,0.007,0.015,2.33,0.0,0.0,0.0,423.0,0.0,82.0,37.5,0.0,170.0,21.0,1.0,1.0,1.0,200.0,0.0,0.0,,,,,-30.0,100.0,Evans-Ni/CMn-1990/1991-2.25Dawch,0,0,0,1,0,0,0,0,68
0.046,0.32,1.81,0.007,0.015,2.33,0.0,0.0,0.0,423.0,0.0,82.0,37.5,0.0,170.0,21.0,1.0,1.0,1.0,200.0,580.0,2.0,574.0,665.0,26.4,70.7,,,Evans-Ni/CMn-1990/1991-2.25Dht,0,0,0,1,0,0,0,0,68
0.037,0.3,0.65,0.009,0.011,3.5,0.0,0.0,0.0,423.0,0.0,82.0,37.5,0.0,170.0,21.0,1.0,1.0,1.0,200.0,250.0,14.0,479.0,561.0,30.4,76.6,,,Evans-Ni/CMn-1990/1991-3.5Aaw,0,0,0,1,0,0,0,0,13
0.037,0.3,0.65,0.009,0.011,3.5,0.0,0.0,0.0,423.0,0.0,82.0,37.5,0.0,170.0,21.0,1.0,1.0,1.0,200.0,0.0,0.0,,,,,-26.0,100.0,Evans-Ni/CMn-1990/1991-3.5Aawch,0,0,0,1,0,0,0,0,13
0.037,0.3,0.65,0.009,0.011,3.5,0.0,0.0,0.0,423.0,0.0,82.0,37.5,0.0,170.0,21.0,1.0,1.0,1.0,200.0,580.0,2.0,482.0,560.0,31.4,48.8,-63.0,100.0,Evans-Ni/CMn-1990/1991-3.5Aht,0,0,0,1,0,0,0,0,13
0.041,0.31,0.98,0.008,0.012,3.46,0.0,0.0,0.0,423.0,0.0,82.0,37.5,0.0,170.0,21.0,1.0,1.0,1.0,200.0,250.0,14.0,525.0,605.0,27.6,76.0,,,Evans-Ni/CMn-1990/1991-3.5Baw,0,0,0,1,0,0,0,0,34
0.041,0.31,0.98,0.008,0.012,3.46,0.0,0.0,0.0,423.0,0.0,82.0,37.5,0.0,170.0,21.0,1.0,1.0,1.0,200.0,0.0,0.0,,,,,-48.0,100.0,Evans-Ni/CMn-1990/1991-3.5Bawch,0,0,0,1,0,0,0,0,34
0.041,0.31,0.98,0.008,0.012,3.46,0.0,0.0,0.0,423.0,0.0,82.0,37.5,0.0,170.0,21.0,1.0,1.0,1.0,200.0,580.0,2.0,521.0,599.0,28.4,74.0,-38.0,100.0,Evans-Ni/CMn-1990/1991-3.5Bht,0,0,0,1,0,0,0,0,34
0.051,0.36,1.79,0.007,0.013,3.42,0.0,0.0,0.0,423.0,0.0,82.0,37.5,0.0,170.0,21.0,1.0,1.0,1.0,200.0,250.0,14.0,692.0,753.0,22.2,69.7,,,Evans-Ni/CMn-1990/1991-3.5Daw,0,0,0,1,0,0,0,0,126
0.051,0.36,1.79,0.007,0.013,3.42,0.0,0.0,0.0,423.0,0.0,82.0,37.5,0.0,170.0,21.0,1.0,1.0,1.0,200.0,0.0,0.0,,,,,24.0,100.0,Evans-Ni/CMn-1990/1991-3.5Dawch,0,0,0,1,0,0,0,0,126
0.051,0.36,1.79,0.007,0.013,3.42,0.0,0.0,0.0,423.0,0.0,82.0,37.5,0.0,170.0,21.0,1.0,1.0,1.0,200.0,580.0,2.0,662.0,745.0,24.0,67.5,,,Evans-Ni/CMn-1990/1991-3.5Dht,0,0,0,1,0,0,0,0,126
0.074,0.36,1.51,0.008,0.011,0.0,0.0,0.0,0.0,400.0,40.0,82.0,37.5,0.0,170.0,21.0,1.0,1.0,1.0,150.0,0.0,0.0,484.0,560.0,26.0,78.8,,,Es-Souni&-Cu/CMn-1990--aw***WELDINGPROCEDURE***EvansWeldingJVol59No3(1980)67,0,0,0,1,0,0,0,0,314
0.074,0.36,1.51,0.008,0.011,0.0,0.0,0.0,0.0,400.0,40.0,82.0,37.5,0.0,170.0,21.0,1.0,1.0,1.0,150.0,580.0,2.0,471.0,563.0,31.2,77.0,,,Es-Souni&-Cu/CMn-1990--ht,0,0,0,1,0,0,0,0,314
0.075,0.36,1.48,0.007,0.006,0.0,0.0,0.0,0.0,390.0,40.0,82.0,37.5,0.0,170.0,21.0,1.0,1.0,1.0,150.0,0.0,0.0,502.0,578.0,27.6,77.0,,,Es-Souni&-Cu/CMn-1990-0.2aw,0,0,0,1,0,0,0,0,333
0.075,0.36,1.48,0.007,0.006,0.0,0.0,0.0,0.0,390.0,40.0,82.0,37.5,0.0,170.0,21.0,1.0,1.0,1.0,150.0,580.0,2.0,462.0,548.0,29.8,77.9,,,Es-Souni&-Cu/CMn-1990-0.2ht,0,0,0,1,0,0,0,0,333
0.068,0.32,1.49,0.006,0.006,0.0,0.0,0.0,0.0,390.0,40.0,82.0,37.5,0.0,170.0,21.0,1.0,1.0,1.0,150.0,0.0,0.0,513.0,593.0,28.6,77.0,,,Es-Souni&-Cu/CMn-1990-1.6aw,0,0,0,1,0,0,0,0,210
0.068,0.32,1.49,0.006,0.006,0.0,0.0,0.0,0.0,390.0,40.0,82.0,37.5,0.0,170.0,21.0,1.0,1.0,1.0,150.0,580.0,2.0,499.0,607.0,28.6,74.0,,,Es-Souni&-Cu/CMn-1990-1.6ht,0,0,0,1,0,0,0,0,210
0.076,0.36,1.49,0.006,0.006,0.0,0.0,0.0,0.0,410.0,40.0,82.0,37.5,0.0,170.0,21.0,1.0,1.0,1.0,150.0,0.0,0.0,568.0,647.0,27.4,73.0,,,Es-Souni&-Cu/CMn-1990-3.2aw,0,0,0,1,0,0,0,0,357
0.076,0.36,1.49,0.006,0.006,0.0,0.0,0.0,0.0,410.0,40.0,82.0,37.5,0.0,170.0,21.0,1.0,1.0,1.0,150.0,580.0,2.0,583.0,673.0,24.2,73.0,,,Es-Souni&-Cu/CMn-1990-3.2ht,0,0,0,1,0,0,0,0,357
0.074,0.29,1.49,0.006,0.013,0.0,0.0,0.0,0.0,471.0,5.0,72.0,6.0,0.0,170.0,21.0,1.0,1.0,1.0,200.0,250.0,14.0,431.0,527.0,29.6,78.0,,,Evans-AlTi-1994-5/6ht,0,0,0,1,0,0,0,0,303
0.074,0.29,1.49,0.006,0.013,0.0,0.0,0.0,0.0,471.0,5.0,72.0,6.0,0.0,170.0,21.0,1.0,1.0,1.0,200.0,0.0,0.0,,,,,-41.0,28.0,Evans-AlTi-1994-5/6awch1,0,0,0,1,0,0,0,0,303
0.074,0.29,1.49,0.006,0.013,0.0,0.0,0.0,0.0,471.0,5.0,72.0,6.0,0.0,170.0,21.0,1.0,1.0,1.0,200.0,0.0,0.0,,,,,-19.0,100.0,Evans-AlTi-1994-5/6awch2,0,0,0,1,0,0,0,0,303
0.074,0.29,1.49,0.006,0.013,0.0,0.0,0.0,0.0,471.0,5.0,72.0,6.0,0.0,170.0,21.0,1.0,1.0,1.0,200.0,0.0,0.0,,,,,,,Evans-AlTi-1994-5/6awmic,0,0,0,1,0,0,0,0,303
0.081,0.29,1.43,0.006,0.013,0.0,0.0,0.0,0.0,461.0,5.0,54.0,60.0,0.0,170.0,21.0,1.0,1.0,1.0,200.0,250.0,14.0,444.0,542.0,27.6,72.9,,,Evans-AlTi-1994-5/60ht,0,0,0,1,0,0,0,0,439
0.081,0.29,1.43,0.006,0.013,0.0,0.0,0.0,0.0,461.0,5.0,54.0,60.0,0.0,170.0,21.0,1.0,1.0,1.0,200.0,0.0,0.0,,,,,-39.0,28.0,Evans-AlTi-1994-5/60awch1,0,0,0,1,0,0,0,0,439
0.081,0.29,1.43,0.006,0.013,0.0,0.0,0.0,0.0,461.0,5.0,54.0,60.0,0.0,170.0,21.0,1.0,1.0,1.0,200.0,0.0,0.0,,,,,-15.0,100.0,Evans-AlTi-1994-5/60awch2,0,0,0,1,0,0,0,0,439
0.081,0.29,1.43,0.006,0.013,0.0,0.0,0.0,0.0,461.0,5.0,54.0,60.0,0.0,170.0,21.0,1.0,1.0,1.0,200.0,0.0,0.0,,,,,,,Evans-AlTi-1994-5/60awmic,0,0,0,1,0,0,0,0,439
0.076,0.34,1.36,0.005,0.011,0.0,0.0,0.0,0.0,476.0,5.0,57.0,150.0,0.0,170.0,21.0,1.0,1.0,1.0,200.0,250.0,14.0,437.0,527.0,24.6,78.9,,,Evans-AlTi-1994-5/150ht,0,0,0,1,0,0,0,0,355
0.076,0.34,1.36,0.005,0.011,0.0,0.0,0.0,0.0,476.0,5.0,57.0,150.0,0.0,170.0,21.0,1.0,1.0,1.0,200.0,0.0,0.0,,,,,-58.0,28.0,Evans-AlTi-1994-5/150ch1,0,0,0,1,0,0,0,0,355
0.076,0.34,1.36,0.005,0.011,0.0,0.0,0.0,0.0,476.0,5.0,57.0,150.0,0.0,170.0,21.0,1.0,1.0,1.0,200.0,0.0,0.0,,,,,-20.0,100.0,Evans-AlTi-1994-5/150ch2,0,0,0,1,0,0,0,0,355
0.076,0.34,1.36,0.005,0.011,0.0,0.0,0.0,0.0,476.0,5.0,57.0,150.0,0.0,170.0,21.0,1.0,1.0,1.0,200.0,0.0,0.0,,,,,,,Evans-AlTi-1994-5/150mic,0,0,0,1,0,0,0,0,355
0.079,0.39,1.37,0.005,0.011,0.0,0.0,0.0,0.0,446.0,5.0,47.0,250.0,0.0,170.0,21.0,1.0,1.0,1.0,200.0,250.0,14.0,437.0,538.0,25.2,78.9,,,Evans-AlTi-1994-5/250ht,0,0,0,1,0,0,0,0,404
0.079,0.39,1.37,0.005,0.011,0.0,0.0,0.0,0.0,446.0,5.0,47.0,250.0,0.0,170.0,21.0,1.0,1.0,1.0,200.0,0.0,0.0,,,,,-56.0,28.0,Evans-AlTi-1994-5/250ch1,0,0,0,1,0,0,0,0,404
0.079,0.39,1.37,0.005,0.011,0.0,0.0,0.0,0.0,446.0,5.0,47.0,250.0,0.0,170.0,21.0,1.0,1.0,1.0,200.0,0.0,0.0,,,,,-25.0,100.0,Evans-AlTi-1994-5/250ch2,0,0,0,1,0,0,0,0,404
0.079,0.39,1.37,0.005,0.011,0.0,0.0,0.0,0.0,446.0,5.0,47.0,250.0,0.0,170.0,21.0,1.0,1.0,1.0,200.0,0.0,0.0,,,,,,,Evans-AlTi-1994-5/250mic,0,0,0,1,0,0,0,0,404
0.081,0.48,1.42,0.004,0.006,0.0,0.0,0.0,0.0,444.0,4.0,46.0,660.0,0.0,170.0,21.0,1.0,1.0,1.0,200.0,250.0,14.0,466.0,551.0,26.2,78.9,,,Evans-AlTi-1994-5/660ht,0,0,0,1,0,0,0,0,442
0.081,0.48,1.42,0.004,0.006,0.0,0.0,0.0,0.0,444.0,4.0,46.0,660.0,0.0,170.0,21.0,1.0,1.0,1.0,200.0,0.0,0.0,,,,,-76.0,28.0,Evans-AlTi-1994-5/660ch1,0,0,0,1,0,0,0,0,442
0.081,0.48,1.42,0.004,0.006,0.0,0.0,0.0,0.0,444.0,4.0,46.0,660.0,0.0,170.0,21.0,1.0,1.0,1.0,200.0,0.0,0.0,,,,,-29.0,100.0,Evans-AlTi-1994-5/660ch2,0,0,0,1,0,0,0,0,442
0.081,0.48,1.42,0.004,0.006,0.0,0.0,0.0,0.0,444.0,4.0,46.0,660.0,0.0,170.0,21.0,1.0,1.0,1.0,200.0,0.0,0.0,,,,,,,Evans-AlTi-1994-5/660mic,0,0,0,1,0,0,0,0,442
0.08,0.33,1.41,0.006,0.009,0.0,0.0,0.0,0.0,432.0,43.0,55.0,78.0,0.0,170.0,21.0,1.0,1.0,1.0,200.0,250.0,14.0,478.0,540.0,31.2,80.7,,,Evans-AlTi-1994-40/78ht,0,0,0,1,0,0,0,0,419
0.08,0.33,1.41,0.006,0.009,0.0,0.0,0.0,0.0,432.0,43.0,55.0,78.0,0.0,170.0,21.0,1.0,1.0,1.0,200.0,0.0,0.0,,,,,-77.0,28.0,Evans-AlTi-1994-40/78ch1,0,0,0,1,0,0,0,0,419
0.08,0.33,1.41,0.006,0.009,0.0,0.0,0.0,0.0,432.0,43.0,55.0,78.0,0.0,170.0,21.0,1.0,1.0,1.0,200.0,0.0,0.0,,,,,-55.0,100.0,Evans-AlTi-1994-40/78ch2,0,0,0,1,0,0,0,0,419
0.08,0.33,1.41,0.006,0.009,0.0,0.0,0.0,0.0,432.0,43.0,55.0,78.0,0.0,170.0,21.0,1.0,1.0,1.0,200.0,0.0,0.0,,,,,,,Evans-AlTi-1994-40/78mic,0,0,0,1,0,0,0,0,419
0.076,0.37,1.36,0.005,0.009,0.0,0.0,0.0,0.0,422.0,36.0,53.0,190.0,0.0,170.0,21.0,1.0,1.0,1.0,200.0,250.0,14.0,485.0,549.0,31.4,79.8,,,Evans-AlTi-1994-40/190ht,0,0,0,1,0,0,0,0,358
0.076,0.37,1.36,0.005,0.009,0.0,0.0,0.0,0.0,422.0,36.0,53.0,190.0,0.0,170.0,21.0,1.0,1.0,1.0,200.0,0.0,0.0,,,,,-86.0,28.0,Evans-AlTi-1994-40/190ch1,0,0,0,1,0,0,0,0,358
0.076,0.37,1.36,0.005,0.009,0.0,0.0,0.0,0.0,422.0,36.0,53.0,190.0,0.0,170.0,21.0,1.0,1.0,1.0,200.0,0.0,0.0,,,,,-58.0,100.0,Evans-AlTi-1994-40/190ch2,0,0,0,1,0,0,0,0,358
0.076,0.37,1.36,0.005,0.009,0.0,0.0,0.0,0.0,422.0,36.0,53.0,190.0,0.0,170.0,21.0,1.0,1.0,1.0,200.0,0.0,0.0,,,,,,,Evans-AlTi-1994-40/190mic,0,0,0,1,0,0,0,0,358
0.078,0.44,1.31,0.005,0.008,0.0,0.0,0.0,0.0,431.0,36.0,50.0,340.0,0.0,170.0,21.0,1.0,1.0,1.0,200.0,250.0,14.0,491.0,564.0,28.2,78.9,,,Evans-AlTi-1994-40/340ht,0,0,0,1,0,0,0,0,396
0.078,0.44,1.31,0.005,0.008,0.0,0.0,0.0,0.0,431.0,36.0,50.0,340.0,0.0,170.0,21.0,1.0,1.0,1.0,200.0,0.0,0.0,,,,,-88.0,28.0,Evans-AlTi-1994-40/340ch1,0,0,0,1,0,0,0,0,396
0.078,0.44,1.31,0.005,0.008,0.0,0.0,0.0,0.0,431.0,36.0,50.0,340.0,0.0,170.0,21.0,1.0,1.0,1.0,200.0,0.0,0.0,,,,,-63.0,100.0,Evans-AlTi-1994-40/340ch2,0,0,0,1,0,0,0,0,396
0.078,0.44,1.31,0.005,0.008,0.0,0.0,0.0,0.0,431.0,36.0,50.0,340.0,0.0,170.0,21.0,1.0,1.0,1.0,200.0,0.0,0.0,,,,,,,Evans-AlTi-1994-40/340mic,0,0,0,1,0,0,0,0,396
0.079,0.57,1.32,0.004,0.008,0.0,0.0,0.0,0.0,422.0,38.0,52.0,610.0,0.0,170.0,21.0,1.0,1.0,1.0,200.0,250.0,14.0,491.0,570.0,29.2,77.0,,,Evans-AlTi-1994-40/610ht,0,0,0,1,0,0,0,0,406
0.079,0.57,1.32,0.004,0.008,0.0,0.0,0.0,0.0,422.0,38.0,52.0,610.0,0.0,170.0,21.0,1.0,1.0,1.0,200.0,0.0,0.0,,,,,-74.0,28.0,Evans-AlTi-1994-40/610ch1,0,0,0,1,0,0,0,0,406
0.079,0.57,1.32,0.004,0.008,0.0,0.0,0.0,0.0,422.0,38.0,52.0,610.0,0.0,170.0,21.0,1.0,1.0,1.0,200.0,0.0,0.0,,,,,-38.0,100.0,Evans-AlTi-1994-40/610ch2,0,0,0,1,0,0,0,0,406
0.079,0.57,1.32,0.004,0.008,0.0,0.0,0.0,0.0,422.0,38.0,52.0,610.0,0.0,170.0,21.0,1.0,1.0,1.0,200.0,0.0,0.0,,,,,,,Evans-AlTi-1994-40/610mic,0,0,0,1,0,0,0,0,406
0.074,0.32,1.5,0.006,0.006,0.0,0.0,0.0,0.0,375.0,99.0,89.0,8.0,0.0,170.0,21.0,1.0,1.0,1.0,200.0,250.0,14.0,484.0,547.0,29.4,79.8,,,Evans-AlTi-1994-80/8ht,0,0,0,1,0,0,0,0,306
0.074,0.32,1.5,0.006,0.006,0.0,0.0,0.0,0.0,375.0,99.0,89.0,8.0,0.0,170.0,21.0,1.0,1.0,1.0,200.0,0.0,0.0,,,,,-74.0,28.0,Evans-AlTi-1994-80/8ht,0,0,0,1,0,0,0,0,306
0.074,0.32,1.5,0.006,0.006,0.0,0.0,0.0,0.0,375.0,99.0,89.0,8.0,0.0,170.0,21.0,1.0,1.0,1.0,200.0,0.0,0.0,,,,,-52.0,100.0,Evans-AlTi-1994-80/8ht,0,0,0,1,0,0,0,0,306
0.074,0.27,1.41,0.007,0.006,0.0,0.0,0.0,0.0,407.0,88.0,70.0,47.0,0.0,170.0,21.0,1.0,1.0,1.0,200.0,250.0,14.0,442.0,514.0,32.2,81.6,,,Evans-AlTi-1994-80/47ht,0,0,0,1,0,0,0,0,300
0.074,0.27,1.41,0.007,0.006,0.0,0.0,0.0,0.0,407.0,88.0,70.0,47.0,0.0,170.0,21.0,1.0,1.0,1.0,200.0,0.0,0.0,,,,,-57.0,28.0,Evans-AlTi-1994-80/47ht,0,0,0,1,0,0,0,0,300
0.074,0.27,1.41,0.007,0.006,0.0,0.0,0.0,0.0,407.0,88.0,70.0,47.0,0.0,170.0,21.0,1.0,1.0,1.0,200.0,0.0,0.0,,,,,-31.0,100.0,Evans-AlTi-1994-80/47ht,0,0,0,1,0,0,0,0,300
0.071,0.39,1.36,0.005,0.009,0.0,0.0,0.0,0.0,381.0,92.0,52.0,160.0,0.0,170.0,21.0,1.0,1.0,1.0,200.0,250.0,14.0,481.0,545.0,30.6,81.4,,,Evans-AlTi-1994-80/160ht,0,0,0,1,0,0,0,0,259
0.071,0.39,1.36,0.005,0.009,0.0,0.0,0.0,0.0,381.0,92.0,52.0,160.0,0.0,170.0,21.0,1.0,1.0,1.0,200.0,0.0,0.0,,,,,-68.0,28.0,Evans-AlTi-1994-80/160ht,0,0,0,1,0,0,0,0,259
0.071,0.39,1.36,0.005,0.009,0.0,0.0,0.0,0.0,381.0,92.0,52.0,160.0,0.0,170.0,21.0,1.0,1.0,1.0,200.0,0.0,0.0,,,,,-56.0,100.0,Evans-AlTi-1994-80/160ht,0,0,0,1,0,0,0,0,259
0.069,0.45,1.36,0.005,0.008,0.0,0.0,0.0,0.0,374.0,63.0,44.0,280.0,0.0,170.0,21.0,1.0,1.0,1.0,200.0,250.0,14.0,474.0,540.0,28.0,80.7,,,Evans-AlTi-1994-80/280ht,0,0,0,1,0,0,0,0,224
0.069,0.45,1.36,0.005,0.008,0.0,0.0,0.0,0.0,374.0,63.0,44.0,280.0,0.0,170.0,21.0,1.0,1.0,1.0,200.0,0.0,0.0,,,,,-68.0,28.0,Evans-AlTi-1994-80/280ht,0,0,0,1,0,0,0,0,224
0.069,0.45,1.36,0.005,0.008,0.0,0.0,0.0,0.0,374.0,63.0,44.0,280.0,0.0,170.0,21.0,1.0,1.0,1.0,200.0,0.0,0.0,,,,,-61.0,100.0,Evans-AlTi-1994-80/280ht,0,0,0,1,0,0,0,0,224
0.069,0.51,1.39,0.004,0.008,0.0,0.0,0.0,0.0,379.0,69.0,41.0,480.0,0.0,170.0,21.0,1.0,1.0,1.0,200.0,250.0,14.0,466.0,533.0,27.2,77.0,,,Evans-AlTi-1994-80/480ht,0,0,0,1,0,0,0,0,226
0.069,0.51,1.39,0.004,0.008,0.0,0.0,0.0,0.0,379.0,69.0,41.0,480.0,0.0,170.0,21.0,1.0,1.0,1.0,200.0,0.0,0.0,,,,,-70.0,28.0,Evans-AlTi-1994-80/480ht,0,0,0,1,0,0,0,0,226
0.069,0.51,1.39,0.004,0.008,0.0,0.0,0.0,0.0,379.0,69.0,41.0,480.0,0.0,170.0,21.0,1.0,1.0,1.0,200.0,0.0,0.0,,,,,-54.0,100.0,Evans-AlTi-1994-80/480ht,0,0,0,1,0,0,0,0,226
0.072,0.57,1.4,0.004,0.008,0.0,0.0,0.0,0.0,360.0,80.0,38.0,640.0,0.0,170.0,21.0,1.0,1.0,1.0,200.0,250.0,14.0,486.0,555.0,26.6,78.0,,,Evans-AlTi-1994-80/640ht,0,0,0,1,0,0,0,0,274
0.072,0.57,1.4,0.004,0.008,0.0,0.0,0.0,0.0,360.0,80.0,38.0,640.0,0.0,170.0,21.0,1.0,1.0,1.0,200.0,0.0,0.0,,,,,-68.0,28.0,Evans-AlTi-1994-80/640ht,0,0,0,1,0,0,0,0,274
0.072,0.57,1.4,0.004,0.008,0.0,0.0,0.0,0.0,360.0,80.0,38.0,640.0,0.0,170.0,21.0,1.0,1.0,1.0,200.0,0.0,0.0,,,,,-41.0,100.0,Evans-AlTi-1994-80/640ht,0,0,0,1,0,0,0,0,274
0.081,0.34,1.54,0.007,0.008,0.0,0.0,0.0,0.0,312.0,180.0,80.0,3.0,0.0,170.0,21.0,1.0,1.0,1.0,200.0,250.0,14.0,502.0,555.0,26.6,78.9,,,Evans-AlTi-1994-220/3,0,0,0,1,0,0,0,0,441
0.081,0.34,1.54,0.007,0.008,0.0,0.0,0.0,0.0,312.0,180.0,80.0,3.0,0.0,170.0,21.0,1.0,1.0,1.0,200.0,0.0,0.0,,,,,-67.0,28.0,Evans-AlTi-1994-220/3ch1,0,0,0,1,0,0,0,0,441
0.081,0.34,1.54,0.007,0.008,0.0,0.0,0.0,0.0,312.0,180.0,80.0,3.0,0.0,170.0,21.0,1.0,1.0,1.0,200.0,0.0,0.0,,,,,-52.0,100.0,Evans-AlTi-1994-220/3ch2,0,0,0,1,0,0,0,0,441
0.081,0.34,1.54,0.007,0.008,0.0,0.0,0.0,0.0,312.0,180.0,80.0,3.0,0.0,170.0,21.0,1.0,1.0,1.0,200.0,0.0,0.0,,,,,,,Evans-AlTi-1994-220/3mic,0,0,0,1,0,0,0,0,441
0.072,0.24,1.32,0.006,0.008,0.0,0.0,0.0,0.0,397.0,180.0,68.0,47.0,0.0,170.0,21.0,1.0,1.0,1.0,200.0,250.0,14.0,452.0,535.0,30.7,78.9,,,Evans-AlTi-1994-220/47,0,0,0,1,0,0,0,0,266
0.072,0.24,1.32,0.006,0.008,0.0,0.0,0.0,0.0,397.0,180.0,68.0,47.0,0.0,170.0,21.0,1.0,1.0,1.0,200.0,0.0,0.0,,,,,-54.0,28.0,Evans-AlTi-1994-220/47ch1,0,0,0,1,0,0,0,0,266
0.072,0.24,1.32,0.006,0.008,0.0,0.0,0.0,0.0,397.0,180.0,68.0,47.0,0.0,170.0,21.0,1.0,1.0,1.0,200.0,0.0,0.0,,,,,-35.0,100.0,Evans-AlTi-1994-220/47ch2,0,0,0,1,0,0,0,0,266
0.072,0.24,1.32,0.006,0.008,0.0,0.0,0.0,0.0,397.0,180.0,68.0,47.0,0.0,170.0,21.0,1.0,1.0,1.0,200.0,0.0,0.0,,,,,,,Evans-AlTi-1994-220/47mic,0,0,0,1,0,0,0,0,266
0.072,0.34,1.33,0.006,0.008,0.0,0.0,0.0,0.0,427.0,190.0,57.0,150.0,0.0,170.0,21.0,1.0,1.0,1.0,200.0,250.0,14.0,467.0,522.0,29.2,77.0,,,Evans-AlTi-1994-220/150,0,0,0,1,0,0,0,0,269
0.072,0.34,1.33,0.006,0.008,0.0,0.0,0.0,0.0,427.0,190.0,57.0,150.0,0.0,170.0,21.0,1.0,1.0,1.0,200.0,0.0,0.0,,,,,-64.0,28.0,Evans-AlTi-1994-220/150ch1,0,0,0,1,0,0,0,0,269
0.072,0.34,1.33,0.006,0.008,0.0,0.0,0.0,0.0,427.0,190.0,57.0,150.0,0.0,170.0,21.0,1.0,1.0,1.0,200.0,0.0,0.0,,,,,-52.0,100.0,Evans-AlTi-1994-220/150ch2,0,0,0,1,0,0,0,0,269
0.072,0.34,1.33,0.006,0.008,0.0,0.0,0.0,0.0,427.0,190.0,57.0,150.0,0.0,170.0,21.0,1.0,1.0,1.0,200.0,0.0,0.0,,,,,,,Evans-AlTi-1994-220/150mic,0,0,0,1,0,0,0,0,269
0.074,0.41,1.36,0.005,0.005,0.0,0.0,0.0,0.0,418.0,260.0,49.0,320.0,0.0,170.0,21.0,1.0,1.0,1.0,200.0,250.0,14.0,514.0,570.0,23.6,77.0,,,Evans-AlTi-1994-220/320,0,0,0,1,0,0,0,0,316
0.074,0.41,1.36,0.005,0.005,0.0,0.0,0.0,0.0,418.0,260.0,49.0,320.0,0.0,170.0,21.0,1.0,1.0,1.0,200.0,0.0,0.0,,,,,-63.0,28.0,Evans-AlTi-1994-220/320ch1,0,0,0,1,0,0,0,0,316
0.074,0.41,1.36,0.005,0.005,0.0,0.0,0.0,0.0,418.0,260.0,49.0,320.0,0.0,170.0,21.0,1.0,1.0,1.0,200.0,0.0,0.0,,,,,-47.0,100.0,Evans-AlTi-1994-220/320ch2,0,0,0,1,0,0,0,0,316
0.074,0.41,1.36,0.005,0.005,0.0,0.0,0.0,0.0,418.0,260.0,49.0,320.0,0.0,170.0,21.0,1.0,1.0,1.0,200.0,0.0,0.0,,,,,,,Evans-AlTi-1994-220/320ch2,0,0,0,1,0,0,0,0,316
0.066,0.46,1.41,0.004,0.009,0.0,0.0,0.0,0.0,407.0,240.0,49.0,440.0,0.0,170.0,21.0,1.0,1.0,1.0,200.0,250.0,14.0,522.0,580.0,24.0,76.0,,,Evans-AlTi-1994-220/440,0,0,0,1,0,0,0,0,196
0.066,0.46,1.41,0.004,0.009,0.0,0.0,0.0,0.0,407.0,240.0,49.0,440.0,0.0,170.0,21.0,1.0,1.0,1.0,200.0,0.0,0.0,,,,,-68.0,28.0,Evans-AlTi-1994-220/440ch1,0,0,0,1,0,0,0,0,196
0.066,0.46,1.41,0.004,0.009,0.0,0.0,0.0,0.0,407.0,240.0,49.0,440.0,0.0,170.0,21.0,1.0,1.0,1.0,200.0,0.0,0.0,,,,,-42.0,100.0,Evans-AlTi-1994-220/440ch2,0,0,0,1,0,0,0,0,196
0.066,0.46,1.41,0.004,0.009,0.0,0.0,0.0,0.0,407.0,240.0,49.0,440.0,0.0,170.0,21.0,1.0,1.0,1.0,200.0,0.0,0.0,,,,,,,Evans-AlTi-1994-220/440ch2,0,0,0,1,0,0,0,0,196
0.066,0.44,1.33,0.004,0.008,0.0,0.0,0.0,0.0,454.0,240.0,49.0,680.0,0.0,170.0,21.0,1.0,1.0,1.0,200.0,250.0,14.0,522.0,591.0,23.8,71.9,,,Evans-AlTi-1994-220/680,0,0,0,1,0,0,0,0,195
0.066,0.44,1.33,0.004,0.008,0.0,0.0,0.0,0.0,454.0,240.0,49.0,680.0,0.0,170.0,21.0,1.0,1.0,1.0,200.0,0.0,0.0,,,,,-76.0,28.0,Evans-AlTi-1994-220/680ch1,0,0,0,1,0,0,0,0,195
0.066,0.44,1.33,0.004,0.008,0.0,0.0,0.0,0.0,454.0,240.0,49.0,680.0,0.0,170.0,21.0,1.0,1.0,1.0,200.0,0.0,0.0,,,,,-42.0,100.0,Evans-AlTi-1994-220/680ch2,0,0,0,1,0,0,0,0,195
0.066,0.44,1.33,0.004,0.008,0.0,0.0,0.0,0.0,454.0,240.0,49.0,680.0,0.0,170.0,21.0,1.0,1.0,1.0,200.0,0.0,0.0,,,,,,,Evans-AlTi-1994-220/680mic,0,0,0,1,0,0,0,0,195
0.069,0.43,1.49,0.004,0.005,0.0,0.0,0.0,0.0,294.0,460.0,77.0,1.0,0.0,170.0,21.0,1.0,1.0,1.0,200.0,250.0,14.0,535.0,594.0,26.0,79.8,,,Evans-AlTi-1994-450/1,0,0,0,1,0,0,0,0,223
0.069,0.43,1.49,0.004,0.005,0.0,0.0,0.0,0.0,294.0,460.0,77.0,1.0,0.0,170.0,21.0,1.0,1.0,1.0,200.0,0.0,0.0,,,,,-78.0,28.0,Evans-AlTi-1994-450/1ch1,0,0,0,1,0,0,0,0,223
0.069,0.43,1.49,0.004,0.005,0.0,0.0,0.0,0.0,294.0,460.0,77.0,1.0,0.0,170.0,21.0,1.0,1.0,1.0,200.0,0.0,0.0,,,,,-60.0,100.0,Evans-AlTi-1994-450/1ch2,0,0,0,1,0,0,0,0,223
0.069,0.43,1.49,0.004,0.005,0.0,0.0,0.0,0.0,294.0,460.0,77.0,1.0,0.0,170.0,21.0,1.0,1.0,1.0,200.0,0.0,0.0,,,,,,,Evans-AlTi-1994-450/1mic,0,0,0,1,0,0,0,0,223
0.071,0.36,1.44,0.007,0.005,0.0,0.0,0.0,0.0,373.0,460.0,94.0,67.0,0.0,170.0,21.0,1.0,1.0,1.0,200.0,250.0,14.0,522.0,583.0,22.0,78.9,,,Evans-AlTi-1994-450/67,0,0,0,1,0,0,0,0,257
0.071,0.36,1.44,0.007,0.005,0.0,0.0,0.0,0.0,373.0,460.0,94.0,67.0,0.0,170.0,21.0,1.0,1.0,1.0,200.0,0.0,0.0,,,,,-69.0,28.0,Evans-AlTi-1994-450/67ch1,0,0,0,1,0,0,0,0,257
0.071,0.36,1.44,0.007,0.005,0.0,0.0,0.0,0.0,373.0,460.0,94.0,67.0,0.0,170.0,21.0,1.0,1.0,1.0,200.0,0.0,0.0,,,,,-48.0,100.0,Evans-AlTi-1994-450/67ch2,0,0,0,1,0,0,0,0,257
0.071,0.36,1.44,0.007,0.005,0.0,0.0,0.0,0.0,373.0,460.0,94.0,67.0,0.0,170.0,21.0,1.0,1.0,1.0,200.0,0.0,0.0,,,,,,,Evans-AlTi-1994-450/67mic,0,0,0,1,0,0,0,0,257
0.071,0.42,1.39,0.007,0.005,0.0,0.0,0.0,0.0,446.0,420.0,65.0,150.0,0.0,170.0,21.0,1.0,1.0,1.0,200.0,250.0,14.0,531.0,587.0,25.2,78.0,,,Evans-AlTi-1994-450/150,0,0,0,1,0,0,0,0,262
0.071,0.42,1.39,0.007,0.005,0.0,0.0,0.0,0.0,446.0,420.0,65.0,150.0,0.0,170.0,21.0,1.0,1.0,1.0,200.0,0.0,0.0,,,,,-74.0,28.0,Evans-AlTi-1994-450/150ch1,0,0,0,1,0,0,0,0,262
0.071,0.42,1.39,0.007,0.005,0.0,0.0,0.0,0.0,446.0,420.0,65.0,150.0,0.0,170.0,21.0,1.0,1.0,1.0,200.0,0.0,0.0,,,,,-56.0,100.0,Evans-AlTi-1994-450/150ch2,0,0,0,1,0,0,0,0,262
0.071,0.42,1.39,0.007,0.005,0.0,0.0,0.0,0.0,446.0,420.0,65.0,150.0,0.0,170.0,21.0,1.0,1.0,1.0,200.0,0.0,0.0,,,,,,,Evans-AlTi-1994-450/150mic,0,0,0,1,0,0,0,0,262
0.071,0.52,1.44,0.005,0.005,0.0,0.0,0.0,0.0,466.0,460.0,67.0,300.0,0.0,170.0,21.0,1.0,1.0,1.0,200.0,250.0,14.0,538.0,604.0,23.2,77.0,,,Evans-AlTi-1994-450/300,0,0,0,1,0,0,0,0,263
0.071,0.52,1.44,0.005,0.005,0.0,0.0,0.0,0.0,466.0,460.0,67.0,300.0,0.0,170.0,21.0,1.0,1.0,1.0,200.0,0.0,0.0,,,,,-65.0,28.0,Evans-AlTi-1994-450/300ch1,0,0,0,1,0,0,0,0,263
0.071,0.52,1.44,0.005,0.005,0.0,0.0,0.0,0.0,466.0,460.0,67.0,300.0,0.0,170.0,21.0,1.0,1.0,1.0,200.0,0.0,0.0,,,,,-49.0,100.0,Evans-AlTi-1994-450/300ch2,0,0,0,1,0,0,0,0,263
0.071,0.52,1.44,0.005,0.005,0.0,0.0,0.0,0.0,466.0,460.0,67.0,300.0,0.0,170.0,21.0,1.0,1.0,1.0,200.0,0.0,0.0,,,,,,,Evans-AlTi-1994-450/300mic,0,0,0,1,0,0,0,0,263
0.069,0.54,1.41,0.005,0.005,0.0,0.0,0.0,0.0,439.0,460.0,58.0,420.0,0.0,170.0,21.0,1.0,1.0,1.0,200.0,250.0,14.0,561.0,622.0,26.0,77.0,,,Evans-AlTi-1994-450/420,0,0,0,1,0,0,0,0,229
0.069,0.54,1.41,0.005,0.005,0.0,0.0,0.0,0.0,439.0,460.0,58.0,420.0,0.0,170.0,21.0,1.0,1.0,1.0,200.0,0.0,0.0,,,,,-63.0,28.0,Evans-AlTi-1994-450/420ch1,0,0,0,1,0,0,0,0,229
0.069,0.54,1.41,0.005,0.005,0.0,0.0,0.0,0.0,439.0,460.0,58.0,420.0,0.0,170.0,21.0,1.0,1.0,1.0,200.0,0.0,0.0,,,,,-43.0,100.0,Evans-AlTi-1994-450/420ch2,0,0,0,1,0,0,0,0,229
0.069,0.54,1.41,0.005,0.005,0.0,0.0,0.0,0.0,439.0,460.0,58.0,420.0,0.0,170.0,21.0,1.0,1.0,1.0,200.0,0.0,0.0,,,,,,,Evans-AlTi-1994-450/420mic,0,0,0,1,0,0,0,0,229
0.067,0.57,1.4,0.005,0.005,0.0,0.0,0.0,0.0,451.0,450.0,60.0,500.0,0.0,170.0,21.0,1.0,1.0,1.0,200.0,250.0,14.0,547.0,616.0,22.6,75.0,,,Evans-AlTi-1994-450/500,0,0,0,1,0,0,0,0,205
0.067,0.57,1.4,0.005,0.005,0.0,0.0,0.0,0.0,451.0,450.0,60.0,500.0,0.0,170.0,21.0,1.0,1.0,1.0,200.0,0.0,0.0,,,,,-76.0,28.0,Evans-AlTi-1994-450/500ch1,0,0,0,1,0,0,0,0,205
0.067,0.57,1.4,0.005,0.005,0.0,0.0,0.0,0.0,451.0,450.0,60.0,500.0,0.0,170.0,21.0,1.0,1.0,1.0,200.0,0.0,0.0,,,,,-44.0,100.0,Evans-AlTi-1994-450/500ch2,0,0,0,1,0,0,0,0,205
0.067,0.57,1.4,0.005,0.005,0.0,0.0,0.0,0.0,451.0,450.0,60.0,500.0,0.0,170.0,21.0,1.0,1.0,1.0,200.0,0.0,0.0,,,,,,,Evans-AlTi-1994-450/500mic,0,0,0,1,0,0,0,0,205
0.088,0.17,1.03,0.007,0.013,0.0,9.1,1.01,0.23,604.0,0.0,460.0,37.5,530.0,180.0,34.0,1.0,1.0,1.0,175.0,750.0,8.0,574.0,723.0,17.1,59.1,,,Evans-B/9Cr1Mo-1994-CM58,0,0,0,1,0,0,0,0,449
0.088,0.17,1.03,0.007,0.013,0.0,9.1,1.01,0.23,604.0,0.0,460.0,37.5,530.0,180.0,34.0,1.0,1.0,1.0,175.0,750.0,8.0,,,,,-30.0,28.0,Evans-B/9Cr1Mo-1994-CM58,0,0,0,1,0,0,0,0,449
0.088,0.17,1.03,0.007,0.013,0.0,9.1,1.01,0.23,604.0,0.0,460.0,37.5,530.0,180.0,34.0,1.0,1.0,1.0,175.0,750.0,8.0,,,,,-17.0,50.0,Evans-B/9Cr1Mo-1994-CM58,0,0,0,1,0,0,0,0,449
0.088,0.17,1.03,0.007,0.013,0.0,9.1,1.01,0.23,604.0,0.0,460.0,37.5,530.0,180.0,34.0,1.0,1.0,1.0,175.0,750.0,8.0,,,,,12.0,100.0,Evans-B/9Cr1Mo-1994-CM58,0,0,0,1,0,0,0,0,449
0.091,0.2,1.04,0.007,0.013,0.0,9.02,1.01,0.24,591.0,0.0,480.0,37.5,620.0,180.0,34.0,1.0,1.0,1.0,175.0,750.0,8.0,642.0,778.0,16.8,59.8,,,Evans-B/9Cr1Mo-1994-CM59,0,0,0,1,0,0,0,0,486
0.091,0.2,1.04,0.007,0.013,0.0,9.02,1.01,0.24,591.0,0.0,480.0,37.5,620.0,180.0,34.0,1.0,1.0,1.0,175.0,750.0,8.0,,,,,-13.0,28.0,Evans-B/9Cr1Mo-1994-CM59,0,0,0,1,0,0,0,0,486
0.091,0.2,1.04,0.007,0.013,0.0,9.02,1.01,0.24,591.0,0.0,480.0,37.5,620.0,180.0,34.0,1.0,1.0,1.0,175.0,750.0,8.0,,,,,10.0,50.0,Evans-B/9Cr1Mo-1994-CM59,0,0,0,1,0,0,0,0,486
0.091,0.2,1.04,0.007,0.013,0.0,9.02,1.01,0.24,591.0,0.0,480.0,37.5,620.0,180.0,34.0,1.0,1.0,1.0,175.0,750.0,8.0,,,,,53.0,100.0,Evans-B/9Cr1Mo-1994-CM59,0,0,0,1,0,0,0,0,486
0.089,0.22,1.05,0.007,0.013,0.0,9.0,1.04,0.23,592.0,0.0,460.0,37.5,700.0,180.0,34.0,1.0,1.0,1.0,175.0,750.0,8.0,643.0,777.0,15.7,60.2,,,Evans-B/9Cr1Mo-1994-CM60,0,0,0,1,0,0,0,0,457
0.089,0.22,1.05,0.007,0.013,0.0,9.0,1.04,0.23,592.0,0.0,460.0,37.5,700.0,180.0,34.0,1.0,1.0,1.0,175.0,750.0,8.0,,,,,0.0,28.0,Evans-B/9Cr1Mo-1994-CM60,0,0,0,1,0,0,0,0,457
0.089,0.22,1.05,0.007,0.013,0.0,9.0,1.04,0.23,592.0,0.0,460.0,37.5,700.0,180.0,34.0,1.0,1.0,1.0,175.0,750.0,8.0,,,,,21.0,50.0,Evans-B/9Cr1Mo-1994-CM60,0,0,0,1,0,0,0,0,457
0.089,0.22,1.05,0.007,0.013,0.0,9.0,1.04,0.23,592.0,0.0,460.0,37.5,700.0,180.0,34.0,1.0,1.0,1.0,175.0,750.0,8.0,,,,,59.0,100.0,Evans-B/9Cr1Mo-1994-CM60,0,0,0,1,0,0,0,0,457
0.094,0.17,1.0,0.008,0.012,0.0,8.99,1.03,0.21,636.0,0.0,160.0,37.5,520.0,180.0,34.0,1.0,1.0,1.0,175.0,750.0,8.0,558.0,705.0,20.8,64.5,,,Evans-B/9Cr1Mo-1994-CM61,0,0,0,1,0,0,0,0,492
0.094,0.17,1.0,0.008,0.012,0.0,8.99,1.03,0.21,636.0,0.0,160.0,37.5,520.0,180.0,34.0,1.0,1.0,1.0,175.0,750.0,8.0,,,,,-14.0,28.0,Evans-B/9Cr1Mo-1994-CM61,0,0,0,1,0,0,0,0,492
0.094,0.17,1.0,0.008,0.012,0.0,8.99,1.03,0.21,636.0,0.0,160.0,37.5,520.0,180.0,34.0,1.0,1.0,1.0,175.0,750.0,8.0,,,,,0.0,50.0,Evans-B/9Cr1Mo-1994-CM61,0,0,0,1,0,0,0,0,492
0.094,0.17,1.0,0.008,0.012,0.0,8.99,1.03,0.21,636.0,0.0,160.0,37.5,520.0,180.0,34.0,1.0,1.0,1.0,175.0,750.0,8.0,,,,,31.0,100.0,Evans-B/9Cr1Mo-1994-CM61,0,0,0,1,0,0,0,0,492
0.086,0.2,1.01,0.007,0.012,0.0,8.9,1.01,0.21,596.0,0.0,160.0,37.5,510.0,180.0,34.0,1.0,1.0,1.0,175.0,750.0,8.0,569.0,709.0,17.4,62.7,,,Evans-B/9Cr1Mo-1994-CM62,0,0,0,1,0,0,0,0,446
0.086,0.2,1.01,0.007,0.012,0.0,8.9,1.01,0.21,596.0,0.0,160.0,37.5,510.0,180.0,34.0,1.0,1.0,1.0,175.0,750.0,8.0,,,,,-22.0,28.0,Evans-B/9Cr1Mo-1994-CM62,0,0,0,1,0,0,0,0,446
0.086,0.2,1.01,0.007,0.012,0.0,8.9,1.01,0.21,596.0,0.0,160.0,37.5,510.0,180.0,34.0,1.0,1.0,1.0,175.0,750.0,8.0,,,,,-9.0,50.0,Evans-B/9Cr1Mo-1994-CM62,0,0,0,1,0,0,0,0,446
0.086,0.2,1.01,0.007,0.012,0.0,8.9,1.01,0.21,596.0,0.0,160.0,37.5,510.0,180.0,34.0,1.0,1.0,1.0,175.0,750.0,8.0,,,,,24.0,100.0,Evans-B/9Cr1Mo-1994-CM62,0,0,0,1,0,0,0,0,446
0.086,0.2,1.04,0.008,0.013,0.0,8.98,1.01,0.22,567.0,0.0,160.0,37.5,560.0,180.0,34.0,1.0,1.0,1.0,175.0,750.0,8.0,609.0,743.0,16.9,61.9,,,Evans-B/9Cr1Mo-1994-CM63,0,0,0,1,0,0,0,0,447
0.086,0.2,1.04,0.008,0.013,0.0,8.98,1.01,0.22,567.0,0.0,160.0,37.5,560.0,180.0,34.0,1.0,1.0,1.0,175.0,750.0,8.0,,,,,-19.0,28.0,Evans-B/9Cr1Mo-1994-CM63,0,0,0,1,0,0,0,0,447
0.086,0.2,1.04,0.008,0.013,0.0,8.98,1.01,0.22,567.0,0.0,160.0,37.5,560.0,180.0,34.0,1.0,1.0,1.0,175.0,750.0,8.0,,,,,-1.0,50.0,Evans-B/9Cr1Mo-1994-CM63,0,0,0,1,0,0,0,0,447
0.086,0.2,1.04,0.008,0.013,0.0,8.98,1.01,0.22,567.0,0.0,160.0,37.5,560.0,180.0,34.0,1.0,1.0,1.0,175.0,750.0,8.0,,,,,38.0,100.0,Evans-B/9Cr1Mo-1994-CM63,0,0,0,1,0,0,0,0,447
0.088,0.24,1.06,0.007,0.013,0.0,9.08,1.0,0.23,538.0,0.0,155.0,37.5,560.0,180.0,34.0,1.0,1.0,1.0,175.0,750.0,8.0,620.0,753.0,16.8,58.8,,,Evans-B/9Cr1Mo-1994-CM64,0,0,0,1,0,0,0,0,450
0.088,0.24,1.06,0.007,0.013,0.0,9.08,1.0,0.23,538.0,0.0,155.0,37.5,560.0,180.0,34.0,1.0,1.0,1.0,175.0,750.0,8.0,,,,,8.0,28.0,Evans-B/9Cr1Mo-1994-CM64,0,0,0,1,0,0,0,0,450
0.088,0.24,1.06,0.007,0.013,0.0,9.08,1.0,0.23,538.0,0.0,155.0,37.5,560.0,180.0,34.0,1.0,1.0,1.0,175.0,750.0,8.0,,,,,32.0,50.0,Evans-B/9Cr1Mo-1994-CM64,0,0,0,1,0,0,0,0,450
0.088,0.24,1.06,0.007,0.013,0.0,9.08,1.0,0.23,538.0,0.0,155.0,37.5,560.0,180.0,34.0,1.0,1.0,1.0,175.0,750.0,8.0,,,,,-70.0,100.0,Evans-B/9Cr1Mo-1994-CM64,0,0,0,1,0,0,0,0,450
0.037,0.3,0.65,0.008,0.012,0.0,0.0,0.0,0.0,423.0,0.0,82.0,37.5,0.0,170.0,21.0,1.0,1.0,1.0,200.0,250.0,14.0,392.0,466.0,31.9,80.6,,,Evans-Cr/CMn-1989-0A-aw,0,0,0,1,0,0,0,0,12
0.037,0.3,0.65,0.008,0.012,0.0,0.0,0.0,0.0,423.0,0.0,82.0,37.5,0.0,170.0,21.0,1.0,1.0,1.0,200.0,580.0,2.0,370.0,456.0,35.2,80.6,-30.0,100.0,Evans-Cr/CMn-1989-0A-ht,0,0,0,1,0,0,0,0,12
0.037,0.3,0.65,0.008,0.012,0.0,0.0,0.0,0.0,423.0,0.0,82.0,37.5,0.0,170.0,21.0,1.0,1.0,1.0,200.0,0.0,0.0,,,,,-26.0,100.0,Evans-Cr/CMn-1989-0A-ch,0,0,0,1,0,0,0,0,12
0.037,0.31,1.03,0.007,0.014,0.0,0.0,0.0,0.0,423.0,0.0,82.0,37.5,0.0,170.0,21.0,1.0,1.0,1.0,200.0,250.0,14.0,413.0,498.0,31.2,80.6,,,Evans-Cr/CMn-1989-0B-aw,0,0,0,1,0,0,0,0,14
0.037,0.31,1.03,0.007,0.014,0.0,0.0,0.0,0.0,423.0,0.0,82.0,37.5,0.0,170.0,21.0,1.0,1.0,1.0,200.0,580.0,2.0,402.0,490.0,31.0,80.6,-44.0,100.0,Evans-Cr/CMn-1989-0B-ht,0,0,0,1,0,0,0,0,14
0.037,0.31,1.03,0.007,0.014,0.0,0.0,0.0,0.0,423.0,0.0,82.0,37.5,0.0,170.0,21.0,1.0,1.0,1.0,200.0,0.0,0.0,,,,,-47.0,100.0,Evans-Cr/CMn-1989-0B-ch,0,0,0,1,0,0,0,0,14
0.045,0.33,1.85,0.007,0.016,0.0,0.0,0.0,0.0,423.0,0.0,82.0,37.5,0.0,170.0,21.0,1.0,1.0,1.0,200.0,250.0,14.0,514.0,588.0,28.0,76.8,,,Evans-Cr/CMn-1989-0D-aw,0,0,0,1,0,0,0,0,61
0.045,0.33,1.85,0.007,0.016,0.0,0.0,0.0,0.0,423.0,0.0,82.0,37.5,0.0,170.0,21.0,1.0,1.0,1.0,200.0,580.0,2.0,479.0,576.0,27.4,76.9,-38.0,100.0,Evans-Cr/CMn-1989-0D-ht,0,0,0,1,0,0,0,0,61
0.045,0.33,1.85,0.007,0.016,0.0,0.0,0.0,0.0,423.0,0.0,82.0,37.5,0.0,170.0,21.0,1.0,1.0,1.0,200.0,0.0,0.0,,,,,-45.0,100.0,Evans-Cr/CMn-1989-0D-ch,0,0,0,1,0,0,0,0,61
0.038,0.3,0.65,0.007,0.014,0.0,0.22,0.0,0.0,423.0,0.0,82.0,37.5,0.0,170.0,21.0,1.0,1.0,1.0,200.0,250.0,14.0,422.0,496.0,30.4,78.8,,,Evans-Cr/CMn-1989-0.25A-aw,0,0,0,1,0,0,0,0,16
0.038,0.3,0.65,0.007,0.014,0.0,0.22,0.0,0.0,423.0,0.0,82.0,37.5,0.0,170.0,21.0,1.0,1.0,1.0,200.0,580.0,2.0,410.0,496.0,31.0,79.7,,,Evans-Cr/CMn-1989-0.25A-ht,0,0,0,1,0,0,0,0,16
0.041,0.32,1.01,0.008,0.013,0.0,0.24,0.0,0.0,423.0,0.0,82.0,37.5,0.0,170.0,21.0,1.0,1.0,1.0,200.0,250.0,14.0,463.0,532.0,30.0,77.8,,,Evans-Cr/CMn-1989-0.25B-aw,0,0,0,1,0,0,0,0,35
0.041,0.32,1.01,0.008,0.013,0.0,0.24,0.0,0.0,423.0,0.0,82.0,37.5,0.0,170.0,21.0,1.0,1.0,1.0,200.0,580.0,2.0,426.0,519.0,29.8,78.8,,,Evans-Cr/CMn-1989-0.25B-ht,0,0,0,1,0,0,0,0,35
0.041,0.32,1.01,0.008,0.013,0.0,0.24,0.0,0.0,423.0,0.0,82.0,37.5,0.0,170.0,21.0,1.0,1.0,1.0,200.0,0.0,0.0,,,,,,,Evans-Cr/CMn-1989-0.25B-awmic,0,0,0,1,0,0,0,0,35
0.044,0.32,1.45,0.007,0.013,0.0,0.24,0.0,0.0,423.0,0.0,82.0,37.5,0.0,170.0,21.0,1.0,1.0,1.0,200.0,250.0,14.0,500.0,575.0,28.0,78.8,,,Evans-Cr/CMn-1989-0.25C-aw,0,0,0,1,0,0,0,0,54
0.044,0.32,1.45,0.007,0.013,0.0,0.24,0.0,0.0,423.0,0.0,82.0,37.5,0.0,170.0,21.0,1.0,1.0,1.0,200.0,580.0,2.0,468.0,559.0,28.0,76.9,,,Evans-Cr/CMn-1989-0.25C-ht,0,0,0,1,0,0,0,0,54
0.043,0.31,0.95,0.007,0.01,0.0,0.53,0.0,0.0,423.0,0.0,82.0,37.5,0.0,170.0,21.0,1.0,1.0,1.0,200.0,250.0,14.0,494.0,545.0,29.6,77.0,,,Evans-Cr/CMn-1989-0.5B-aw,0,0,0,1,0,0,0,0,48
0.043,0.31,0.95,0.007,0.01,0.0,0.53,0.0,0.0,423.0,0.0,82.0,37.5,0.0,170.0,21.0,1.0,1.0,1.0,200.0,580.0,2.0,460.0,536.0,28.8,77.0,-35.0,100.0,Evans-Cr/CMn-1989-0.5B-ht,0,0,0,1,0,0,0,0,48
0.043,0.31,0.95,0.007,0.01,0.0,0.53,0.0,0.0,423.0,0.0,82.0,37.5,0.0,170.0,21.0,1.0,1.0,1.0,200.0,0.0,0.0,,,,,-45.0,100.0,Evans-Cr/CMn-1989-0.5B-ch,0,0,0,1,0,0,0,0,48
0.051,0.33,1.83,0.006,0.013,0.0,0.52,0.0,0.0,423.0,0.0,82.0,37.5,0.0,170.0,21.0,1.0,1.0,1.0,200.0,250.0,14.0,617.0,674.0,23.0,70.2,,,Evans-Cr/CMn-1989-0.5D-aw,0,0,0,1,0,0,0,0,124
0.051,0.33,1.83,0.006,0.013,0.0,0.52,0.0,0.0,423.0,0.0,82.0,37.5,0.0,170.0,21.0,1.0,1.0,1.0,200.0,580.0,2.0,570.0,650.0,24.0,68.7,-2.0,100.0,Evans-Cr/CMn-1989-0.5D-ht,0,0,0,1,0,0,0,0,124
0.051,0.33,1.83,0.006,0.013,0.0,0.52,0.0,0.0,423.0,0.0,82.0,37.5,0.0,170.0,21.0,1.0,1.0,1.0,200.0,0.0,0.0,,,,,-35.0,100.0,Evans-Cr/CMn-1989-0.5D-ch,0,0,0,1,0,0,0,0,124
0.041,0.3,0.59,0.009,0.011,0.0,1.0,0.0,0.0,423.0,0.0,82.0,37.5,0.0,170.0,21.0,1.0,1.0,1.0,200.0,250.0,14.0,472.0,531.0,25.8,77.8,,,Evans-Cr/CMn-1989-1.0A-aw,0,0,0,1,0,0,0,0,32
0.041,0.3,0.59,0.009,0.011,0.0,1.0,0.0,0.0,423.0,0.0,82.0,37.5,0.0,170.0,21.0,1.0,1.0,1.0,200.0,580.0,2.0,427.0,514.0,29.2,77.9,-12.0,100.0,Evans-Cr/CMn-1989-1.0A-ht,0,0,0,1,0,0,0,0,32
0.041,0.3,0.59,0.009,0.011,0.0,1.0,0.0,0.0,423.0,0.0,82.0,37.5,0.0,170.0,21.0,1.0,1.0,1.0,200.0,0.0,0.0,,,,,-10.0,100.0,Evans-Cr/CMn-1989-1.0A-ch,0,0,0,1,0,0,0,0,32
0.048,0.33,1.37,0.008,0.013,0.0,1.08,0.0,0.0,423.0,0.0,82.0,37.5,0.0,170.0,21.0,1.0,1.0,1.0,200.0,250.0,14.0,626.0,676.0,24.4,70.9,,,Evans-Cr/CMn-1989-1.0C-aw,0,0,0,1,0,0,0,0,80
0.048,0.33,1.37,0.008,0.013,0.0,1.08,0.0,0.0,423.0,0.0,82.0,37.5,0.0,170.0,21.0,1.0,1.0,1.0,200.0,580.0,2.0,548.0,630.0,26.0,72.0,-17.0,100.0,Evans-Cr/CMn-1989-1.0C-ht,0,0,0,1,0,0,0,0,80
0.048,0.33,1.37,0.008,0.013,0.0,1.08,0.0,0.0,423.0,0.0,82.0,37.5,0.0,170.0,21.0,1.0,1.0,1.0,200.0,0.0,0.0,,,,,-40.0,100.0,Evans-Cr/CMn-1989-1.0C-ch,0,0,0,1,0,0,0,0,80
0.052,0.33,1.81,0.007,0.013,0.0,1.1,0.0,0.0,423.0,0.0,82.0,37.5,0.0,170.0,21.0,1.0,1.0,1.0,200.0,250.0,14.0,692.0,723.0,21.6,70.9,,,Evans-Cr/CMn-1989-1.0D-aw,0,0,0,1,0,0,0,0,128
0.052,0.33,1.81,0.007,0.013,0.0,1.1,0.0,0.0,423.0,0.0,82.0,37.5,0.0,170.0,21.0,1.0,1.0,1.0,200.0,580.0,2.0,592.0,671.0,22.8,72.0,28.0,100.0,Evans-Cr/CMn-1989-1.0D-ht,0,0,0,1,0,0,0,0,128
0.052,0.33,1.81,0.007,0.013,0.0,1.1,0.0,0.0,423.0,0.0,82.0,37.5,0.0,170.0,21.0,1.0,1.0,1.0,200.0,0.0,0.0,,,,,-28.0,100.0,Evans-Cr/CMn-1989-1.0D-ch,0,0,0,1,0,0,0,0,128
0.041,0.27,0.59,0.009,0.011,0.0,2.34,0.0,0.0,423.0,0.0,82.0,37.5,0.0,170.0,21.0,1.0,1.0,1.0,200.0,250.0,14.0,587.0,652.0,21.4,72.0,,,Evans-Cr/CMn-1989-2.3A-aw,0,0,0,1,0,0,0,0,31
0.041,0.27,0.59,0.009,0.011,0.0,2.34,0.0,0.0,423.0,0.0,82.0,37.5,0.0,170.0,21.0,1.0,1.0,1.0,200.0,580.0,2.0,534.0,619.0,22.0,75.0,0.0,100.0,Evans-Cr/CMn-1989-2.3A-ht,0,0,0,1,0,0,0,0,31
0.041,0.27,0.59,0.009,0.011,0.0,2.34,0.0,0.0,423.0,0.0,82.0,37.5,0.0,170.0,21.0,1.0,1.0,1.0,200.0,0.0,0.0,,,,,9.0,100.0,Evans-Cr/CMn-1989-2.3A-ch,0,0,0,1,0,0,0,0,31
0.046,0.3,0.93,0.008,0.012,0.0,2.38,0.0,0.0,423.0,0.0,82.0,37.5,0.0,170.0,21.0,1.0,1.0,1.0,200.0,250.0,14.0,655.0,722.0,19.6,67.5,,,Evans-Cr/CMn-1989-2.3B-aw,0,0,0,1,0,0,0,0,64
0.046,0.3,0.93,0.008,0.012,0.0,2.38,0.0,0.0,423.0,0.0,82.0,37.5,0.0,170.0,21.0,1.0,1.0,1.0,200.0,580.0,2.0,605.0,683.0,19.8,71.9,-3.0,100.0,Evans-Cr/CMn-1989-2.3B-ht,0,0,0,1,0,0,0,0,64
0.046,0.3,0.93,0.008,0.012,0.0,2.38,0.0,0.0,423.0,0.0,82.0,37.5,0.0,170.0,21.0,1.0,1.0,1.0,200.0,0.0,0.0,,,,,16.0,100.0,Evans-Cr/CMn-1989-2.3B-ch,0,0,0,1,0,0,0,0,64
0.05,0.31,1.29,0.008,0.011,0.0,2.32,0.0,0.0,423.0,0.0,82.0,37.5,0.0,170.0,21.0,1.0,1.0,1.0,200.0,250.0,14.0,738.0,789.0,20.0,67.0,,,Evans-Cr/CMn-1989-2.3C-aw,0,0,0,1,0,0,0,0,105
0.05,0.31,1.29,0.008,0.011,0.0,2.32,0.0,0.0,423.0,0.0,82.0,37.5,0.0,170.0,21.0,1.0,1.0,1.0,200.0,580.0,2.0,662.0,731.0,18.6,68.7,28.0,100.0,Evans-Cr/CMn-1989-2.3C-ht,0,0,0,1,0,0,0,0,105
0.05,0.31,1.29,0.008,0.011,0.0,2.32,0.0,0.0,423.0,0.0,82.0,37.5,0.0,170.0,21.0,1.0,1.0,1.0,200.0,0.0,0.0,,,,,9.0,100.0,Evans-Cr/CMn-1989-2.3C-ch,0,0,0,1,0,0,0,0,105
0.054,0.33,1.72,0.007,0.014,0.0,2.36,0.0,0.0,423.0,0.0,82.0,37.5,0.0,170.0,21.0,1.0,1.0,1.0,200.0,250.0,14.0,808.0,865.0,18.2,65.2,,,Evans-Cr/CMn-1989-2.3D-aw,0,0,0,1,0,0,0,0,133
0.054,0.33,1.72,0.007,0.014,0.0,2.36,0.0,0.0,423.0,0.0,82.0,37.5,0.0,170.0,21.0,1.0,1.0,1.0,200.0,580.0,2.0,697.0,757.0,19.6,69.7,,,Evans-Cr/CMn-1989-2.3D-ht,0,0,0,1,0,0,0,0,133
0.054,0.33,1.72,0.007,0.014,0.0,2.36,0.0,0.0,423.0,0.0,82.0,37.5,0.0,170.0,21.0,1.0,1.0,1.0,200.0,0.0,0.0,,,,,24.0,100.0,Evans-Cr/CMn-1989-2.3D-ch,0,0,0,1,0,0,0,0,133
0.069,0.3,1.36,0.007,0.009,0.0,0.0,0.0,0.0,432.0,37.0,67.0,2.0,2.0,170.0,21.0,1.0,1.0,1.0,200.0,250.0,14.0,468.0,529.0,32.6,80.7,,,Evans-Al/CMn-1990-<5aw,0,0,0,1,0,0,0,0,219
0.069,0.3,1.36,0.007,0.009,0.0,0.0,0.0,0.0,432.0,37.0,67.0,2.0,2.0,170.0,21.0,1.0,1.0,1.0,200.0,0.0,0.0,,,,,-99.0,28.0,Evans-Al/CMn-1990-<5awch1,0,0,0,1,0,0,0,0,219
0.069,0.3,1.36,0.007,0.009,0.0,0.0,0.0,0.0,432.0,37.0,67.0,2.0,2.0,170.0,21.0,1.0,1.0,1.0,200.0,0.0,0.0,,,,,-72.0,100.0,Evans-Al/CMn-1990-<5awch2,0,0,0,1,0,0,0,0,219
0.069,0.3,1.36,0.007,0.009,0.0,0.0,0.0,0.0,432.0,37.0,67.0,2.0,2.0,170.0,21.0,1.0,1.0,1.0,200.0,0.0,0.0,,,,,,,Evans-Al/CMn-1990-<5aw,0,0,0,1,0,0,0,0,219
0.069,0.3,1.36,0.007,0.009,0.0,0.0,0.0,0.0,432.0,37.0,67.0,2.0,2.0,170.0,21.0,1.0,1.0,1.0,200.0,580.0,2.0,393.0,500.0,31.8,77.0,,,Evans-Al/CMn-1990-<5ht,0,0,0,1,0,0,0,0,219
0.069,0.3,1.36,0.007,0.009,0.0,0.0,0.0,0.0,432.0,37.0,67.0,2.0,2.0,170.0,21.0,1.0,1.0,1.0,200.0,580.0,2.0,,,,,-100.0,28.0,Evans-Al/CMn-1990-<5htch1,0,0,0,1,0,0,0,0,219
0.069,0.3,1.36,0.007,0.009,0.0,0.0,0.0,0.0,432.0,37.0,67.0,2.0,2.0,170.0,21.0,1.0,1.0,1.0,200.0,580.0,2.0,,,,,-78.0,100.0,Evans-Al/CMn-1990-<5htch2,0,0,0,1,0,0,0,0,219
0.073,0.33,1.39,0.007,0.008,0.0,0.0,0.0,0.0,427.0,39.0,66.0,20.0,2.0,170.0,21.0,1.0,1.0,1.0,200.0,250.0,14.0,475.0,536.0,33.4,80.7,,,Evans-Al/CMn-1990-20aw,0,0,0,1,0,0,0,0,283
0.073,0.33,1.39,0.007,0.008,0.0,0.0,0.0,0.0,427.0,39.0,66.0,20.0,2.0,170.0,21.0,1.0,1.0,1.0,200.0,0.0,0.0,,,,,-95.0,28.0,Evans-Al/CMn-1990-20awch1,0,0,0,1,0,0,0,0,283
0.073,0.33,1.39,0.007,0.008,0.0,0.0,0.0,0.0,427.0,39.0,66.0,20.0,2.0,170.0,21.0,1.0,1.0,1.0,200.0,0.0,0.0,,,,,-70.0,100.0,Evans-Al/CMn-1990-20awch2,0,0,0,1,0,0,0,0,283
0.073,0.33,1.39,0.007,0.008,0.0,0.0,0.0,0.0,427.0,39.0,66.0,20.0,2.0,170.0,21.0,1.0,1.0,1.0,200.0,580.0,2.0,387.0,493.0,32.5,80.7,,,Evans-Al/CMn-1990-20ht,0,0,0,1,0,0,0,0,283
0.073,0.33,1.39,0.007,0.008,0.0,0.0,0.0,0.0,427.0,39.0,66.0,20.0,2.0,170.0,21.0,1.0,1.0,1.0,200.0,580.0,2.0,,,,,-78.0,100.0,Evans-Al/CMn-1990-20htch2,0,0,0,1,0,0,0,0,283
0.078,0.32,1.39,0.007,0.009,0.0,0.0,0.0,0.0,436.0,42.0,66.0,44.0,2.0,170.0,21.0,1.0,1.0,1.0,200.0,250.0,14.0,478.0,541.0,30.4,78.9,,,Evans-Al/CMn-1990-44aw,0,0,0,1,0,0,0,0,391
0.078,0.32,1.39,0.007,0.009,0.0,0.0,0.0,0.0,436.0,42.0,66.0,44.0,2.0,170.0,21.0,1.0,1.0,1.0,200.0,0.0,0.0,,,,,-88.0,28.0,Evans-Al/CMn-1990-44awch1,0,0,0,1,0,0,0,0,391
0.078,0.32,1.39,0.007,0.009,0.0,0.0,0.0,0.0,436.0,42.0,66.0,44.0,2.0,170.0,21.0,1.0,1.0,1.0,200.0,0.0,0.0,,,,,-60.0,100.0,Evans-Al/CMn-1990-44awch2,0,0,0,1,0,0,0,0,391
0.078,0.32,1.39,0.007,0.009,0.0,0.0,0.0,0.0,436.0,42.0,66.0,44.0,2.0,170.0,21.0,1.0,1.0,1.0,200.0,580.0,2.0,398.0,499.0,32.8,80.7,,,Evans-Al/CMn-1990-44ht,0,0,0,1,0,0,0,0,391
0.078,0.32,1.39,0.007,0.009,0.0,0.0,0.0,0.0,436.0,42.0,66.0,44.0,2.0,170.0,21.0,1.0,1.0,1.0,200.0,580.0,2.0,,,,,-94.0,28.0,Evans-Al/CMn-1990-44htch1,0,0,0,1,0,0,0,0,391
0.078,0.32,1.39,0.007,0.009,0.0,0.0,0.0,0.0,436.0,42.0,66.0,44.0,2.0,170.0,21.0,1.0,1.0,1.0,200.0,580.0,2.0,,,,,-75.0,100.0,Evans-Al/CMn-1990-44htch2,0,0,0,1,0,0,0,0,391
0.08,0.33,1.41,0.006,0.009,0.0,0.0,0.0,0.0,432.0,43.0,61.0,78.0,2.0,170.0,21.0,1.0,1.0,1.0,200.0,250.0,14.0,478.0,540.0,31.2,80.7,,,Evans-Al/CMn-1990-78aw,0,0,0,1,0,0,0,0,420
0.08,0.33,1.41,0.006,0.009,0.0,0.0,0.0,0.0,432.0,43.0,61.0,78.0,2.0,170.0,21.0,1.0,1.0,1.0,200.0,0.0,0.0,,,,,-77.0,28.0,Evans-Al/CMn-1990-78awch1,0,0,0,1,0,0,0,0,420
0.08,0.33,1.41,0.006,0.009,0.0,0.0,0.0,0.0,432.0,43.0,61.0,78.0,2.0,170.0,21.0,1.0,1.0,1.0,200.0,0.0,0.0,,,,,-55.0,100.0,Evans-Al/CMn-1990-78awch2,0,0,0,1,0,0,0,0,420
0.08,0.33,1.41,0.006,0.009,0.0,0.0,0.0,0.0,432.0,43.0,61.0,78.0,2.0,170.0,21.0,1.0,1.0,1.0,200.0,0.0,0.0,,,,,,,Evans-Al/CMn-1990-78aw,0,0,0,1,0,0,0,0,420
0.08,0.33,1.41,0.006,0.009,0.0,0.0,0.0,0.0,432.0,43.0,61.0,78.0,2.0,170.0,21.0,1.0,1.0,1.0,200.0,580.0,2.0,391.0,504.0,31.8,78.9,,,Evans-Al/CMn-1990-78ht,0,0,0,1,0,0,0,0,420
0.08,0.33,1.41,0.006,0.009,0.0,0.0,0.0,0.0,432.0,43.0,61.0,78.0,2.0,170.0,21.0,1.0,1.0,1.0,200.0,580.0,2.0,,,,,-89.0,28.0,Evans-Al/CMn-1990-78htch1,0,0,0,1,0,0,0,0,420
0.08,0.33,1.41,0.006,0.009,0.0,0.0,0.0,0.0,432.0,43.0,61.0,78.0,2.0,170.0,21.0,1.0,1.0,1.0,200.0,580.0,2.0,,,,,-68.0,100.0,Evans-Al/CMn-1990-78htch2,0,0,0,1,0,0,0,0,420
0.08,0.37,1.42,0.006,0.009,0.0,0.0,0.0,0.0,439.0,43.0,54.0,120.0,2.0,170.0,21.0,1.0,1.0,1.0,200.0,250.0,14.0,480.0,543.0,29.0,78.9,,,Evans-Al/CMn-1990-120aw,0,0,0,1,0,0,0,0,424
0.08,0.37,1.42,0.006,0.009,0.0,0.0,0.0,0.0,439.0,43.0,54.0,120.0,2.0,170.0,21.0,1.0,1.0,1.0,200.0,0.0,0.0,,,,,-86.0,28.0,Evans-Al/CMn-1990-120awch1,0,0,0,1,0,0,0,0,424
0.08,0.37,1.42,0.006,0.009,0.0,0.0,0.0,0.0,439.0,43.0,54.0,120.0,2.0,170.0,21.0,1.0,1.0,1.0,200.0,0.0,0.0,,,,,-28.0,100.0,Evans-Al/CMn-1990-120awch2,0,0,0,1,0,0,0,0,424
0.08,0.37,1.42,0.006,0.009,0.0,0.0,0.0,0.0,439.0,43.0,54.0,120.0,2.0,170.0,21.0,1.0,1.0,1.0,200.0,580.0,2.0,397.0,518.0,31.0,79.8,,,Evans-Al/CMn-1990-120ht,0,0,0,1,0,0,0,0,424
0.08,0.37,1.42,0.006,0.009,0.0,0.0,0.0,0.0,439.0,43.0,54.0,120.0,2.0,170.0,21.0,1.0,1.0,1.0,200.0,580.0,2.0,,,,,-91.0,28.0,Evans-Al/CMn-1990-120htch1,0,0,0,1,0,0,0,0,424
0.08,0.37,1.42,0.006,0.009,0.0,0.0,0.0,0.0,439.0,43.0,54.0,120.0,2.0,170.0,21.0,1.0,1.0,1.0,200.0,580.0,2.0,,,,,-69.0,100.0,Evans-Al/CMn-1990-120htch2,0,0,0,1,0,0,0,0,424
0.076,0.37,1.36,0.005,0.009,0.0,0.0,0.0,0.0,422.0,36.0,54.0,190.0,2.0,170.0,21.0,1.0,1.0,1.0,200.0,250.0,14.0,485.0,549.0,31.4,79.8,,,Evans-Al/CMn-1990-190aw,0,0,0,1,0,0,0,0,359
0.076,0.37,1.36,0.005,0.009,0.0,0.0,0.0,0.0,422.0,36.0,54.0,190.0,2.0,170.0,21.0,1.0,1.0,1.0,200.0,0.0,0.0,,,,,-86.0,28.0,Evans-Al/CMn-1990-190awch1,0,0,0,1,0,0,0,0,359
0.076,0.37,1.36,0.005,0.009,0.0,0.0,0.0,0.0,422.0,36.0,54.0,190.0,2.0,170.0,21.0,1.0,1.0,1.0,200.0,0.0,0.0,,,,,-58.0,100.0,Evans-Al/CMn-1990-190awch2,0,0,0,1,0,0,0,0,359
0.076,0.37,1.36,0.005,0.009,0.0,0.0,0.0,0.0,422.0,36.0,54.0,190.0,2.0,170.0,21.0,1.0,1.0,1.0,200.0,0.0,0.0,,,,,,,Evans-Al/CMn-1990-190aw,0,0,0,1,0,0,0,0,359
0.076,0.37,1.36,0.005,0.009,0.0,0.0,0.0,0.0,422.0,36.0,54.0,190.0,2.0,170.0,21.0,1.0,1.0,1.0,200.0,580.0,2.0,403.0,519.0,29.1,78.9,,,Evans-Al/CMn-1990-190ht,0,0,0,1,0,0,0,0,359
0.076,0.37,1.36,0.005,0.009,0.0,0.0,0.0,0.0,422.0,36.0,54.0,190.0,2.0,170.0,21.0,1.0,1.0,1.0,200.0,580.0,2.0,,,,,-92.0,28.0,Evans-Al/CMn-1990-190htch1,0,0,0,1,0,0,0,0,359
0.076,0.37,1.36,0.005,0.009,0.0,0.0,0.0,0.0,422.0,36.0,54.0,190.0,2.0,170.0,21.0,1.0,1.0,1.0,200.0,580.0,2.0,,,,,-74.0,100.0,Evans-Al/CMn-1990-190htch2,0,0,0,1,0,0,0,0,359
0.078,0.44,1.31,0.005,0.008,0.0,0.0,0.0,0.0,431.0,36.0,52.0,340.0,2.0,170.0,21.0,1.0,1.0,1.0,200.0,250.0,14.0,491.0,564.0,28.2,78.9,,,Evans-Al/CMn-1990-340aw,0,0,0,1,0,0,0,0,397
0.078,0.44,1.31,0.005,0.008,0.0,0.0,0.0,0.0,431.0,36.0,52.0,340.0,2.0,170.0,21.0,1.0,1.0,1.0,200.0,0.0,0.0,,,,,-88.0,28.0,Evans-Al/CMn-1990-340awch1,0,0,0,1,0,0,0,0,397
0.078,0.44,1.31,0.005,0.008,0.0,0.0,0.0,0.0,431.0,36.0,52.0,340.0,2.0,170.0,21.0,1.0,1.0,1.0,200.0,0.0,0.0,,,,,-63.0,100.0,Evans-Al/CMn-1990-340awch2,0,0,0,1,0,0,0,0,397
0.078,0.44,1.31,0.005,0.008,0.0,0.0,0.0,0.0,431.0,36.0,52.0,340.0,2.0,170.0,21.0,1.0,1.0,1.0,200.0,0.0,0.0,,,,,,,Evans-Al/CMn-1990-340aw,0,0,0,1,0,0,0,0,397
0.078,0.44,1.31,0.005,0.008,0.0,0.0,0.0,0.0,431.0,36.0,52.0,340.0,2.0,170.0,21.0,1.0,1.0,1.0,200.0,580.0,2.0,409.0,528.0,31.0,78.9,,,Evans-Al/CMn-1990-340ht,0,0,0,1,0,0,0,0,397
0.078,0.44,1.31,0.005,0.008,0.0,0.0,0.0,0.0,431.0,36.0,52.0,340.0,2.0,170.0,21.0,1.0,1.0,1.0,200.0,580.0,2.0,,,,,-90.0,28.0,Evans-Al/CMn-1990-340htch1,0,0,0,1,0,0,0,0,397
0.078,0.44,1.31,0.005,0.008,0.0,0.0,0.0,0.0,431.0,36.0,52.0,340.0,2.0,170.0,21.0,1.0,1.0,1.0,200.0,580.0,2.0,,,,,-74.0,100.0,Evans-Al/CMn-1990-340htch2,0,0,0,1,0,0,0,0,397
0.076,0.51,1.3,0.005,0.008,0.0,0.0,0.0,0.0,423.0,43.0,50.0,490.0,2.0,170.0,21.0,1.0,1.0,1.0,200.0,250.0,14.0,485.0,560.0,25.2,78.9,,,Evans-Al/CMn-1990-490aw,0,0,0,1,0,0,0,0,362
0.076,0.51,1.3,0.005,0.008,0.0,0.0,0.0,0.0,423.0,43.0,50.0,490.0,2.0,170.0,21.0,1.0,1.0,1.0,200.0,0.0,0.0,,,,,-90.0,28.0,Evans-Al/CMn-1990-490awch1,0,0,0,1,0,0,0,0,362
0.076,0.51,1.3,0.005,0.008,0.0,0.0,0.0,0.0,423.0,43.0,50.0,490.0,2.0,170.0,21.0,1.0,1.0,1.0,200.0,0.0,0.0,,,,,-55.0,100.0,Evans-Al/CMn-1990-490awch2,0,0,0,1,0,0,0,0,362
0.076,0.51,1.3,0.005,0.008,0.0,0.0,0.0,0.0,423.0,43.0,50.0,490.0,2.0,170.0,21.0,1.0,1.0,1.0,200.0,0.0,0.0,,,,,,,Evans-Al/CMn-1990-490aw,0,0,0,1,0,0,0,0,362
0.076,0.51,1.3,0.005,0.008,0.0,0.0,0.0,0.0,423.0,43.0,50.0,490.0,2.0,170.0,21.0,1.0,1.0,1.0,200.0,580.0,2.0,417.0,528.0,29.0,78.9,,,Evans-Al/CMn-1990-490ht,0,0,0,1,0,0,0,0,362
0.076,0.51,1.3,0.005,0.008,0.0,0.0,0.0,0.0,423.0,43.0,50.0,490.0,2.0,170.0,21.0,1.0,1.0,1.0,200.0,580.0,2.0,,,,,-84.0,28.0,Evans-Al/CMn-1990-490htch1,0,0,0,1,0,0,0,0,362
0.076,0.51,1.3,0.005,0.008,0.0,0.0,0.0,0.0,423.0,43.0,50.0,490.0,2.0,170.0,21.0,1.0,1.0,1.0,200.0,580.0,2.0,,,,,-69.0,100.0,Evans-Al/CMn-1990-490htch2,0,0,0,1,0,0,0,0,362
0.073,0.35,0.64,0.005,0.004,0.0,0.0,0.0,0.0003,428.0,38.0,77.0,2.0,2.0,170.0,21.0,1.0,1.0,1.0,200.0,250.0,14.0,402.0,494.0,33.3,77.5,,,Evans-V/Mn-1991-A3aw,0,0,0,1,0,0,0,0,292
0.073,0.35,0.64,0.005,0.004,0.0,0.0,0.0,0.0003,428.0,38.0,77.0,2.0,2.0,170.0,21.0,1.0,1.0,1.0,200.0,0.0,0.0,,,,,-45.0,100.0,Evans-V/Mn-1991-A3awch,0,0,0,1,0,0,0,0,292
0.073,0.35,0.64,0.005,0.004,0.0,0.0,0.0,0.0003,428.0,38.0,77.0,2.0,2.0,170.0,21.0,1.0,1.0,1.0,200.0,580.0,2.0,329.0,447.0,36.4,80.5,-54.0,100.0,Evans-V/Mn-1991-A3ht,0,0,0,1,0,0,0,0,292
0.071,0.36,0.63,0.007,0.006,0.0,0.0,0.0,0.021,435.0,43.0,78.0,2.0,5.0,170.0,21.0,1.0,1.0,1.0,200.0,250.0,14.0,436.0,513.0,29.2,77.0,,,Evans-V/Mn-1991-A210aw,0,0,0,1,0,0,0,0,255
0.071,0.36,0.63,0.007,0.006,0.0,0.0,0.0,0.021,435.0,43.0,78.0,2.0,5.0,170.0,21.0,1.0,1.0,1.0,200.0,0.0,0.0,,,,,-43.0,100.0,Evans-V/Mn-1991-A210awch,0,0,0,1,0,0,0,0,255
0.071,0.36,0.63,0.007,0.006,0.0,0.0,0.0,0.021,435.0,43.0,78.0,2.0,5.0,170.0,21.0,1.0,1.0,1.0,200.0,580.0,2.0,398.0,481.0,30.8,76.0,-47.0,100.0,Evans-V/Mn-1991-A210ht,0,0,0,1,0,0,0,0,255
0.074,0.36,0.63,0.008,0.005,0.0,0.0,0.0,0.06,432.0,31.0,75.0,2.0,5.0,170.0,21.0,1.0,1.0,1.0,200.0,250.0,14.0,488.0,548.0,25.6,77.5,,,Evans-V/Mn-1991-A600aw,0,0,0,1,0,0,0,0,313
0.074,0.36,0.63,0.008,0.005,0.0,0.0,0.0,0.06,432.0,31.0,75.0,2.0,5.0,170.0,21.0,1.0,1.0,1.0,200.0,0.0,0.0,,,,,-42.0,100.0,Evans-V/Mn-1991-A600awch,0,0,0,1,0,0,0,0,313
0.074,0.36,0.63,0.008,0.005,0.0,0.0,0.0,0.06,432.0,31.0,75.0,2.0,5.0,170.0,21.0,1.0,1.0,1.0,200.0,580.0,2.0,458.0,547.0,25.6,76.0,-28.0,100.0,Evans-V/Mn-1991-A600ht,0,0,0,1,0,0,0,0,313
0.077,0.35,1.02,0.007,0.005,0.0,0.0,0.0,0.0004,399.0,41.0,75.0,2.0,5.0,170.0,21.0,1.0,1.0,1.0,200.0,250.0,14.0,443.0,522.0,31.1,77.0,,,Evans-V/Mn-1991-B4aw,0,0,0,1,0,0,0,0,379
0.077,0.35,1.02,0.007,0.005,0.0,0.0,0.0,0.0004,399.0,41.0,75.0,2.0,5.0,170.0,21.0,1.0,1.0,1.0,200.0,0.0,0.0,,,,,-60.0,100.0,Evans-V/Mn-1991-B4awch,0,0,0,1,0,0,0,0,379
0.077,0.35,1.02,0.007,0.005,0.0,0.0,0.0,0.0004,399.0,41.0,75.0,2.0,5.0,170.0,21.0,1.0,1.0,1.0,200.0,580.0,2.0,332.0,461.0,33.3,80.3,-80.0,100.0,Evans-V/Mn-1991-B4ht,0,0,0,1,0,0,0,0,379
0.076,0.34,1.01,0.007,0.007,0.0,0.0,0.0,0.0215,426.0,37.0,75.0,2.0,5.0,170.0,21.0,1.0,1.0,1.0,200.0,250.0,14.0,456.0,534.0,25.0,79.6,,,Evans-V/Mn-1991-B215aw,0,0,0,1,0,0,0,0,354
0.076,0.34,1.01,0.007,0.007,0.0,0.0,0.0,0.0215,426.0,37.0,75.0,2.0,5.0,170.0,21.0,1.0,1.0,1.0,200.0,0.0,0.0,,,,,-69.0,100.0,Evans-V/Mn-1991-B215awch,0,0,0,1,0,0,0,0,354
0.076,0.34,1.01,0.007,0.007,0.0,0.0,0.0,0.0215,426.0,37.0,75.0,2.0,5.0,170.0,21.0,1.0,1.0,1.0,200.0,580.0,2.0,434.0,515.0,29.8,78.9,-67.0,100.0,Evans-V/Mn-1991-B215ht,0,0,0,1,0,0,0,0,354
0.078,0.31,1.04,0.007,0.006,0.0,0.0,0.0,0.044,429.0,32.0,48.0,2.0,5.0,170.0,21.0,1.0,1.0,1.0,200.0,250.0,14.0,505.0,570.0,24.8,77.4,,,Evans-V/Mn-1991-B440aw,0,0,0,1,0,0,0,0,389
0.078,0.31,1.04,0.007,0.006,0.0,0.0,0.0,0.044,429.0,32.0,48.0,2.0,5.0,170.0,21.0,1.0,1.0,1.0,200.0,0.0,0.0,,,,,-63.0,100.0,Evans-V/Mn-1991-B440awch,0,0,0,1,0,0,0,0,389
0.078,0.31,1.04,0.007,0.006,0.0,0.0,0.0,0.044,429.0,32.0,48.0,2.0,5.0,170.0,21.0,1.0,1.0,1.0,200.0,580.0,2.0,478.0,554.0,27.2,78.0,-51.0,100.0,Evans-V/Mn-1991-B440ht,0,0,0,1,0,0,0,0,389
0.077,0.31,1.33,0.007,0.005,0.0,0.0,0.0,0.0004,419.0,38.0,80.0,2.0,6.0,170.0,21.0,1.0,1.0,1.0,200.0,250.0,14.0,463.0,541.0,27.1,75.9,,,Evans-V/Mn-1991-C4aw,0,0,0,1,0,0,0,0,372
0.077,0.31,1.33,0.007,0.005,0.0,0.0,0.0,0.0004,419.0,38.0,80.0,2.0,6.0,170.0,21.0,1.0,1.0,1.0,200.0,0.0,0.0,,,,,-68.0,100.0,Evans-V/Mn-1991-C4awch,0,0,0,1,0,0,0,0,372
0.077,0.31,1.33,0.007,0.005,0.0,0.0,0.0,0.0004,419.0,38.0,80.0,2.0,6.0,170.0,21.0,1.0,1.0,1.0,200.0,580.0,2.0,372.0,497.0,31.4,76.4,-81.0,100.0,Evans-V/Mn-1991-C4ht,0,0,0,1,0,0,0,0,372
0.077,0.26,1.36,0.007,0.007,0.0,0.0,0.0,0.0425,410.0,29.0,79.0,2.0,5.0,170.0,21.0,1.0,1.0,1.0,200.0,250.0,14.0,536.0,590.0,24.4,78.1,,,Evans-V/Mn-1991-C425aw,0,0,0,1,0,0,0,0,364
0.077,0.26,1.36,0.007,0.007,0.0,0.0,0.0,0.0425,410.0,29.0,79.0,2.0,5.0,170.0,21.0,1.0,1.0,1.0,200.0,0.0,0.0,,,,,-70.0,100.0,Evans-V/Mn-1991-C425awch,0,0,0,1,0,0,0,0,364
0.077,0.26,1.36,0.007,0.007,0.0,0.0,0.0,0.0425,410.0,29.0,79.0,2.0,5.0,170.0,21.0,1.0,1.0,1.0,200.0,580.0,2.0,526.0,594.0,26.0,76.0,-62.0,100.0,Evans-V/Mn-1991-C425ht,0,0,0,1,0,0,0,0,364
0.078,0.3,1.35,0.007,0.007,0.0,0.0,0.0,0.0595,405.0,30.0,76.0,2.0,5.0,170.0,21.0,1.0,1.0,1.0,200.0,250.0,14.0,521.0,589.0,22.6,76.0,,,Evans-V/Mn-1991-C595aw,0,0,0,1,0,0,0,0,387
0.078,0.3,1.35,0.007,0.007,0.0,0.0,0.0,0.0595,405.0,30.0,76.0,2.0,5.0,170.0,21.0,1.0,1.0,1.0,200.0,0.0,0.0,,,,,-70.0,100.0,Evans-V/Mn-1991-C595awch,0,0,0,1,0,0,0,0,387
0.078,0.3,1.35,0.007,0.007,0.0,0.0,0.0,0.0595,405.0,30.0,76.0,2.0,5.0,170.0,21.0,1.0,1.0,1.0,200.0,580.0,2.0,527.0,600.0,26.0,75.0,-60.0,100.0,Evans-V/Mn-1991-C595ht,0,0,0,1,0,0,0,0,387
0.076,0.26,1.36,0.007,0.006,0.0,0.0,0.0,0.1005,407.0,29.0,83.0,2.0,5.0,170.0,21.0,1.0,1.0,1.0,200.0,250.0,14.0,599.0,638.0,20.8,74.0,,,Evans-V/Mn-1991-C1005aw,0,0,0,1,0,0,0,0,341
0.076,0.26,1.36,0.007,0.006,0.0,0.0,0.0,0.1005,407.0,29.0,83.0,2.0,5.0,170.0,21.0,1.0,1.0,1.0,200.0,0.0,0.0,,,,,-55.0,100.0,Evans-V/Mn-1991-C1005awch,0,0,0,1,0,0,0,0,341
0.076,0.26,1.36,0.007,0.006,0.0,0.0,0.0,0.1005,407.0,29.0,83.0,2.0,5.0,170.0,21.0,1.0,1.0,1.0,200.0,580.0,2.0,574.0,642.0,22.6,73.0,-36.0,100.0,Evans-V/Mn-1991-C1005ht,0,0,0,1,0,0,0,0,341
0.076,0.29,1.74,0.008,0.006,0.0,0.0,0.0,0.0004,415.0,35.0,92.0,2.0,6.0,170.0,21.0,1.0,1.0,1.0,200.0,250.0,14.0,500.0,571.0,28.8,77.0,,,Evans-V/Mn-1991-D4aw,0,0,0,1,0,0,0,0,349
0.076,0.29,1.74,0.008,0.006,0.0,0.0,0.0,0.0004,415.0,35.0,92.0,2.0,6.0,170.0,21.0,1.0,1.0,1.0,200.0,0.0,0.0,,,,,-62.0,100.0,Evans-V/Mn-1991-D4awch,0,0,0,1,0,0,0,0,349
0.076,0.29,1.74,0.008,0.006,0.0,0.0,0.0,0.0004,415.0,35.0,92.0,2.0,6.0,170.0,21.0,1.0,1.0,1.0,200.0,580.0,2.0,414.0,518.0,29.2,78.4,-71.0,100.0,Evans-V/Mn-1991-D4ht,0,0,0,1,0,0,0,0,349
0.077,0.26,1.73,0.007,0.008,0.0,0.0,0.0,0.0235,423.0,27.0,72.0,2.0,5.0,170.0,21.0,1.0,1.0,1.0,200.0,250.0,14.0,543.0,607.0,23.2,77.0,,,Evans-V/Mn-1991-D235aw,0,0,0,1,0,0,0,0,366
0.077,0.26,1.73,0.007,0.008,0.0,0.0,0.0,0.0235,423.0,27.0,72.0,2.0,5.0,170.0,21.0,1.0,1.0,1.0,200.0,0.0,0.0,,,,,-62.0,100.0,Evans-V/Mn-1991-D235awch,0,0,0,1,0,0,0,0,366
0.077,0.26,1.73,0.007,0.008,0.0,0.0,0.0,0.0235,423.0,27.0,72.0,2.0,5.0,170.0,21.0,1.0,1.0,1.0,200.0,580.0,2.0,523.0,602.0,25.6,75.0,-59.0,100.0,Evans-V/Mn-1991-D235ht,0,0,0,1,0,0,0,0,366
0.077,0.26,1.72,0.007,0.008,0.0,0.0,0.0,0.041,423.0,25.0,74.0,2.0,5.0,170.0,21.0,1.0,1.0,1.0,200.0,250.0,14.0,578.0,617.0,21.8,75.0,,,Evans-V/Mn-1991-D410aw,0,0,0,1,0,0,0,0,365
0.077,0.26,1.72,0.007,0.008,0.0,0.0,0.0,0.041,423.0,25.0,74.0,2.0,5.0,170.0,21.0,1.0,1.0,1.0,200.0,0.0,0.0,,,,,-67.0,100.0,Evans-V/Mn-1991-D410awch,0,0,0,1,0,0,0,0,365
0.077,0.26,1.72,0.007,0.008,0.0,0.0,0.0,0.041,423.0,25.0,74.0,2.0,5.0,170.0,21.0,1.0,1.0,1.0,200.0,580.0,2.0,538.0,626.0,21.8,74.0,-55.0,100.0,Evans-V/Mn-1991-D410ht,0,0,0,1,0,0,0,0,365
0.08,0.26,1.74,0.007,0.008,0.0,0.0,0.0,0.083,411.0,25.0,90.0,2.0,5.0,170.0,21.0,1.0,1.0,1.0,200.0,250.0,14.0,639.0,681.0,19.6,71.9,,,Evans-V/Mn-1991-D830aw,0,0,0,1,0,0,0,0,412
0.08,0.26,1.74,0.007,0.008,0.0,0.0,0.0,0.083,411.0,25.0,90.0,2.0,5.0,170.0,21.0,1.0,1.0,1.0,200.0,0.0,0.0,,,,,-61.0,100.0,Evans-V/Mn-1991-D830awch,0,0,0,1,0,0,0,0,412
0.08,0.26,1.74,0.007,0.008,0.0,0.0,0.0,0.083,411.0,25.0,90.0,2.0,5.0,170.0,21.0,1.0,1.0,1.0,200.0,580.0,2.0,570.0,647.0,24.0,74.0,,,Evans-V/Mn-1991-D830ht,0,0,0,1,0,0,0,0,412
0.073,0.35,0.64,0.005,0.004,0.0,0.0,0.0,0.0003,428.0,38.0,77.0,2.0,2.0,170.0,21.0,1.0,1.0,1.0,200.0,250.0,14.0,402.0,494.0,33.3,77.5,,,Evans-Nb/Mn-1991-A<5aw,0,0,0,1,0,0,0,0,292
0.073,0.35,0.64,0.005,0.004,0.0,0.0,0.0,0.0003,428.0,38.0,77.0,2.0,2.0,170.0,21.0,1.0,1.0,1.0,200.0,0.0,0.0,,,,,-45.0,100.0,Evans-Nb/Mn-1991-A<5awch,0,0,0,1,0,0,0,0,292
0.073,0.35,0.64,0.005,0.004,0.0,0.0,0.0,0.0003,428.0,38.0,77.0,2.0,2.0,170.0,21.0,1.0,1.0,1.0,200.0,580.0,2.0,329.0,447.0,36.4,80.5,-55.0,100.0,Evans-Nb/Mn-1991-A<5ht,0,0,0,1,0,0,0,0,292
0.073,0.34,0.64,0.007,0.005,0.0,0.0,0.0,0.0003,431.0,41.0,80.0,2.0,120.0,170.0,21.0,1.0,1.0,1.0,200.0,250.0,14.0,450.0,532.0,28.0,76.0,,,Evans-Nb/Mn-1991-A120aw,0,0,0,1,0,0,0,0,285
0.073,0.34,0.64,0.007,0.005,0.0,0.0,0.0,0.0003,431.0,41.0,80.0,2.0,120.0,170.0,21.0,1.0,1.0,1.0,200.0,0.0,0.0,,,,,-33.0,100.0,Evans-Nb/Mn-1991-A120awch,0,0,0,1,0,0,0,0,285
0.073,0.34,0.64,0.007,0.005,0.0,0.0,0.0,0.0003,431.0,41.0,80.0,2.0,120.0,170.0,21.0,1.0,1.0,1.0,200.0,580.0,2.0,415.0,497.0,24.6,78.7,-38.0,100.0,Evans-Nb/Mn-1991-A120ht,0,0,0,1,0,0,0,0,285
0.075,0.33,0.62,0.007,0.005,0.0,0.0,0.0,0.0003,429.0,42.0,85.0,2.0,220.0,170.0,21.0,1.0,1.0,1.0,200.0,250.0,14.0,474.0,553.0,26.8,80.7,,,Evans-Nb/Mn-1991-A220aw,0,0,0,1,0,0,0,0,327
0.075,0.33,0.62,0.007,0.005,0.0,0.0,0.0,0.0003,429.0,42.0,85.0,2.0,220.0,170.0,21.0,1.0,1.0,1.0,200.0,0.0,0.0,,,,,-22.0,100.0,Evans-Nb/Mn-1991-A220awch,0,0,0,1,0,0,0,0,327
0.075,0.33,0.62,0.007,0.005,0.0,0.0,0.0,0.0003,429.0,42.0,85.0,2.0,220.0,170.0,21.0,1.0,1.0,1.0,200.0,580.0,2.0,451.0,539.0,24.4,78.0,-27.0,100.0,Evans-Nb/Mn-1991-A220ht,0,0,0,1,0,0,0,0,327
0.07,0.33,0.64,0.007,0.004,0.0,0.0,0.0,0.0007,413.0,42.0,85.0,2.0,450.0,170.0,21.0,1.0,1.0,1.0,200.0,250.0,14.0,522.0,580.0,25.0,76.0,,,Evans-Nb/Mn-1991-A450aw,0,0,0,1,0,0,0,0,240
0.07,0.33,0.64,0.007,0.004,0.0,0.0,0.0,0.0007,413.0,42.0,85.0,2.0,450.0,170.0,21.0,1.0,1.0,1.0,200.0,0.0,0.0,,,,,-7.0,100.0,Evans-Nb/Mn-1991-A450awch,0,0,0,1,0,0,0,0,240
0.07,0.33,0.64,0.007,0.004,0.0,0.0,0.0,0.0007,413.0,42.0,85.0,2.0,450.0,170.0,21.0,1.0,1.0,1.0,200.0,580.0,2.0,484.0,576.0,23.0,74.9,-4.0,100.0,Evans-Nb/Mn-1991-A450ht,0,0,0,1,0,0,0,0,240
0.074,0.33,0.64,0.008,0.006,0.0,0.0,0.0,0.0003,460.0,39.0,110.0,2.0,880.0,170.0,21.0,1.0,1.0,1.0,200.0,250.0,14.0,549.0,614.0,24.0,70.8,,,Evans-Nb/Mn-1991-A880aw,0,0,0,1,0,0,0,0,307
0.074,0.33,0.64,0.008,0.006,0.0,0.0,0.0,0.0003,460.0,39.0,110.0,2.0,880.0,170.0,21.0,1.0,1.0,1.0,200.0,0.0,0.0,,,,,13.0,100.0,Evans-Nb/Mn-1991-A880awch,0,0,0,1,0,0,0,0,307
0.074,0.33,0.64,0.008,0.006,0.0,0.0,0.0,0.0003,460.0,39.0,110.0,2.0,880.0,170.0,21.0,1.0,1.0,1.0,200.0,580.0,2.0,544.0,621.0,22.6,71.9,18.0,100.0,Evans-Nb/Mn-1991-A880ht,0,0,0,1,0,0,0,0,307
0.077,0.35,1.02,0.007,0.005,0.0,0.0,0.0,0.0004,399.0,41.0,75.0,2.0,2.0,170.0,21.0,1.0,1.0,1.0,200.0,250.0,14.0,443.0,522.0,31.1,77.0,,,Evans-Nb/Mn-1991-B<5aw,0,0,0,1,0,0,0,0,378
0.077,0.35,1.02,0.007,0.005,0.0,0.0,0.0,0.0004,399.0,41.0,75.0,2.0,2.0,170.0,21.0,1.0,1.0,1.0,200.0,0.0,0.0,,,,,-60.0,100.0,Evans-Nb/Mn-1991-B<5awch,0,0,0,1,0,0,0,0,378
0.077,0.35,1.02,0.007,0.005,0.0,0.0,0.0,0.0004,399.0,41.0,75.0,2.0,2.0,170.0,21.0,1.0,1.0,1.0,200.0,580.0,2.0,332.0,461.0,33.3,80.3,-80.0,100.0,Evans-Nb/Mn-1991-B<5ht,0,0,0,1,0,0,0,0,378
0.078,0.35,1.02,0.007,0.005,0.0,0.0,0.0,0.0004,368.0,36.0,83.0,2.0,120.0,170.0,21.0,1.0,1.0,1.0,200.0,250.0,14.0,480.0,557.0,25.4,75.0,,,Evans-Nb/Mn-1991-B120aw,0,0,0,1,0,0,0,0,392
0.078,0.35,1.02,0.007,0.005,0.0,0.0,0.0,0.0004,368.0,36.0,83.0,2.0,120.0,170.0,21.0,1.0,1.0,1.0,200.0,0.0,0.0,,,,,-42.0,100.0,Evans-Nb/Mn-1991-B120awch,0,0,0,1,0,0,0,0,392
0.078,0.35,1.02,0.007,0.005,0.0,0.0,0.0,0.0004,368.0,36.0,83.0,2.0,120.0,170.0,21.0,1.0,1.0,1.0,200.0,580.0,2.0,447.0,540.0,30.4,77.0,-55.0,100.0,Evans-Nb/Mn-1991-B120ht,0,0,0,1,0,0,0,0,392
0.074,0.34,1.0,0.007,0.006,0.0,0.0,0.0,0.0005,424.0,37.0,86.0,2.0,255.0,170.0,21.0,1.0,1.0,1.0,200.0,250.0,14.0,513.0,594.0,28.0,76.0,,,Evans-Nb/Mn-1991-B255aw,0,0,0,1,0,0,0,0,310
0.074,0.34,1.0,0.007,0.006,0.0,0.0,0.0,0.0005,424.0,37.0,86.0,2.0,255.0,170.0,21.0,1.0,1.0,1.0,200.0,0.0,0.0,,,,,-38.0,100.0,Evans-Nb/Mn-1991-B255awch,0,0,0,1,0,0,0,0,310
0.074,0.34,1.0,0.007,0.006,0.0,0.0,0.0,0.0005,424.0,37.0,86.0,2.0,255.0,170.0,21.0,1.0,1.0,1.0,200.0,580.0,2.0,492.0,575.0,25.2,76.0,-41.0,100.0,Evans-Nb/Mn-1991-B255ht,0,0,0,1,0,0,0,0,310
0.074,0.33,0.99,0.008,0.006,0.0,0.0,0.0,0.0004,393.0,37.0,88.0,2.0,465.0,170.0,21.0,1.0,1.0,1.0,200.0,250.0,14.0,553.0,618.0,22.8,74.0,,,Evans-Nb/Mn-1991-B465aw,0,0,0,1,0,0,0,0,308
0.074,0.33,0.99,0.008,0.006,0.0,0.0,0.0,0.0004,393.0,37.0,88.0,2.0,465.0,170.0,21.0,1.0,1.0,1.0,200.0,0.0,0.0,,,,,-11.0,100.0,Evans-Nb/Mn-1991-B465awch,0,0,0,1,0,0,0,0,308
0.074,0.33,0.99,0.008,0.006,0.0,0.0,0.0,0.0004,393.0,37.0,88.0,2.0,465.0,170.0,21.0,1.0,1.0,1.0,200.0,580.0,2.0,540.0,616.0,22.4,75.0,-20.0,100.0,Evans-Nb/Mn-1991-B465ht,0,0,0,1,0,0,0,0,308
0.077,0.31,1.33,0.007,0.005,0.0,0.0,0.0,0.0004,419.0,38.0,80.0,2.0,6.0,170.0,21.0,1.0,1.0,1.0,200.0,250.0,14.0,463.0,541.0,27.1,75.9,,,Evans-Nb/Mn-1991-C<6aw,0,0,0,1,0,0,0,0,372
0.077,0.31,1.33,0.007,0.005,0.0,0.0,0.0,0.0004,419.0,38.0,80.0,2.0,6.0,170.0,21.0,1.0,1.0,1.0,200.0,0.0,0.0,,,,,-67.0,100.0,Evans-Nb/Mn-1991-C<6awch,0,0,0,1,0,0,0,0,372
0.077,0.31,1.33,0.007,0.005,0.0,0.0,0.0,0.0004,419.0,38.0,80.0,2.0,6.0,170.0,21.0,1.0,1.0,1.0,200.0,580.0,2.0,372.0,497.0,31.4,76.4,-81.0,100.0,Evans-Nb/Mn-1991-C<6ht,0,0,0,1,0,0,0,0,372
0.079,0.33,1.37,0.007,0.006,0.0,0.0,0.0,0.0004,417.0,34.0,97.0,2.0,105.0,170.0,21.0,1.0,1.0,1.0,200.0,250.0,14.0,505.0,586.0,25.8,77.9,,,Evans-Nb/Mn-1991-C105aw,0,0,0,1,0,0,0,0,402
0.079,0.33,1.37,0.007,0.006,0.0,0.0,0.0,0.0004,417.0,34.0,97.0,2.0,105.0,170.0,21.0,1.0,1.0,1.0,200.0,0.0,0.0,,,,,-55.0,100.0,Evans-Nb/Mn-1991-C105awch,0,0,0,1,0,0,0,0,402
0.079,0.33,1.37,0.007,0.006,0.0,0.0,0.0,0.0004,417.0,34.0,97.0,2.0,105.0,170.0,21.0,1.0,1.0,1.0,200.0,580.0,2.0,500.0,578.0,24.8,76.0,-61.0,100.0,Evans-Nb/Mn-1991-C105ht,0,0,0,1,0,0,0,0,402
0.076,0.3,1.36,0.008,0.006,0.0,0.0,0.0,0.0004,370.0,33.0,84.0,2.0,235.0,170.0,21.0,1.0,1.0,1.0,200.0,250.0,14.0,540.0,597.0,26.4,76.0,,,Evans-Nb/Mn-1991-C235aw,0,0,0,1,0,0,0,0,351
0.076,0.3,1.36,0.008,0.006,0.0,0.0,0.0,0.0004,370.0,33.0,84.0,2.0,235.0,170.0,21.0,1.0,1.0,1.0,200.0,0.0,0.0,,,,,-45.0,100.0,Evans-Nb/Mn-1991-C235awch,0,0,0,1,0,0,0,0,351
0.076,0.3,1.36,0.008,0.006,0.0,0.0,0.0,0.0004,370.0,33.0,84.0,2.0,235.0,170.0,21.0,1.0,1.0,1.0,200.0,580.0,2.0,539.0,607.0,25.0,76.0,-41.0,100.0,Evans-Nb/Mn-1991-C235ht,0,0,0,1,0,0,0,0,351
0.076,0.3,1.36,0.006,0.007,0.0,0.0,0.0,0.0005,432.0,33.0,91.0,2.0,940.0,170.0,21.0,1.0,1.0,1.0,200.0,250.0,14.0,610.0,685.0,20.6,71.9,,,Evans-Nb/Mn-1991-C940aw,0,0,0,1,0,0,0,0,350
0.076,0.3,1.36,0.006,0.007,0.0,0.0,0.0,0.0005,432.0,33.0,91.0,2.0,940.0,170.0,21.0,1.0,1.0,1.0,200.0,0.0,0.0,,,,,-1.0,100.0,Evans-Nb/Mn-1991-C940awch,0,0,0,1,0,0,0,0,350
0.076,0.3,1.36,0.006,0.007,0.0,0.0,0.0,0.0005,432.0,33.0,91.0,2.0,940.0,170.0,21.0,1.0,1.0,1.0,200.0,580.0,2.0,614.0,686.0,19.0,70.8,7.0,100.0,Evans-Nb/Mn-1991-C940ht,0,0,0,1,0,0,0,0,350
0.076,0.29,1.74,0.008,0.006,0.0,0.0,0.0,0.0004,415.0,35.0,92.0,2.0,3.0,170.0,21.0,1.0,1.0,1.0,200.0,250.0,14.0,500.0,571.0,28.8,77.0,,,Evans-Nb/Mn-1991-D<5aw,0,0,0,1,0,0,0,0,348
0.076,0.29,1.74,0.008,0.006,0.0,0.0,0.0,0.0004,415.0,35.0,92.0,2.0,3.0,170.0,21.0,1.0,1.0,1.0,200.0,0.0,0.0,,,,,-62.0,100.0,Evans-Nb/Mn-1991-D<5awch,0,0,0,1,0,0,0,0,348
0.076,0.29,1.74,0.008,0.006,0.0,0.0,0.0,0.0004,415.0,35.0,92.0,2.0,3.0,170.0,21.0,1.0,1.0,1.0,200.0,580.0,2.0,414.0,518.0,29.2,78.4,-71.0,100.0,Evans-Nb/Mn-1991-D<5ht,0,0,0,1,0,0,0,0,348
0.077,0.32,1.77,0.007,0.006,0.0,0.0,0.0,0.0004,418.0,31.0,89.0,2.0,125.0,170.0,21.0,1.0,1.0,1.0,200.0,250.0,14.0,540.0,614.0,22.0,75.9,,,Evans-Nb/Mn-1991-D125aw,0,0,0,1,0,0,0,0,376
0.077,0.32,1.77,0.007,0.006,0.0,0.0,0.0,0.0004,418.0,31.0,89.0,2.0,125.0,170.0,21.0,1.0,1.0,1.0,200.0,0.0,0.0,,,,,-54.0,100.0,Evans-Nb/Mn-1991-D125awch,0,0,0,1,0,0,0,0,376
0.077,0.32,1.77,0.007,0.006,0.0,0.0,0.0,0.0004,418.0,31.0,89.0,2.0,125.0,170.0,21.0,1.0,1.0,1.0,200.0,580.0,2.0,524.0,605.0,24.4,74.0,-61.0,100.0,Evans-Nb/Mn-1991-D125ht,0,0,0,1,0,0,0,0,376
0.078,0.3,1.76,0.007,0.007,0.0,0.0,0.0,0.0004,433.0,32.0,110.0,2.0,230.0,170.0,21.0,1.0,1.0,1.0,200.0,250.0,14.0,575.0,635.0,22.6,74.0,,,Evans-Nb/Mn-1991-D230aw,0,0,0,1,0,0,0,0,388
0.078,0.3,1.76,0.007,0.007,0.0,0.0,0.0,0.0004,433.0,32.0,110.0,2.0,230.0,170.0,21.0,1.0,1.0,1.0,200.0,0.0,0.0,,,,,-42.0,100.0,Evans-Nb/Mn-1991-D230awch,0,0,0,1,0,0,0,0,388
0.078,0.3,1.76,0.007,0.007,0.0,0.0,0.0,0.0004,433.0,32.0,110.0,2.0,230.0,170.0,21.0,1.0,1.0,1.0,200.0,580.0,2.0,553.0,627.0,22.0,76.8,-31.0,100.0,Evans-Nb/Mn-1991-D230ht,0,0,0,1,0,0,0,0,388
0.077,0.29,1.77,0.008,0.009,0.0,0.0,0.0,0.0004,432.0,31.0,97.0,2.0,450.0,170.0,21.0,1.0,1.0,1.0,200.0,250.0,14.0,606.0,660.0,22.0,74.0,,,Evans-Nb/Mn-1991-D450aw,0,0,0,1,0,0,0,0,370
0.077,0.29,1.77,0.008,0.009,0.0,0.0,0.0,0.0004,432.0,31.0,97.0,2.0,450.0,170.0,21.0,1.0,1.0,1.0,200.0,0.0,0.0,,,,,-26.0,100.0,Evans-Nb/Mn-1991-D450awch,0,0,0,1,0,0,0,0,370
0.077,0.29,1.77,0.008,0.009,0.0,0.0,0.0,0.0004,432.0,31.0,97.0,2.0,450.0,170.0,21.0,1.0,1.0,1.0,200.0,580.0,2.0,577.0,661.0,21.6,71.9,-15.0,100.0,Evans-Nb/Mn-1991-D450ht,0,0,0,1,0,0,0,0,370
0.062,0.22,1.17,0.007,0.006,0.0,0.0,0.0,0.0,330.0,0.0,120.0,37.5,0.0,180.0,34.0,0.0,0.0,2.0,200.0,250.0,14.0,427.0,512.0,31.4,81.5,,,Evans-FelowH-1991-UF.05a,0,0,0,1,0,0,0,0,170
0.06,0.25,1.19,0.008,0.007,0.0,0.0,0.0,0.0,353.0,0.0,110.0,37.5,0.0,180.0,34.0,0.0,0.0,2.0,200.0,250.0,14.0,443.0,508.0,30.4,82.4,,,Evans-FelowH-1991-UF.25a,0,0,0,1,0,0,0,0,153
0.062,0.31,1.24,0.008,0.008,0.0,0.0,0.0,0.0,366.0,0.0,110.0,37.5,0.0,180.0,34.0,0.0,0.0,2.0,200.0,250.0,14.0,468.0,531.0,29.6,81.5,,,Evans-FelowH-1991-UF.35a,0,0,0,1,0,0,0,0,173
0.049,0.34,1.39,0.006,0.007,0.0,0.0,0.0,0.0,339.0,0.0,65.0,37.5,0.0,180.0,34.0,1.0,1.0,1.0,200.0,250.0,14.0,430.0,505.0,31.2,82.3,,,Evans-FelowH-1991-UF.15b,0,0,0,1,0,0,0,0,88
0.048,0.31,1.34,0.008,0.008,0.0,0.0,0.0,0.0,371.0,0.0,75.0,37.5,0.0,180.0,34.0,1.0,1.0,1.0,200.0,250.0,14.0,433.0,504.0,31.0,82.3,,,Evans-FelowH-1991-UF.25b,0,0,0,1,0,0,0,0,79
0.048,0.36,1.3,0.007,0.007,0.0,0.0,0.0,0.0,401.0,0.0,70.0,37.5,0.0,180.0,34.0,1.0,1.0,1.0,200.0,250.0,14.0,465.0,526.0,30.4,80.6,,,Evans-FelowH-1991-UF.35b,0,0,0,1,0,0,0,0,84
0.059,0.29,1.49,0.008,0.017,0.0,0.0,0.0,0.0,305.0,0.0,110.0,37.5,0.0,180.0,34.0,1.0,1.0,1.0,200.0,250.0,14.0,442.0,524.0,31.6,80.6,,,Evans-FelowH-1991-E7016(1),0,0,0,1,0,0,0,0,147
0.051,0.31,1.64,0.005,0.016,0.0,0.0,0.0,0.0,330.0,0.0,60.0,37.5,0.0,180.0,34.0,1.0,1.0,1.0,200.0,250.0,14.0,497.0,559.0,30.0,77.8,,,Evans-FelowH-1991-E7016(2),0,0,0,1,0,0,0,0,121
0.068,0.36,1.56,0.006,0.01,0.0,0.0,0.0,0.0,396.0,0.0,90.0,37.5,0.0,180.0,34.0,1.0,1.0,1.0,200.0,250.0,14.0,494.0,569.0,28.4,79.6,,,Evans-FelowH-1991-TENACITOR,0,0,0,1,0,0,0,0,213
0.043,0.3,0.69,0.006,0.007,0.0,0.0,0.0,0.0,423.0,0.0,82.0,37.5,0.0,170.0,21.0,1.0,1.0,1.0,200.0,580.0,2.0,373.0,448.0,34.4,83.0,,,Evans-StressRelief-1991-0.045A,0,0,0,1,0,0,0,0,46
0.043,0.3,0.69,0.006,0.007,0.0,0.0,0.0,0.0,423.0,0.0,82.0,37.5,0.0,170.0,21.0,1.0,1.0,1.0,200.0,580.0,2.0,,,,,-70.0,9.0,Evans-StressRelief-1991-0.045Ach-70,0,0,0,1,0,0,0,0,46
0.043,0.3,0.69,0.006,0.007,0.0,0.0,0.0,0.0,423.0,0.0,82.0,37.5,0.0,170.0,21.0,1.0,1.0,1.0,200.0,580.0,2.0,,,,,-60.0,15.0,Evans-StressRelief-1991-0.045Ach-60,0,0,0,1,0,0,0,0,46
0.043,0.3,0.69,0.006,0.007,0.0,0.0,0.0,0.0,423.0,0.0,82.0,37.5,0.0,170.0,21.0,1.0,1.0,1.0,200.0,580.0,2.0,,,,,-50.0,53.0,Evans-StressRelief-1991-0.045Ach-50,0,0,0,1,0,0,0,0,46
0.043,0.3,0.69,0.006,0.007,0.0,0.0,0.0,0.0,423.0,0.0,82.0,37.5,0.0,170.0,21.0,1.0,1.0,1.0,200.0,580.0,2.0,,,,,-40.0,117.0,Evans-StressRelief-1991-0.045Ach-40,0,0,0,1,0,0,0,0,46
0.043,0.3,0.69,0.006,0.007,0.0,0.0,0.0,0.0,423.0,0.0,82.0,37.5,0.0,170.0,21.0,1.0,1.0,1.0,200.0,580.0,2.0,,,,,-20.0,220.0,Evans-StressRelief-1991-0.045Ach-20,0,0,0,1,0,0,0,0,46
0.043,0.3,0.69,0.006,0.007,0.0,0.0,0.0,0.0,423.0,0.0,82.0,37.5,0.0,170.0,21.0,1.0,1.0,1.0,200.0,580.0,2.0,,,,,20.0,222.0,Evans-StressRelief-1991-0.045Ach20,0,0,0,1,0,0,0,0,46
0.042,0.31,0.98,0.006,0.007,0.0,0.0,0.0,0.0,423.0,0.0,82.0,37.5,0.0,170.0,21.0,1.0,1.0,1.0,200.0,580.0,2.0,392.0,476.0,34.4,80.6,,,Evans-StressRelief-1991-0.045B,0,0,0,1,0,0,0,0,41
0.042,0.31,0.98,0.006,0.007,0.0,0.0,0.0,0.0,423.0,0.0,82.0,37.5,0.0,170.0,21.0,1.0,1.0,1.0,200.0,580.0,2.0,,,,,-70.0,21.0,Evans-StressRelief-1991-0.045Bch-70,0,0,0,1,0,0,0,0,41
0.042,0.31,0.98,0.006,0.007,0.0,0.0,0.0,0.0,423.0,0.0,82.0,37.5,0.0,170.0,21.0,1.0,1.0,1.0,200.0,580.0,2.0,,,,,-60.0,38.0,Evans-StressRelief-1991-0.045Bch-60,0,0,0,1,0,0,0,0,41
0.042,0.31,0.98,0.006,0.007,0.0,0.0,0.0,0.0,423.0,0.0,82.0,37.5,0.0,170.0,21.0,1.0,1.0,1.0,200.0,580.0,2.0,,,,,-50.0,74.0,Evans-StressRelief-1991-0.045Bch-50,0,0,0,1,0,0,0,0,41
0.042,0.31,0.98,0.006,0.007,0.0,0.0,0.0,0.0,423.0,0.0,82.0,37.5,0.0,170.0,21.0,1.0,1.0,1.0,200.0,580.0,2.0,,,,,-40.0,182.0,Evans-StressRelief-1991-0.045Bch-40,0,0,0,1,0,0,0,0,41
0.042,0.31,0.98,0.006,0.007,0.0,0.0,0.0,0.0,423.0,0.0,82.0,37.5,0.0,170.0,21.0,1.0,1.0,1.0,200.0,580.0,2.0,,,,,-20.0,220.0,Evans-StressRelief-1991-0.045Bch-20,0,0,0,1,0,0,0,0,41
0.042,0.31,0.98,0.006,0.007,0.0,0.0,0.0,0.0,423.0,0.0,82.0,37.5,0.0,170.0,21.0,1.0,1.0,1.0,200.0,580.0,2.0,,,,,20.0,222.0,Evans-StressRelief-1991-0.045Bch20,0,0,0,1,0,0,0,0,41
0.045,0.31,1.39,0.005,0.007,0.0,0.0,0.0,0.0,423.0,0.0,82.0,37.5,0.0,170.0,21.0,1.0,1.0,1.0,200.0,580.0,2.0,414.0,502.0,31.0,80.6,,,Evans-StressRelief-1991-0.045C,0,0,0,1,0,0,0,0,59
0.045,0.31,1.39,0.005,0.007,0.0,0.0,0.0,0.0,423.0,0.0,82.0,37.5,0.0,170.0,21.0,1.0,1.0,1.0,200.0,580.0,2.0,,,,,-70.0,38.0,Evans-StressRelief-1991-0.045Cch-70,0,0,0,1,0,0,0,0,59
0.045,0.31,1.39,0.005,0.007,0.0,0.0,0.0,0.0,423.0,0.0,82.0,37.5,0.0,170.0,21.0,1.0,1.0,1.0,200.0,580.0,2.0,,,,,-60.0,81.0,Evans-StressRelief-1991-0.045Cch-60,0,0,0,1,0,0,0,0,59
0.045,0.31,1.39,0.005,0.007,0.0,0.0,0.0,0.0,423.0,0.0,82.0,37.5,0.0,170.0,21.0,1.0,1.0,1.0,200.0,580.0,2.0,,,,,-50.0,129.0,Evans-StressRelief-1991-0.045Cch-50,0,0,0,1,0,0,0,0,59
0.045,0.31,1.39,0.005,0.007,0.0,0.0,0.0,0.0,423.0,0.0,82.0,37.5,0.0,170.0,21.0,1.0,1.0,1.0,200.0,580.0,2.0,,,,,-40.0,172.0,Evans-StressRelief-1991-0.045Cch-40,0,0,0,1,0,0,0,0,59
0.045,0.31,1.39,0.005,0.007,0.0,0.0,0.0,0.0,423.0,0.0,82.0,37.5,0.0,170.0,21.0,1.0,1.0,1.0,200.0,580.0,2.0,,,,,-20.0,220.0,Evans-StressRelief-1991-0.045Cch-20,0,0,0,1,0,0,0,0,59
0.045,0.31,1.39,0.005,0.007,0.0,0.0,0.0,0.0,423.0,0.0,82.0,37.5,0.0,170.0,21.0,1.0,1.0,1.0,200.0,580.0,2.0,,,,,20.0,222.0,Evans-StressRelief-1991-0.045Cch20,0,0,0,1,0,0,0,0,59
0.045,0.29,1.83,0.005,0.008,0.0,0.0,0.0,0.0,423.0,0.0,82.0,37.5,0.0,170.0,21.0,1.0,1.0,1.0,200.0,580.0,2.0,444.0,525.0,29.8,79.9,,,Evans-StressRelief-1991-0.045D,0,0,0,1,0,0,0,0,57
0.045,0.29,1.83,0.005,0.008,0.0,0.0,0.0,0.0,423.0,0.0,82.0,37.5,0.0,170.0,21.0,1.0,1.0,1.0,200.0,580.0,2.0,,,,,-70.0,36.0,Evans-StressRelief-1991-0.045Dch-70,0,0,0,1,0,0,0,0,57
0.045,0.29,1.83,0.005,0.008,0.0,0.0,0.0,0.0,423.0,0.0,82.0,37.5,0.0,170.0,21.0,1.0,1.0,1.0,200.0,580.0,2.0,,,,,-60.0,76.0,Evans-StressRelief-1991-0.045Dch-60,0,0,0,1,0,0,0,0,57
0.045,0.29,1.83,0.005,0.008,0.0,0.0,0.0,0.0,423.0,0.0,82.0,37.5,0.0,170.0,21.0,1.0,1.0,1.0,200.0,580.0,2.0,,,,,-50.0,117.0,Evans-StressRelief-1991-0.045Dch-50,0,0,0,1,0,0,0,0,57
0.045,0.29,1.83,0.005,0.008,0.0,0.0,0.0,0.0,423.0,0.0,82.0,37.5,0.0,170.0,21.0,1.0,1.0,1.0,200.0,580.0,2.0,,,,,-40.0,153.0,Evans-StressRelief-1991-0.045Dch-40,0,0,0,1,0,0,0,0,57
0.045,0.29,1.83,0.005,0.008,0.0,0.0,0.0,0.0,423.0,0.0,82.0,37.5,0.0,170.0,21.0,1.0,1.0,1.0,200.0,580.0,2.0,,,,,-20.0,203.0,Evans-StressRelief-1991-0.045Dch-20,0,0,0,1,0,0,0,0,57
0.045,0.29,1.83,0.005,0.008,0.0,0.0,0.0,0.0,423.0,0.0,82.0,37.5,0.0,170.0,21.0,1.0,1.0,1.0,200.0,580.0,2.0,,,,,20.0,222.0,Evans-StressRelief-1991-0.045Dch20,0,0,0,1,0,0,0,0,57
0.058,0.33,0.63,0.007,0.007,0.0,0.0,0.0,0.0,423.0,0.0,82.0,37.5,0.0,170.0,21.0,1.0,1.0,1.0,200.0,580.0,2.0,386.0,465.0,33.4,78.8,,,Evans-StressRelief-1991-0.065A,0,0,0,1,0,0,0,0,144
0.058,0.33,0.63,0.007,0.007,0.0,0.0,0.0,0.0,423.0,0.0,82.0,37.5,0.0,170.0,21.0,1.0,1.0,1.0,200.0,580.0,2.0,,,,,-60.0,13.0,Evans-StressRelief-1991-0.065Ach-60,0,0,0,1,0,0,0,0,144
0.058,0.33,0.63,0.007,0.007,0.0,0.0,0.0,0.0,423.0,0.0,82.0,37.5,0.0,170.0,21.0,1.0,1.0,1.0,200.0,580.0,2.0,,,,,-50.0,27.0,Evans-StressRelief-1991-0.065Ach-50,0,0,0,1,0,0,0,0,144
0.058,0.33,0.63,0.007,0.007,0.0,0.0,0.0,0.0,423.0,0.0,82.0,37.5,0.0,170.0,21.0,1.0,1.0,1.0,200.0,580.0,2.0,,,,,-40.0,78.0,Evans-StressRelief-1991-0.065Ach-40,0,0,0,1,0,0,0,0,144
0.058,0.33,0.63,0.007,0.007,0.0,0.0,0.0,0.0,423.0,0.0,82.0,37.5,0.0,170.0,21.0,1.0,1.0,1.0,200.0,580.0,2.0,,,,,-20.0,178.0,Evans-StressRelief-1991-0.065Ach-20,0,0,0,1,0,0,0,0,144
0.058,0.33,0.63,0.007,0.007,0.0,0.0,0.0,0.0,423.0,0.0,82.0,37.5,0.0,170.0,21.0,1.0,1.0,1.0,200.0,580.0,2.0,,,,,20.0,220.0,Evans-StressRelief-1991-0.065Ach20,0,0,0,1,0,0,0,0,144
0.065,0.34,0.97,0.007,0.008,0.0,0.0,0.0,0.0,423.0,0.0,82.0,37.5,0.0,170.0,21.0,1.0,1.0,1.0,200.0,580.0,2.0,418.0,500.0,35.0,80.6,,,Evans-StressRelief-1991-0.065B,0,0,0,1,0,0,0,0,186
0.065,0.34,0.97,0.007,0.008,0.0,0.0,0.0,0.0,423.0,0.0,82.0,37.5,0.0,170.0,21.0,1.0,1.0,1.0,200.0,580.0,2.0,,,,,-70.0,15.0,Evans-StressRelief-1991-0.065Bch-70,0,0,0,1,0,0,0,0,186
0.065,0.34,0.97,0.007,0.008,0.0,0.0,0.0,0.0,423.0,0.0,82.0,37.5,0.0,170.0,21.0,1.0,1.0,1.0,200.0,580.0,2.0,,,,,-60.0,45.0,Evans-StressRelief-1991-0.065Bch-60,0,0,0,1,0,0,0,0,186
0.065,0.34,0.97,0.007,0.008,0.0,0.0,0.0,0.0,423.0,0.0,82.0,37.5,0.0,170.0,21.0,1.0,1.0,1.0,200.0,580.0,2.0,,,,,-50.0,100.0,Evans-StressRelief-1991-0.065Bch-50,0,0,0,1,0,0,0,0,186
0.065,0.34,0.97,0.007,0.008,0.0,0.0,0.0,0.0,423.0,0.0,82.0,37.5,0.0,170.0,21.0,1.0,1.0,1.0,200.0,580.0,2.0,,,,,-40.0,155.0,Evans-StressRelief-1991-0.065Bch-40,0,0,0,1,0,0,0,0,186
0.065,0.34,0.97,0.007,0.008,0.0,0.0,0.0,0.0,423.0,0.0,82.0,37.5,0.0,170.0,21.0,1.0,1.0,1.0,200.0,580.0,2.0,,,,,-20.0,201.0,Evans-StressRelief-1991-0.065Bch-20,0,0,0,1,0,0,0,0,186
0.065,0.34,0.97,0.007,0.008,0.0,0.0,0.0,0.0,423.0,0.0,82.0,37.5,0.0,170.0,21.0,1.0,1.0,1.0,200.0,580.0,2.0,,,,,20.0,220.0,Evans-StressRelief-1991-0.065Bch20,0,0,0,1,0,0,0,0,186
0.066,0.35,1.36,0.007,0.008,0.0,0.0,0.0,0.0,423.0,0.0,82.0,37.5,0.0,170.0,21.0,1.0,1.0,1.0,200.0,580.0,2.0,455.0,540.0,31.2,77.9,,,Evans-StressRelief-1991-0.065C,0,0,0,1,0,0,0,0,191
0.066,0.35,1.36,0.007,0.008,0.0,0.0,0.0,0.0,423.0,0.0,82.0,37.5,0.0,170.0,21.0,1.0,1.0,1.0,200.0,580.0,2.0,,,,,-70.0,30.0,Evans-StressRelief-1991-0.065Cch-70,0,0,0,1,0,0,0,0,191
0.066,0.35,1.36,0.007,0.008,0.0,0.0,0.0,0.0,423.0,0.0,82.0,37.5,0.0,170.0,21.0,1.0,1.0,1.0,200.0,580.0,2.0,,,,,-60.0,72.0,Evans-StressRelief-1991-0.065Cch-60,0,0,0,1,0,0,0,0,191
0.066,0.35,1.36,0.007,0.008,0.0,0.0,0.0,0.0,423.0,0.0,82.0,37.5,0.0,170.0,21.0,1.0,1.0,1.0,200.0,580.0,2.0,,,,,-50.0,119.0,Evans-StressRelief-1991-0.065Cch-50,0,0,0,1,0,0,0,0,191
0.066,0.35,1.36,0.007,0.008,0.0,0.0,0.0,0.0,423.0,0.0,82.0,37.5,0.0,170.0,21.0,1.0,1.0,1.0,200.0,580.0,2.0,,,,,-40.0,165.0,Evans-StressRelief-1991-0.065Cch-40,0,0,0,1,0,0,0,0,191
0.066,0.35,1.36,0.007,0.008,0.0,0.0,0.0,0.0,423.0,0.0,82.0,37.5,0.0,170.0,21.0,1.0,1.0,1.0,200.0,580.0,2.0,,,,,-20.0,201.0,Evans-StressRelief-1991-0.065Cch-20,0,0,0,1,0,0,0,0,191
0.066,0.35,1.36,0.007,0.008,0.0,0.0,0.0,0.0,423.0,0.0,82.0,37.5,0.0,170.0,21.0,1.0,1.0,1.0,200.0,580.0,2.0,,,,,20.0,206.0,Evans-StressRelief-1991-0.065Cch20,0,0,0,1,0,0,0,0,191
0.074,0.36,1.8,0.008,0.008,0.0,0.0,0.0,0.0,423.0,0.0,82.0,37.5,0.0,170.0,21.0,1.0,1.0,1.0,200.0,580.0,2.0,504.0,594.0,26.2,75.0,,,Evans-StressRelief-1991-0.065D,0,0,0,1,0,0,0,0,315
0.074,0.36,1.8,0.008,0.008,0.0,0.0,0.0,0.0,423.0,0.0,82.0,37.5,0.0,170.0,21.0,1.0,1.0,1.0,200.0,580.0,2.0,,,,,-70.0,30.0,Evans-StressRelief-1991-0.065Dch-70,0,0,0,1,0,0,0,0,315
0.074,0.36,1.8,0.008,0.008,0.0,0.0,0.0,0.0,423.0,0.0,82.0,37.5,0.0,170.0,21.0,1.0,1.0,1.0,200.0,580.0,2.0,,,,,-60.0,55.0,Evans-StressRelief-1991-0.065Dch-60,0,0,0,1,0,0,0,0,315
0.074,0.36,1.8,0.008,0.008,0.0,0.0,0.0,0.0,423.0,0.0,82.0,37.5,0.0,170.0,21.0,1.0,1.0,1.0,200.0,580.0,2.0,,,,,-50.0,89.0,Evans-StressRelief-1991-0.065Dch-50,0,0,0,1,0,0,0,0,315
0.074,0.36,1.8,0.008,0.008,0.0,0.0,0.0,0.0,423.0,0.0,82.0,37.5,0.0,170.0,21.0,1.0,1.0,1.0,200.0,580.0,2.0,,,,,-40.0,121.0,Evans-StressRelief-1991-0.065Dch-40,0,0,0,1,0,0,0,0,315
0.074,0.36,1.8,0.008,0.008,0.0,0.0,0.0,0.0,423.0,0.0,82.0,37.5,0.0,170.0,21.0,1.0,1.0,1.0,200.0,580.0,2.0,,,,,-20.0,161.0,Evans-StressRelief-1991-0.065Dch-20,0,0,0,1,0,0,0,0,315
0.074,0.36,1.8,0.008,0.008,0.0,0.0,0.0,0.0,423.0,0.0,82.0,37.5,0.0,170.0,21.0,1.0,1.0,1.0,200.0,580.0,2.0,,,,,20.0,188.0,Evans-StressRelief-1991-0.065Dch20,0,0,0,1,0,0,0,0,315
0.089,0.35,0.68,0.008,0.008,0.0,0.0,0.0,0.0,423.0,0.0,82.0,37.5,0.0,170.0,21.0,1.0,1.0,1.0,200.0,580.0,2.0,394.0,499.0,34.2,78.8,,,Evans-StressRelief-1991-0.095A,0,0,0,1,0,0,0,0,460
0.089,0.35,0.68,0.008,0.008,0.0,0.0,0.0,0.0,423.0,0.0,82.0,37.5,0.0,170.0,21.0,1.0,1.0,1.0,200.0,580.0,2.0,,,,,-70.0,23.0,Evans-StressRelief-1991-0.095Ach-70,0,0,0,1,0,0,0,0,460
0.089,0.35,0.68,0.008,0.008,0.0,0.0,0.0,0.0,423.0,0.0,82.0,37.5,0.0,170.0,21.0,1.0,1.0,1.0,200.0,580.0,2.0,,,,,-60.0,27.0,Evans-StressRelief-1991-0.095Ach-60,0,0,0,1,0,0,0,0,460
0.089,0.35,0.68,0.008,0.008,0.0,0.0,0.0,0.0,423.0,0.0,82.0,37.5,0.0,170.0,21.0,1.0,1.0,1.0,200.0,580.0,2.0,,,,,-50.0,45.0,Evans-StressRelief-1991-0.095Ach-50,0,0,0,1,0,0,0,0,460
0.089,0.35,0.68,0.008,0.008,0.0,0.0,0.0,0.0,423.0,0.0,82.0,37.5,0.0,170.0,21.0,1.0,1.0,1.0,200.0,580.0,2.0,,,,,-40.0,95.0,Evans-StressRelief-1991-0.095Ach-40,0,0,0,1,0,0,0,0,460
0.089,0.35,0.68,0.008,0.008,0.0,0.0,0.0,0.0,423.0,0.0,82.0,37.5,0.0,170.0,21.0,1.0,1.0,1.0,200.0,580.0,2.0,,,,,-20.0,157.0,Evans-StressRelief-1991-0.095Ach-20,0,0,0,1,0,0,0,0,460
0.089,0.35,0.68,0.008,0.008,0.0,0.0,0.0,0.0,423.0,0.0,82.0,37.5,0.0,170.0,21.0,1.0,1.0,1.0,200.0,580.0,2.0,,,,,20.0,220.0,Evans-StressRelief-1991-0.095Ach20,0,0,0,1,0,0,0,0,460
0.095,0.36,1.05,0.007,0.008,0.0,0.0,0.0,0.0,423.0,0.0,82.0,37.5,0.0,170.0,21.0,1.0,1.0,1.0,200.0,580.0,2.0,435.0,546.0,34.0,77.0,,,Evans-StressRelief-1991-0.095B,0,0,0,1,0,0,0,0,500
0.095,0.36,1.05,0.007,0.008,0.0,0.0,0.0,0.0,423.0,0.0,82.0,37.5,0.0,170.0,21.0,1.0,1.0,1.0,200.0,580.0,2.0,,,,,-70.0,11.0,Evans-StressRelief-1991-0.095Bch-70,0,0,0,1,0,0,0,0,500
0.095,0.36,1.05,0.007,0.008,0.0,0.0,0.0,0.0,423.0,0.0,82.0,37.5,0.0,170.0,21.0,1.0,1.0,1.0,200.0,580.0,2.0,,,,,-60.0,34.0,Evans-StressRelief-1991-0.095Bch-60,0,0,0,1,0,0,0,0,500
0.095,0.36,1.05,0.007,0.008,0.0,0.0,0.0,0.0,423.0,0.0,82.0,37.5,0.0,170.0,21.0,1.0,1.0,1.0,200.0,580.0,2.0,,,,,-50.0,74.0,Evans-StressRelief-1991-0.095Bch-50,0,0,0,1,0,0,0,0,500
0.095,0.36,1.05,0.007,0.008,0.0,0.0,0.0,0.0,423.0,0.0,82.0,37.5,0.0,170.0,21.0,1.0,1.0,1.0,200.0,580.0,2.0,,,,,-40.0,110.0,Evans-StressRelief-1991-0.095Bch-40,0,0,0,1,0,0,0,0,500
0.095,0.36,1.05,0.007,0.008,0.0,0.0,0.0,0.0,423.0,0.0,82.0,37.5,0.0,170.0,21.0,1.0,1.0,1.0,200.0,580.0,2.0,,,,,-20.0,165.0,Evans-StressRelief-1991-0.095Bch-20,0,0,0,1,0,0,0,0,500
0.095,0.36,1.05,0.007,0.008,0.0,0.0,0.0,0.0,423.0,0.0,82.0,37.5,0.0,170.0,21.0,1.0,1.0,1.0,200.0,580.0,2.0,,,,,20.0,220.0,Evans-StressRelief-1991-0.095Bch20,0,0,0,1,0,0,0,0,500
0.088,0.34,1.33,0.008,0.007,0.0,0.0,0.0,0.0,423.0,0.0,82.0,37.5,0.0,170.0,21.0,1.0,1.0,1.0,200.0,580.0,2.0,461.0,568.0,28.6,77.9,,,Evans-StressRelief-1991-0.095C,0,0,0,1,0,0,0,0,451
0.088,0.34,1.33,0.008,0.007,0.0,0.0,0.0,0.0,423.0,0.0,82.0,37.5,0.0,170.0,21.0,1.0,1.0,1.0,200.0,580.0,2.0,,,,,-70.0,72.0,Evans-StressRelief-1991-0.095Cch-70,0,0,0,1,0,0,0,0,451
0.088,0.34,1.33,0.008,0.007,0.0,0.0,0.0,0.0,423.0,0.0,82.0,37.5,0.0,170.0,21.0,1.0,1.0,1.0,200.0,580.0,2.0,,,,,-60.0,106.0,Evans-StressRelief-1991-0.095Cch-60,0,0,0,1,0,0,0,0,451
0.088,0.34,1.33,0.008,0.007,0.0,0.0,0.0,0.0,423.0,0.0,82.0,37.5,0.0,170.0,21.0,1.0,1.0,1.0,200.0,580.0,2.0,,,,,-50.0,133.0,Evans-StressRelief-1991-0.095Cch-50,0,0,0,1,0,0,0,0,451
0.088,0.34,1.33,0.008,0.007,0.0,0.0,0.0,0.0,423.0,0.0,82.0,37.5,0.0,170.0,21.0,1.0,1.0,1.0,200.0,580.0,2.0,,,,,-40.0,155.0,Evans-StressRelief-1991-0.095Cch-40,0,0,0,1,0,0,0,0,451
0.088,0.34,1.33,0.008,0.007,0.0,0.0,0.0,0.0,423.0,0.0,82.0,37.5,0.0,170.0,21.0,1.0,1.0,1.0,200.0,580.0,2.0,,,,,-20.0,188.0,Evans-StressRelief-1991-0.095Cch-20,0,0,0,1,0,0,0,0,451
0.088,0.34,1.33,0.008,0.007,0.0,0.0,0.0,0.0,423.0,0.0,82.0,37.5,0.0,170.0,21.0,1.0,1.0,1.0,200.0,580.0,2.0,,,,,20.0,208.0,Evans-StressRelief-1991-0.095Cch20,0,0,0,1,0,0,0,0,451
0.089,0.33,1.69,0.007,0.008,0.0,0.0,0.0,0.0,423.0,0.0,82.0,37.5,0.0,170.0,21.0,1.0,1.0,1.0,200.0,580.0,2.0,490.0,597.0,30.2,75.0,,,Evans-StressRelief-1991-0.095D,0,0,0,1,0,0,0,0,459
0.089,0.33,1.69,0.007,0.008,0.0,0.0,0.0,0.0,423.0,0.0,82.0,37.5,0.0,170.0,21.0,1.0,1.0,1.0,200.0,580.0,2.0,,,,,-70.0,53.0,Evans-StressRelief-1991-0.095Dch-70,0,0,0,1,0,0,0,0,459
0.089,0.33,1.69,0.007,0.008,0.0,0.0,0.0,0.0,423.0,0.0,82.0,37.5,0.0,170.0,21.0,1.0,1.0,1.0,200.0,580.0,2.0,,,,,-60.0,74.0,Evans-StressRelief-1991-0.095Dch-60,0,0,0,1,0,0,0,0,459
0.089,0.33,1.69,0.007,0.008,0.0,0.0,0.0,0.0,423.0,0.0,82.0,37.5,0.0,170.0,21.0,1.0,1.0,1.0,200.0,580.0,2.0,,,,,-50.0,95.0,Evans-StressRelief-1991-0.095Dch-50,0,0,0,1,0,0,0,0,459
0.089,0.33,1.69,0.007,0.008,0.0,0.0,0.0,0.0,423.0,0.0,82.0,37.5,0.0,170.0,21.0,1.0,1.0,1.0,200.0,580.0,2.0,,,,,-40.0,114.0,Evans-StressRelief-1991-0.095Dch-40,0,0,0,1,0,0,0,0,459
0.089,0.33,1.69,0.007,0.008,0.0,0.0,0.0,0.0,423.0,0.0,82.0,37.5,0.0,170.0,21.0,1.0,1.0,1.0,200.0,580.0,2.0,,,,,-20.0,151.0,Evans-StressRelief-1991-0.095Dch-20,0,0,0,1,0,0,0,0,459
0.089,0.33,1.69,0.007,0.008,0.0,0.0,0.0,0.0,423.0,0.0,82.0,37.5,0.0,170.0,21.0,1.0,1.0,1.0,200.0,580.0,2.0,,,,,20.0,188.0,Evans-StressRelief-1991-0.095Dch20,0,0,0,1,0,0,0,0,459
0.147,0.36,1.02,0.007,0.007,0.0,0.0,0.0,0.0,423.0,0.0,82.0,37.5,0.0,170.0,21.0,1.0,1.0,1.0,200.0,580.0,2.0,482.0,576.0,29.4,76.9,,,Evans-StressRelief-1991-0.145B,0,0,0,1,0,0,0,0,611
0.147,0.36,1.02,0.007,0.007,0.0,0.0,0.0,0.0,423.0,0.0,82.0,37.5,0.0,170.0,21.0,1.0,1.0,1.0,200.0,580.0,2.0,,,,,-70.0,17.0,Evans-StressRelief-1991-0.145Bch-70,0,0,0,1,0,0,0,0,611
0.147,0.36,1.02,0.007,0.007,0.0,0.0,0.0,0.0,423.0,0.0,82.0,37.5,0.0,170.0,21.0,1.0,1.0,1.0,200.0,580.0,2.0,,,,,-60.0,34.0,Evans-StressRelief-1991-0.145Bch-60,0,0,0,1,0,0,0,0,611
0.147,0.36,1.02,0.007,0.007,0.0,0.0,0.0,0.0,423.0,0.0,82.0,37.5,0.0,170.0,21.0,1.0,1.0,1.0,200.0,580.0,2.0,,,,,-50.0,63.0,Evans-StressRelief-1991-0.145Bch-50,0,0,0,1,0,0,0,0,611
0.147,0.36,1.02,0.007,0.007,0.0,0.0,0.0,0.0,423.0,0.0,82.0,37.5,0.0,170.0,21.0,1.0,1.0,1.0,200.0,580.0,2.0,,,,,-40.0,98.0,Evans-StressRelief-1991-0.145Bch-40,0,0,0,1,0,0,0,0,611
0.147,0.36,1.02,0.007,0.007,0.0,0.0,0.0,0.0,423.0,0.0,82.0,37.5,0.0,170.0,21.0,1.0,1.0,1.0,200.0,580.0,2.0,,,,,-20.0,150.0,Evans-StressRelief-1991-0.145Bch-20,0,0,0,1,0,0,0,0,611
0.147,0.36,1.02,0.007,0.007,0.0,0.0,0.0,0.0,423.0,0.0,82.0,37.5,0.0,170.0,21.0,1.0,1.0,1.0,200.0,580.0,2.0,,,,,20.0,197.0,Evans-StressRelief-1991-0.145Bch20,0,0,0,1,0,0,0,0,611
0.147,0.35,1.38,0.007,0.007,0.0,0.0,0.0,0.0,423.0,0.0,82.0,37.5,0.0,170.0,21.0,1.0,1.0,1.0,200.0,580.0,2.0,513.0,623.0,27.4,72.9,,,Evans-StressRelief-1991-0.145C,0,0,0,1,0,0,0,0,610
0.147,0.35,1.38,0.007,0.007,0.0,0.0,0.0,0.0,423.0,0.0,82.0,37.5,0.0,170.0,21.0,1.0,1.0,1.0,200.0,580.0,2.0,,,,,-70.0,38.0,Evans-StressRelief-1991-0.145Cch-70,0,0,0,1,0,0,0,0,610
0.147,0.35,1.38,0.007,0.007,0.0,0.0,0.0,0.0,423.0,0.0,82.0,37.5,0.0,170.0,21.0,1.0,1.0,1.0,200.0,580.0,2.0,,,,,-60.0,57.0,Evans-StressRelief-1991-0.145Cch-60,0,0,0,1,0,0,0,0,610
0.147,0.35,1.38,0.007,0.007,0.0,0.0,0.0,0.0,423.0,0.0,82.0,37.5,0.0,170.0,21.0,1.0,1.0,1.0,200.0,580.0,2.0,,,,,-50.0,80.0,Evans-StressRelief-1991-0.145Cch-50,0,0,0,1,0,0,0,0,610
0.147,0.35,1.38,0.007,0.007,0.0,0.0,0.0,0.0,423.0,0.0,82.0,37.5,0.0,170.0,21.0,1.0,1.0,1.0,200.0,580.0,2.0,,,,,-40.0,104.0,Evans-StressRelief-1991-0.145Cch-40,0,0,0,1,0,0,0,0,610
0.147,0.35,1.38,0.007,0.007,0.0,0.0,0.0,0.0,423.0,0.0,82.0,37.5,0.0,170.0,21.0,1.0,1.0,1.0,200.0,580.0,2.0,,,,,-20.0,150.0,Evans-StressRelief-1991-0.145Cch-20,0,0,0,1,0,0,0,0,610
0.147,0.35,1.38,0.007,0.007,0.0,0.0,0.0,0.0,423.0,0.0,82.0,37.5,0.0,170.0,21.0,1.0,1.0,1.0,200.0,580.0,2.0,,,,,20.0,184.0,Evans-StressRelief-1991-0.145Cch20,0,0,0,1,0,0,0,0,610
0.145,0.35,1.76,0.006,0.007,0.0,0.0,0.0,0.0,423.0,0.0,82.0,37.5,0.0,170.0,21.0,1.0,1.0,1.0,200.0,580.0,2.0,567.0,679.0,24.0,69.8,,,Evans-StressRelief-1991-0.145D,0,0,0,1,0,0,0,0,609
0.145,0.35,1.76,0.006,0.007,0.0,0.0,0.0,0.0,423.0,0.0,82.0,37.5,0.0,170.0,21.0,1.0,1.0,1.0,200.0,580.0,2.0,,,,,-70.0,27.0,Evans-StressRelief-1991-0.145Dch-70,0,0,0,1,0,0,0,0,609
0.145,0.35,1.76,0.006,0.007,0.0,0.0,0.0,0.0,423.0,0.0,82.0,37.5,0.0,170.0,21.0,1.0,1.0,1.0,200.0,580.0,2.0,,,,,-60.0,32.0,Evans-StressRelief-1991-0.145Dch-60,0,0,0,1,0,0,0,0,609
0.145,0.35,1.76,0.006,0.007,0.0,0.0,0.0,0.0,423.0,0.0,82.0,37.5,0.0,170.0,21.0,1.0,1.0,1.0,200.0,580.0,2.0,,,,,-50.0,42.0,Evans-StressRelief-1991-0.145Dch-50,0,0,0,1,0,0,0,0,609
0.145,0.35,1.76,0.006,0.007,0.0,0.0,0.0,0.0,423.0,0.0,82.0,37.5,0.0,170.0,21.0,1.0,1.0,1.0,200.0,580.0,2.0,,,,,-40.0,55.0,Evans-StressRelief-1991-0.145Dch-40,0,0,0,1,0,0,0,0,609
0.145,0.35,1.76,0.006,0.007,0.0,0.0,0.0,0.0,423.0,0.0,82.0,37.5,0.0,170.0,21.0,1.0,1.0,1.0,200.0,580.0,2.0,,,,,-20.0,117.0,Evans-StressRelief-1991-0.145Dch-20,0,0,0,1,0,0,0,0,609
0.145,0.35,1.76,0.006,0.007,0.0,0.0,0.0,0.0,423.0,0.0,82.0,37.5,0.0,170.0,21.0,1.0,1.0,1.0,200.0,580.0,2.0,,,,,20.0,160.0,Evans-StressRelief-1991-0.145Dch20,0,0,0,1,0,0,0,0,609
0.074,0.33,1.45,0.005,0.005,0.0,0.0,0.0,0.0,408.0,6.0,90.0,37.5,0.0,170.0,21.0,1.0,1.0,1.0,200.0,250.0,14.0,463.0,537.0,31.2,78.8,,,Evans-Ti/CMn-1992-P0,0,0,0,1,0,0,0,0,309
0.074,0.33,1.45,0.005,0.005,0.0,0.0,0.0,0.0,408.0,6.0,90.0,37.5,0.0,170.0,21.0,1.0,1.0,1.0,200.0,0.0,0.0,,,,,-60.0,28.0,Evans-Ti/CMn-1992-P0ch1,0,0,0,1,0,0,0,0,309
0.074,0.33,1.45,0.005,0.005,0.0,0.0,0.0,0.0,408.0,6.0,90.0,37.5,0.0,170.0,21.0,1.0,1.0,1.0,200.0,0.0,0.0,,,,,-36.0,100.0,Evans-Ti/CMn-1992-P0ch2,0,0,0,1,0,0,0,0,309
0.074,0.33,1.45,0.005,0.005,0.0,0.0,0.0,0.0,408.0,6.0,90.0,37.5,0.0,170.0,21.0,1.0,1.0,1.0,200.0,0.0,0.0,,,,,,,Evans-Ti/CMn-1992-P0mic,0,0,0,1,0,0,0,0,309
0.073,0.34,1.49,0.004,0.007,0.0,0.0,0.0,0.0,396.0,16.0,84.0,37.5,0.0,170.0,21.0,1.0,1.0,1.0,200.0,250.0,14.0,482.0,548.0,33.6,78.8,,,Evans-Ti/CMn-1992-P0.1,0,0,0,1,0,0,0,0,290
0.073,0.34,1.49,0.004,0.007,0.0,0.0,0.0,0.0,396.0,16.0,84.0,37.5,0.0,170.0,21.0,1.0,1.0,1.0,200.0,0.0,0.0,,,,,-85.0,28.0,Evans-Ti/CMn-1992-P0.1ch1,0,0,0,1,0,0,0,0,290
0.073,0.34,1.49,0.004,0.007,0.0,0.0,0.0,0.0,396.0,16.0,84.0,37.5,0.0,170.0,21.0,1.0,1.0,1.0,200.0,0.0,0.0,,,,,-59.0,100.0,Evans-Ti/CMn-1992-P0.1ch2,0,0,0,1,0,0,0,0,290
0.073,0.34,1.49,0.004,0.007,0.0,0.0,0.0,0.0,396.0,16.0,84.0,37.5,0.0,170.0,21.0,1.0,1.0,1.0,200.0,0.0,0.0,,,,,,,Evans-Ti/CMn-1992-P0.1mic,0,0,0,1,0,0,0,0,290
0.071,0.36,1.46,0.004,0.006,0.0,0.0,0.0,0.0,400.0,22.0,85.0,37.5,0.0,170.0,21.0,1.0,1.0,1.0,200.0,250.0,14.0,497.0,563.0,30.6,77.0,,,Evans-Ti/CMn-1992-P0.2,0,0,0,1,0,0,0,0,258
0.071,0.36,1.46,0.004,0.006,0.0,0.0,0.0,0.0,400.0,22.0,85.0,37.5,0.0,170.0,21.0,1.0,1.0,1.0,200.0,0.0,0.0,,,,,-82.0,28.0,Evans-Ti/CMn-1992-P0.2ch1,0,0,0,1,0,0,0,0,258
0.071,0.36,1.46,0.004,0.006,0.0,0.0,0.0,0.0,400.0,22.0,85.0,37.5,0.0,170.0,21.0,1.0,1.0,1.0,200.0,0.0,0.0,,,,,-65.0,100.0,Evans-Ti/CMn-1992-P0.2ch2,0,0,0,1,0,0,0,0,258
0.071,0.36,1.46,0.004,0.006,0.0,0.0,0.0,0.0,400.0,22.0,85.0,37.5,0.0,170.0,21.0,1.0,1.0,1.0,200.0,0.0,0.0,,,,,,,Evans-Ti/CMn-1992-P0.2mic,0,0,0,1,0,0,0,0,258
0.061,0.33,1.36,0.005,0.006,0.0,0.0,0.0,0.0,419.0,28.0,81.0,37.5,0.0,170.0,21.0,1.0,1.0,1.0,200.0,250.0,14.0,474.0,538.0,32.2,78.8,,,Evans-Ti/CMn-1992-Q0.4,0,0,0,1,0,0,0,0,168
0.061,0.33,1.36,0.005,0.006,0.0,0.0,0.0,0.0,419.0,28.0,81.0,37.5,0.0,170.0,21.0,1.0,1.0,1.0,200.0,0.0,0.0,,,,,-86.0,28.0,Evans-Ti/CMn-1992-Q0.4ch1,0,0,0,1,0,0,0,0,168
0.061,0.33,1.36,0.005,0.006,0.0,0.0,0.0,0.0,419.0,28.0,81.0,37.5,0.0,170.0,21.0,1.0,1.0,1.0,200.0,0.0,0.0,,,,,-71.0,100.0,Evans-Ti/CMn-1992-Q0.4ch2,0,0,0,1,0,0,0,0,168
0.061,0.33,1.36,0.005,0.006,0.0,0.0,0.0,0.0,419.0,28.0,81.0,37.5,0.0,170.0,21.0,1.0,1.0,1.0,200.0,0.0,0.0,,,,,,,Evans-Ti/CMn-1992-Q0.4mic,0,0,0,1,0,0,0,0,168
0.07,0.32,1.48,0.005,0.006,0.0,0.0,0.0,0.0,373.0,55.0,75.0,37.5,0.0,170.0,21.0,1.0,1.0,1.0,200.0,250.0,14.0,488.0,549.0,32.4,78.8,,,Evans-Ti/CMn-1992-Q0.8,0,0,0,1,0,0,0,0,239
0.07,0.32,1.48,0.005,0.006,0.0,0.0,0.0,0.0,373.0,55.0,75.0,37.5,0.0,170.0,21.0,1.0,1.0,1.0,200.0,0.0,0.0,,,,,-76.0,28.0,Evans-Ti/CMn-1992-Q0.8ch1,0,0,0,1,0,0,0,0,239
0.07,0.32,1.48,0.005,0.006,0.0,0.0,0.0,0.0,373.0,55.0,75.0,37.5,0.0,170.0,21.0,1.0,1.0,1.0,200.0,0.0,0.0,,,,,-61.0,100.0,Evans-Ti/CMn-1992-Q0.8ch2,0,0,0,1,0,0,0,0,239
0.07,0.32,1.48,0.005,0.006,0.0,0.0,0.0,0.0,373.0,55.0,75.0,37.5,0.0,170.0,21.0,1.0,1.0,1.0,200.0,0.0,0.0,,,,,,,Evans-Ti/CMn-1992-Q0.8mic,0,0,0,1,0,0,0,0,239
0.065,0.39,1.53,0.005,0.006,0.0,0.0,0.0,0.0,351.0,140.0,93.0,37.5,0.0,170.0,21.0,1.0,1.0,1.0,200.0,250.0,14.0,513.0,579.0,27.0,77.9,,,Evans-Ti/CMn-1992-R2.4,0,0,0,1,0,0,0,0,188
0.065,0.39,1.53,0.005,0.006,0.0,0.0,0.0,0.0,351.0,140.0,93.0,37.5,0.0,170.0,21.0,1.0,1.0,1.0,200.0,0.0,0.0,,,,,-64.0,28.0,Evans-Ti/CMn-1992-R2.4ch1,0,0,0,1,0,0,0,0,188
0.065,0.39,1.53,0.005,0.006,0.0,0.0,0.0,0.0,351.0,140.0,93.0,37.5,0.0,170.0,21.0,1.0,1.0,1.0,200.0,0.0,0.0,,,,,-44.0,100.0,Evans-Ti/CMn-1992-R2.4ch2,0,0,0,1,0,0,0,0,188
0.065,0.39,1.53,0.005,0.006,0.0,0.0,0.0,0.0,351.0,140.0,93.0,37.5,0.0,170.0,21.0,1.0,1.0,1.0,200.0,0.0,0.0,,,,,,,Evans-Ti/CMn-1992-R2.4ch2,0,0,0,1,0,0,0,0,188
0.07,0.48,1.64,0.005,0.006,0.0,0.0,0.0,0.0,290.0,210.0,102.0,37.5,0.0,170.0,21.0,1.0,1.0,1.0,200.0,250.0,14.0,515.0,592.0,27.2,78.9,,,Evans-Ti/CMn-1992-S3.6,0,0,0,1,0,0,0,0,249
0.07,0.48,1.64,0.005,0.006,0.0,0.0,0.0,0.0,290.0,210.0,102.0,37.5,0.0,170.0,21.0,1.0,1.0,1.0,200.0,0.0,0.0,,,,,-76.0,28.0,Evans-Ti/CMn-1992-S3.6ch1,0,0,0,1,0,0,0,0,249
0.07,0.48,1.64,0.005,0.006,0.0,0.0,0.0,0.0,290.0,210.0,102.0,37.5,0.0,170.0,21.0,1.0,1.0,1.0,200.0,0.0,0.0,,,,,-55.0,100.0,Evans-Ti/CMn-1992-S3.6ch2,0,0,0,1,0,0,0,0,249
0.07,0.48,1.64,0.005,0.006,0.0,0.0,0.0,0.0,290.0,210.0,102.0,37.5,0.0,170.0,21.0,1.0,1.0,1.0,200.0,0.0,0.0,,,,,,,Evans-Ti/CMn-1992-S3.6mic,0,0,0,1,0,0,0,0,249
0.074,0.35,0.65,0.005,0.004,0.0,0.0,0.0,0.0,426.0,36.0,73.0,2.0,2.0,170.0,21.0,1.0,1.0,1.0,200.0,250.0,14.0,402.0,494.0,33.3,77.5,,,Evans-Ti/Mn-1992-A36aw,0,0,0,1,0,0,0,0,312
0.074,0.35,0.65,0.005,0.004,0.0,0.0,0.0,0.0,426.0,36.0,73.0,2.0,2.0,170.0,21.0,1.0,1.0,1.0,200.0,0.0,0.0,,,,,-45.0,100.0,Evans-Ti/Mn-1992-A36awch,0,0,0,1,0,0,0,0,312
0.074,0.35,0.65,0.005,0.004,0.0,0.0,0.0,0.0,426.0,36.0,73.0,2.0,2.0,170.0,21.0,1.0,1.0,1.0,200.0,580.0,2.0,329.0,447.0,36.4,80.5,-55.0,100.0,Evans-Ti/Mn-1992-A36ht,0,0,0,1,0,0,0,0,312
0.075,0.35,0.66,0.009,0.007,0.0,0.0,0.0,0.0,396.0,96.0,71.0,2.0,2.0,170.0,21.0,1.0,1.0,1.0,200.0,250.0,14.0,396.0,492.0,30.2,78.0,,,Evans-Ti/Mn-1992-A96aw,0,0,0,1,0,0,0,0,329
0.075,0.35,0.66,0.009,0.007,0.0,0.0,0.0,0.0,396.0,96.0,71.0,2.0,2.0,170.0,21.0,1.0,1.0,1.0,200.0,0.0,0.0,,,,,-40.0,100.0,Evans-Ti/Mn-1992-A96awch,0,0,0,1,0,0,0,0,329
0.075,0.35,0.66,0.009,0.007,0.0,0.0,0.0,0.0,396.0,96.0,71.0,2.0,2.0,170.0,21.0,1.0,1.0,1.0,200.0,580.0,2.0,351.0,457.0,31.6,79.8,-54.0,100.0,Evans-Ti/Mn-1992-A96ht,0,0,0,1,0,0,0,0,329
0.076,0.38,0.67,0.009,0.007,0.0,0.0,0.0,0.0,362.0,160.0,70.0,2.0,2.0,170.0,21.0,1.0,1.0,1.0,200.0,250.0,14.0,410.0,494.0,31.4,78.9,,,Evans-Ti/Mn-1992-A160aw,0,0,0,1,0,0,0,0,360
0.076,0.38,0.67,0.009,0.007,0.0,0.0,0.0,0.0,362.0,160.0,70.0,2.0,2.0,170.0,21.0,1.0,1.0,1.0,200.0,0.0,0.0,,,,,-36.0,100.0,Evans-Ti/Mn-1992-A160awch,0,0,0,1,0,0,0,0,360
0.076,0.38,0.67,0.009,0.007,0.0,0.0,0.0,0.0,362.0,160.0,70.0,2.0,2.0,170.0,21.0,1.0,1.0,1.0,200.0,580.0,2.0,365.0,465.0,30.4,79.8,-56.0,100.0,Evans-Ti/Mn-1992-A160ht,0,0,0,1,0,0,0,0,360
0.078,0.44,0.71,0.006,0.008,0.0,0.0,0.0,0.0,306.0,225.0,76.0,2.0,2.0,170.0,21.0,1.0,1.0,1.0,200.0,250.0,14.0,440.0,523.0,31.4,77.0,,,Evans-Ti/Mn-1992-A225aw,0,0,0,1,0,0,0,0,394
0.078,0.44,0.71,0.006,0.008,0.0,0.0,0.0,0.0,306.0,225.0,76.0,2.0,2.0,170.0,21.0,1.0,1.0,1.0,200.0,0.0,0.0,,,,,-40.0,100.0,Evans-Ti/Mn-1992-A225awch,0,0,0,1,0,0,0,0,394
0.078,0.44,0.71,0.006,0.008,0.0,0.0,0.0,0.0,306.0,225.0,76.0,2.0,2.0,170.0,21.0,1.0,1.0,1.0,200.0,580.0,2.0,381.0,484.0,31.6,78.0,-51.0,100.0,Evans-Ti/Mn-1992-A225ht,0,0,0,1,0,0,0,0,394
0.077,0.3,1.0,0.008,0.007,0.0,0.0,0.0,0.0,464.0,7.0,83.0,2.0,2.0,170.0,21.0,1.0,1.0,1.0,200.0,250.0,14.0,409.0,504.0,30.6,77.0,,,Evans-Ti/Mn-1992-B7aw,0,0,0,1,0,0,0,0,371
0.077,0.3,1.0,0.008,0.007,0.0,0.0,0.0,0.0,464.0,7.0,83.0,2.0,2.0,170.0,21.0,1.0,1.0,1.0,200.0,0.0,0.0,,,,,-56.0,100.0,Evans-Ti/Mn-1992-B7awch,0,0,0,1,0,0,0,0,371
0.077,0.3,1.0,0.008,0.007,0.0,0.0,0.0,0.0,464.0,7.0,83.0,2.0,2.0,170.0,21.0,1.0,1.0,1.0,200.0,580.0,2.0,372.0,480.0,30.5,78.9,-66.0,100.0,Evans-Ti/Mn-1992-B7ht,0,0,0,1,0,0,0,0,371
0.076,0.35,1.01,0.008,0.005,0.0,0.0,0.0,0.0,401.0,41.0,74.0,2.0,2.0,170.0,21.0,1.0,1.0,1.0,200.0,250.0,14.0,443.0,522.0,31.1,77.0,,,Evans-Ti/Mn-1992-B41aw,0,0,0,1,0,0,0,0,356
0.076,0.35,1.01,0.008,0.005,0.0,0.0,0.0,0.0,401.0,41.0,74.0,2.0,2.0,170.0,21.0,1.0,1.0,1.0,200.0,0.0,0.0,,,,,-60.0,100.0,Evans-Ti/Mn-1992-B41awch,0,0,0,1,0,0,0,0,356
0.076,0.35,1.01,0.008,0.005,0.0,0.0,0.0,0.0,401.0,41.0,74.0,2.0,2.0,170.0,21.0,1.0,1.0,1.0,200.0,580.0,2.0,359.0,480.0,29.4,80.3,-80.0,100.0,Evans-Ti/Mn-1992-B41ht,0,0,0,1,0,0,0,0,356
0.075,0.31,1.03,0.008,0.007,0.0,0.0,0.0,0.0,394.0,92.0,79.0,2.0,2.0,170.0,21.0,1.0,1.0,1.0,200.0,250.0,14.0,427.0,516.0,32.0,78.9,,,Evans-Ti/Mn-1992-B92aw,0,0,0,1,0,0,0,0,325
0.075,0.31,1.03,0.008,0.007,0.0,0.0,0.0,0.0,394.0,92.0,79.0,2.0,2.0,170.0,21.0,1.0,1.0,1.0,200.0,0.0,0.0,,,,,-53.0,100.0,Evans-Ti/Mn-1992-B92awch,0,0,0,1,0,0,0,0,325
0.075,0.31,1.03,0.008,0.007,0.0,0.0,0.0,0.0,394.0,92.0,79.0,2.0,2.0,170.0,21.0,1.0,1.0,1.0,200.0,580.0,2.0,375.0,470.0,32.4,79.8,-56.0,100.0,Evans-Ti/Mn-1992-B92ht,0,0,0,1,0,0,0,0,325
0.075,0.3,1.31,0.008,0.006,0.0,0.0,0.0,0.0,441.0,5.0,81.0,2.0,2.0,170.0,21.0,1.0,1.0,1.0,200.0,250.0,14.0,420.0,523.0,26.4,77.0,,,Evans-Ti/Mn-1992-C5aw,0,0,0,1,0,0,0,0,324
0.075,0.3,1.31,0.008,0.006,0.0,0.0,0.0,0.0,441.0,5.0,81.0,2.0,2.0,170.0,21.0,1.0,1.0,1.0,200.0,0.0,0.0,,,,,-29.0,100.0,Evans-Ti/Mn-1992-C5aw,0,0,0,1,0,0,0,0,324
0.075,0.3,1.31,0.008,0.006,0.0,0.0,0.0,0.0,441.0,5.0,81.0,2.0,2.0,170.0,21.0,1.0,1.0,1.0,200.0,580.0,2.0,359.0,480.0,29.6,78.6,-72.0,100.0,Evans-Ti/Mn-1992-C5ht,0,0,0,1,0,0,0,0,324
0.077,0.32,1.33,0.007,0.005,0.0,0.0,0.0,0.0,422.0,36.0,83.0,2.0,2.0,170.0,21.0,1.0,1.0,1.0,200.0,250.0,14.0,463.0,541.0,27.1,75.9,,,Evans-Ti/Mn-1992-C36aw,0,0,0,1,0,0,0,0,375
0.077,0.32,1.33,0.007,0.005,0.0,0.0,0.0,0.0,422.0,36.0,83.0,2.0,2.0,170.0,21.0,1.0,1.0,1.0,200.0,0.0,0.0,,,,,-68.0,100.0,Evans-Ti/Mn-1992-C36aw,0,0,0,1,0,0,0,0,375
0.077,0.32,1.33,0.007,0.005,0.0,0.0,0.0,0.0,422.0,36.0,83.0,2.0,2.0,170.0,21.0,1.0,1.0,1.0,200.0,580.0,2.0,372.0,497.0,31.4,76.4,-81.0,100.0,Evans-Ti/Mn-1992-C36ht,0,0,0,1,0,0,0,0,375
0.073,0.3,1.32,0.008,0.007,0.0,0.0,0.0,0.0,401.0,75.0,77.0,2.0,2.0,170.0,21.0,1.0,1.0,1.0,200.0,250.0,14.0,450.0,522.0,29.4,78.9,,,Evans-Ti/Mn-1992-C75aw,0,0,0,1,0,0,0,0,282
0.073,0.3,1.32,0.008,0.007,0.0,0.0,0.0,0.0,401.0,75.0,77.0,2.0,2.0,170.0,21.0,1.0,1.0,1.0,200.0,0.0,0.0,,,,,-52.0,100.0,Evans-Ti/Mn-1992-C75aw,0,0,0,1,0,0,0,0,282
0.073,0.3,1.32,0.008,0.007,0.0,0.0,0.0,0.0,401.0,75.0,77.0,2.0,2.0,170.0,21.0,1.0,1.0,1.0,200.0,580.0,2.0,419.0,507.0,33.4,80.7,-61.0,100.0,Evans-Ti/Mn-1992-C75ht,0,0,0,1,0,0,0,0,282
0.079,0.33,1.35,0.008,0.007,0.0,0.0,0.0,0.0,375.0,140.0,78.0,2.0,2.0,170.0,21.0,1.0,1.0,1.0,200.0,250.0,14.0,464.0,544.0,29.4,78.9,,,Evans-Ti/Mn-1992-C140aw,0,0,0,1,0,0,0,0,401
0.079,0.33,1.35,0.008,0.007,0.0,0.0,0.0,0.0,375.0,140.0,78.0,2.0,2.0,170.0,21.0,1.0,1.0,1.0,200.0,0.0,0.0,,,,,-43.0,100.0,Evans-Ti/Mn-1992-C140aw,0,0,0,1,0,0,0,0,401
0.079,0.33,1.35,0.008,0.007,0.0,0.0,0.0,0.0,375.0,140.0,78.0,2.0,2.0,170.0,21.0,1.0,1.0,1.0,200.0,580.0,2.0,413.0,508.0,27.0,79.8,-60.0,100.0,Evans-Ti/Mn-1992-C140ht,0,0,0,1,0,0,0,0,401
0.08,0.39,1.37,0.007,0.006,0.0,0.0,0.0,0.0,320.0,215.0,90.0,2.0,2.0,170.0,21.0,1.0,1.0,1.0,200.0,250.0,14.0,485.0,559.0,28.0,80.7,,,Evans-Ti/Mn-1992-C215aw,0,0,0,1,0,0,0,0,425
0.08,0.39,1.37,0.007,0.006,0.0,0.0,0.0,0.0,320.0,215.0,90.0,2.0,2.0,170.0,21.0,1.0,1.0,1.0,200.0,0.0,0.0,,,,,-54.0,100.0,Evans-Ti/Mn-1992-C215aw,0,0,0,1,0,0,0,0,425
0.08,0.39,1.37,0.007,0.006,0.0,0.0,0.0,0.0,320.0,215.0,90.0,2.0,2.0,170.0,21.0,1.0,1.0,1.0,200.0,580.0,2.0,429.0,537.0,28.4,77.5,-70.0,100.0,Evans-Ti/Mn-1992-C215ht,0,0,0,1,0,0,0,0,425
0.078,0.31,1.75,0.007,0.006,0.0,0.0,0.0,0.0,417.0,36.0,94.0,2.0,2.0,170.0,21.0,1.0,1.0,1.0,200.0,250.0,14.0,500.0,571.0,28.8,77.0,,,Evans-Ti/Mn-1992-D36aw,0,0,0,1,0,0,0,0,390
0.078,0.31,1.75,0.007,0.006,0.0,0.0,0.0,0.0,417.0,36.0,94.0,2.0,2.0,170.0,21.0,1.0,1.0,1.0,200.0,0.0,0.0,,,,,-62.0,100.0,Evans-Ti/Mn-1992-D36aw,0,0,0,1,0,0,0,0,390
0.078,0.31,1.75,0.007,0.006,0.0,0.0,0.0,0.0,417.0,36.0,94.0,2.0,2.0,170.0,21.0,1.0,1.0,1.0,200.0,580.0,2.0,414.0,518.0,29.2,78.4,-71.0,100.0,Evans-Ti/Mn-1992-D36ht,0,0,0,1,0,0,0,0,390
0.077,0.29,1.76,0.007,0.007,0.0,0.0,0.0,0.0,396.0,105.0,81.0,2.0,2.0,170.0,21.0,1.0,1.0,1.0,200.0,250.0,14.0,484.0,577.0,26.2,77.9,,,Evans-Ti/Mn-1992-D105aw,0,0,0,1,0,0,0,0,369
0.077,0.29,1.76,0.007,0.007,0.0,0.0,0.0,0.0,396.0,105.0,81.0,2.0,2.0,170.0,21.0,1.0,1.0,1.0,200.0,0.0,0.0,,,,,-53.0,100.0,Evans-Ti/Mn-1992-D105aw,0,0,0,1,0,0,0,0,369
0.077,0.29,1.76,0.007,0.007,0.0,0.0,0.0,0.0,396.0,105.0,81.0,2.0,2.0,170.0,21.0,1.0,1.0,1.0,200.0,580.0,2.0,429.0,532.0,27.4,78.9,-57.0,100.0,Evans-Ti/Mn-1992-D105ht,0,0,0,1,0,0,0,0,369
0.075,0.32,1.83,0.006,0.007,0.0,0.0,0.0,0.0,346.0,170.0,82.0,2.0,2.0,170.0,21.0,1.0,1.0,1.0,200.0,250.0,14.0,510.0,590.0,27.4,79.7,,,Evans-Ti/Mn-1992-D170aw,0,0,0,1,0,0,0,0,326
0.075,0.32,1.83,0.006,0.007,0.0,0.0,0.0,0.0,346.0,170.0,82.0,2.0,2.0,170.0,21.0,1.0,1.0,1.0,200.0,0.0,0.0,,,,,-52.0,100.0,Evans-Ti/Mn-1992-D170aw,0,0,0,1,0,0,0,0,326
0.075,0.32,1.83,0.006,0.007,0.0,0.0,0.0,0.0,346.0,170.0,82.0,2.0,2.0,170.0,21.0,1.0,1.0,1.0,200.0,580.0,2.0,471.0,565.0,27.8,78.0,-57.0,100.0,Evans-Ti/Mn-1992-D170ht,0,0,0,1,0,0,0,0,326
0.079,0.37,1.82,0.006,0.007,0.0,0.0,0.0,0.0,324.0,255.0,81.0,2.0,2.0,170.0,21.0,1.0,1.0,1.0,200.0,250.0,14.0,536.0,612.0,25.4,76.0,,,Evans-Ti/Mn-1992-D255aw,0,0,0,1,0,0,0,0,403
0.079,0.37,1.82,0.006,0.007,0.0,0.0,0.0,0.0,324.0,255.0,81.0,2.0,2.0,170.0,21.0,1.0,1.0,1.0,200.0,0.0,0.0,,,,,-53.0,100.0,Evans-Ti/Mn-1992-D255aw,0,0,0,1,0,0,0,0,403
0.079,0.37,1.82,0.006,0.007,0.0,0.0,0.0,0.0,324.0,255.0,81.0,2.0,2.0,170.0,21.0,1.0,1.0,1.0,200.0,580.0,2.0,474.0,575.0,29.4,78.0,-61.0,100.0,Evans-Ti/Mn-1992-D255ht,0,0,0,1,0,0,0,0,403
0.074,0.25,1.4,0.008,0.007,0.0,0.0,0.0,0.0,475.0,1.0,79.0,37.5,0.0,170.0,21.0,1.0,1.0,1.0,200.0,0.0,0.0,445.0,528.0,28.2,78.0,,,KocakPEv-TiN-1994-O,0,0,0,1,0,0,0,0,298
0.077,0.27,1.46,0.008,0.007,0.0,0.0,0.0,0.0,459.0,28.0,81.0,37.5,0.0,170.0,21.0,1.0,1.0,1.0,200.0,0.0,0.0,471.0,544.0,25.2,77.0,,,KocakPREv-TiN-1994-Wa,0,0,0,1,0,0,0,0,367
0.074,0.3,1.45,0.007,0.009,0.0,0.0,0.0,0.0,337.0,120.0,84.0,37.5,0.0,170.0,21.0,1.0,1.0,1.0,200.0,0.0,0.0,480.0,538.0,27.8,79.8,,,KocakPREv-TiN-1994-Wc,0,0,0,1,0,0,0,0,304
0.072,0.38,1.5,0.006,0.01,0.0,0.0,0.0,0.0,291.0,260.0,77.0,37.5,0.0,170.0,21.0,1.0,1.0,1.0,200.0,0.0,0.0,509.0,578.0,26.4,78.9,,,KocakPREv-TiN-1994-Wd,0,0,0,1,0,0,0,0,273
0.069,0.45,1.47,0.005,0.006,0.0,0.0,0.0,0.0,282.0,410.0,77.0,37.5,0.0,170.0,21.0,1.0,1.0,1.0,200.0,0.0,0.0,504.0,577.0,25.8,79.8,,,KocakPREv-TiN-1994-Xa,0,0,0,1,0,0,0,0,225
0.07,0.45,1.5,0.005,0.006,0.0,0.0,0.0,0.0,294.0,550.0,75.0,37.5,0.0,170.0,21.0,1.0,1.0,1.0,200.0,0.0,0.0,530.0,597.0,25.0,81.6,,,KocakPREv-TiN-1994-Xb,0,0,0,1,0,0,0,0,245
0.074,0.28,1.58,0.008,0.008,0.0,0.0,0.0,0.0,404.0,2.0,145.0,37.5,0.0,170.0,21.0,1.0,1.0,1.0,200.0,0.0,0.0,473.0,566.0,24.0,77.0,,,KocakPREv-TiN-1994-O1,0,0,0,1,0,0,0,0,302
0.069,0.31,1.5,0.008,0.008,0.0,0.0,0.0,0.0,400.0,51.0,160.0,37.5,0.0,170.0,21.0,1.0,1.0,1.0,200.0,0.0,0.0,522.0,584.0,26.4,78.9,,,KocakPREv-TiN-1994-W1b,0,0,0,1,0,0,0,0,221
0.07,0.29,1.5,0.008,0.009,0.0,0.0,0.0,0.0,341.0,120.0,164.0,37.5,0.0,170.0,21.0,1.0,1.0,1.0,200.0,0.0,0.0,513.0,573.0,25.2,76.0,,,KocakPREv-TiN-1994-W1c,0,0,0,1,0,0,0,0,237
0.068,0.39,1.51,0.007,0.009,0.0,0.0,0.0,0.0,278.0,300.0,166.0,37.5,0.0,170.0,21.0,1.0,1.0,1.0,200.0,0.0,0.0,546.0,611.0,24.0,78.0,,,KocakPREv-TiN-1994-W1d,0,0,0,1,0,0,0,0,214
0.066,0.47,1.48,0.007,0.011,0.0,0.0,0.0,0.0,285.0,410.0,164.0,37.5,0.0,170.0,21.0,1.0,1.0,1.0,200.0,0.0,0.0,584.0,639.0,23.0,75.0,,,KocakPREv-TiN-1994-X1a,0,0,0,1,0,0,0,0,197
0.07,0.45,1.5,0.004,0.006,0.0,0.0,0.0,0.0,297.0,590.0,155.0,37.5,0.0,170.0,21.0,1.0,1.0,1.0,200.0,0.0,0.0,535.0,599.0,25.6,76.0,,,KocakPREv-TiN-1994-X1b,0,0,0,1,0,0,0,0,244
0.073,0.27,1.66,0.009,0.008,0.0,0.0,0.0,0.0,399.0,2.0,235.0,37.5,0.0,170.0,21.0,1.0,1.0,1.0,200.0,0.0,0.0,505.0,607.0,24.0,76.0,,,KocakPREv-TiN-1994-O2,0,0,0,1,0,0,0,0,278
0.069,0.26,1.45,0.01,0.009,0.0,0.0,0.0,0.0,391.0,29.0,226.0,37.5,0.0,170.0,21.0,1.0,1.0,1.0,200.0,0.0,0.0,492.0,581.0,25.8,77.9,,,KocakPREv-TiN-1994-W2a,0,0,0,1,0,0,0,0,218
0.07,0.28,1.45,0.009,0.009,0.0,0.0,0.0,0.0,315.0,120.0,239.0,37.5,0.0,170.0,21.0,1.0,1.0,1.0,200.0,0.0,0.0,523.0,599.0,29.2,77.0,,,KocakPREv-TiN-1994-W2c,0,0,0,1,0,0,0,0,236
0.066,0.43,1.47,0.005,0.006,0.0,0.0,0.0,0.0,322.0,690.0,240.0,37.5,0.0,170.0,21.0,1.0,1.0,1.0,200.0,0.0,0.0,552.0,615.0,26.4,78.0,,,KocakPREv-TiN-1994-X2b,0,0,0,1,0,0,0,0,194
0.038,0.3,1.0,0.005,0.014,0.0,0.0,0.0,0.0,460.0,0.0,100.0,37.5,0.0,170.0,21.0,1.0,1.0,1.0,150.0,0.0,0.0,413.0,498.0,31.2,80.6,-44.0,100.0,Evans-Mn-1977-Baw,0,0,0,1,0,0,0,0,17
0.038,0.3,1.0,0.005,0.014,0.0,0.0,0.0,0.0,460.0,0.0,100.0,37.5,0.0,170.0,21.0,1.0,1.0,1.0,150.0,500.0,2.0,402.0,490.0,31.0,80.6,-44.0,100.0,Evans-Mn-1977-Bht,0,0,0,1,0,0,0,0,17
0.049,0.34,1.42,0.005,0.013,0.0,0.0,0.0,0.0,410.0,0.0,90.0,37.5,0.0,170.0,21.0,1.0,1.0,1.0,150.0,0.0,0.0,468.0,551.0,29.4,78.7,-53.0,100.0,Evans-Mn-1977-Caw,0,0,0,1,0,0,0,0,89
0.049,0.34,1.42,0.005,0.013,0.0,0.0,0.0,0.0,410.0,0.0,90.0,37.5,0.0,170.0,21.0,1.0,1.0,1.0,150.0,500.0,2.0,436.0,529.0,31.6,78.8,-50.0,100.0,Evans-Mn-1977-Cht,0,0,0,1,0,0,0,0,89
0.051,0.34,1.82,0.006,0.017,0.0,0.0,0.0,0.0,390.0,0.0,90.0,37.5,0.0,170.0,21.0,1.0,1.0,1.0,150.0,0.0,0.0,514.0,588.0,28.0,76.8,-43.0,100.0,Evans-Mn-1977-Daw,0,0,0,1,0,0,0,0,125
0.051,0.34,1.82,0.006,0.017,0.0,0.0,0.0,0.0,390.0,0.0,90.0,37.5,0.0,170.0,21.0,1.0,1.0,1.0,150.0,500.0,2.0,479.0,576.0,27.4,76.9,-36.0,100.0,Evans-Mn-1977-Dht,0,0,0,1,0,0,0,0,125
0.05,0.25,1.21,0.013,0.024,1.84,0.05,0.34,0.01,444.0,0.0,143.0,37.5,0.0,170.0,24.0,1.0,1.0,2.1,107.0,0.0,0.0,665.0,715.0,23.8,,-73.0,50.0,SurianEtAl-C-1991-0.05awCh,0,0,0,1,0,0,0,0,97
0.05,0.25,1.21,0.013,0.024,1.84,0.05,0.34,0.01,444.0,0.0,143.0,37.5,0.0,170.0,24.0,1.0,1.0,2.1,107.0,620.0,1.0,673.0,680.0,23.8,,-42.0,50.0,SurianEtAl-C-1991-0.05htCh,0,0,0,1,0,0,0,0,97
0.1,0.34,1.42,0.009,0.028,1.92,0.05,0.35,0.01,345.0,0.0,87.0,37.5,0.0,170.0,24.0,1.0,1.0,2.1,107.0,0.0,0.0,798.0,858.0,19.6,,-64.0,50.0,SurianEtAl-C-1991-0.10awCh,0,0,0,1,0,0,0,0,524
0.1,0.34,1.42,0.009,0.028,1.92,0.05,0.35,0.01,345.0,0.0,87.0,37.5,0.0,170.0,24.0,1.0,1.0,2.1,107.0,620.0,1.0,765.0,858.0,20.6,,-14.0,50.0,SurianEtAl-C-1991-0.10htCh,0,0,0,1,0,0,0,0,524
0.12,0.33,1.41,0.011,0.031,1.88,0.05,0.34,0.01,329.0,0.0,99.0,37.5,0.0,170.0,24.0,1.0,1.0,2.1,107.0,0.0,0.0,808.0,875.0,16.6,,-39.0,50.0,SurianEtAl-C-1991-0.12awCh,0,0,0,1,0,0,0,0,594
0.12,0.33,1.41,0.011,0.031,1.88,0.05,0.34,0.01,329.0,0.0,99.0,37.5,0.0,170.0,24.0,1.0,1.0,2.1,107.0,620.0,1.0,795.0,895.0,18.0,,-3.0,50.0,SurianEtAl-C-1991-0.12htCh,0,0,0,1,0,0,0,0,594
0.04,0.24,0.84,0.009,0.01,2.2,0.0,0.0,0.0,300.0,150.0,82.0,37.5,0.0,165.0,25.0,1.0,-1.0,1.0,200.0,0.0,0.0,481.0,616.0,23.0,69.0,,,Alekseev&-CMnNi-1991-CH1,0,0,0,1,0,0,0,0,28
0.04,0.22,0.81,0.009,0.011,2.19,0.0,0.0,0.0,300.0,120.0,82.0,37.5,0.0,165.0,25.0,1.0,-1.0,1.0,200.0,0.0,0.0,471.0,596.0,23.0,66.0,,,Alekseev&-CMnNi-1991-CH2,0,0,0,1,0,0,0,0,23
0.04,0.24,0.82,0.009,0.01,2.2,0.0,0.0,0.0,300.0,150.0,82.0,37.5,0.0,165.0,25.0,1.0,-1.0,1.0,200.0,0.0,0.0,525.0,623.0,21.0,65.0,,,Alekseev&-CMnNi-1991-CH4,0,0,0,1,0,0,0,0,27
0.04,0.23,0.83,0.01,0.011,2.21,0.0,0.0,0.0,320.0,140.0,82.0,37.5,0.0,165.0,25.0,1.0,-1.0,1.0,200.0,0.0,0.0,536.0,635.0,23.0,65.0,,,Alekseev&-CMnNi-1991-CH5,0,0,0,1,0,0,0,0,26
0.04,0.23,0.83,0.01,0.011,2.21,0.0,0.0,0.0,320.0,130.0,82.0,37.5,0.0,165.0,25.0,1.0,-1.0,1.0,200.0,0.0,0.0,566.0,674.0,21.0,62.0,,,Alekseev&-CMnNi-1991-CH6,0,0,0,1,0,0,0,0,25
0.04,0.2,0.8,0.01,0.011,2.2,0.0,0.0,0.0,370.0,140.0,82.0,37.5,0.0,165.0,25.0,1.0,-1.0,1.0,200.0,0.0,0.0,573.0,690.0,21.0,62.0,,,Alekseev&-CMnNi-1991-CH7,0,0,0,1,0,0,0,0,22
0.099,0.17,1.01,0.007,0.012,0.08,9.3,1.0,0.2,634.0,0.0,539.0,37.5,460.0,180.0,34.0,1.0,1.0,1.0,175.0,750.0,8.0,617.0,762.0,18.4,61.2,,,Evans-AlEl9Cr1Mo-1994--,0,0,0,1,0,0,0,0,510
0.093,0.16,1.03,0.008,0.012,0.98,9.08,0.98,0.19,651.0,0.0,515.0,37.5,430.0,180.0,34.0,1.0,1.0,1.0,175.0,750.0,8.0,551.0,751.0,19.6,64.5,,,Evans-AlEl9Cr1Mo-1994-1Ni,0,0,0,1,0,0,0,0,489
0.101,0.17,1.02,0.008,0.012,1.92,9.12,1.0,0.19,664.0,0.0,494.0,37.5,470.0,180.0,34.0,1.0,1.0,1.0,175.0,750.0,8.0,672.0,866.0,13.6,56.8,,,Evans-AlEl9Cr1Mo-1994-2Ni,0,0,0,1,0,0,0,0,540
0.095,0.16,1.02,0.007,0.012,3.01,9.17,0.96,0.19,610.0,0.0,489.0,37.5,450.0,180.0,34.0,1.0,1.0,1.0,175.0,750.0,8.0,920.0,1151.0,10.6,47.6,,,Evans-AlEl9Cr1Mo-1994-3Ni,0,0,0,1,0,0,0,0,497
0.096,0.16,1.01,0.007,0.013,0.0,9.16,0.99,0.19,672.0,0.0,552.0,37.5,450.0,180.0,34.0,1.0,1.0,1.0,175.0,750.0,8.0,525.0,696.0,19.8,64.4,,,Evans-AlEl9Cr1Mo-1994-1Co,0,0,0,1,0,0,0,0,503
0.094,0.18,1.0,0.008,0.017,0.0,9.31,0.98,0.19,687.0,0.0,517.0,37.5,430.0,180.0,34.0,1.0,1.0,1.0,175.0,750.0,8.0,526.0,690.0,21.9,66.0,,,Evans-AlEl9Cr1Mo-1994-2Co,0,0,0,1,0,0,0,0,493
0.091,0.16,1.0,0.008,0.015,0.0,9.3,0.98,0.19,666.0,0.0,520.0,37.5,410.0,180.0,34.0,1.0,1.0,1.0,175.0,750.0,8.0,481.0,672.0,23.7,66.7,,,Evans-AlEl9Cr1Mo-1994-3Co,0,0,0,1,0,0,0,0,484
0.095,0.18,1.04,0.008,0.015,0.0,9.35,1.0,0.19,656.0,0.0,544.0,37.5,510.0,180.0,34.0,1.0,1.0,1.0,175.0,750.0,8.0,526.0,702.0,19.6,59.3,,,Evans-AlEl9Cr1Mo-1994-1W,0,0,0,1,0,0,0,0,498
0.096,0.2,0.99,0.007,0.015,0.0,9.25,0.91,0.19,669.0,0.0,526.0,37.5,530.0,180.0,34.0,1.0,1.0,1.0,175.0,750.0,8.0,515.0,698.0,18.9,59.0,,,Evans-AlEl9Cr1Mo-1994-2W,0,0,0,1,0,0,0,0,504
0.094,0.2,1.03,0.008,0.015,0.0,9.26,0.84,0.19,640.0,0.0,537.0,37.5,580.0,180.0,34.0,1.0,1.0,1.0,175.0,750.0,8.0,489.0,686.0,18.7,49.6,,,Evans-AlEl9Cr1Mo-1994-3W,0,0,0,1,0,0,0,0,495
0.097,0.18,1.0,0.007,0.015,0.93,9.1,0.96,0.19,667.0,0.0,529.0,37.5,460.0,180.0,34.0,1.0,1.0,1.0,175.0,750.0,8.0,531.0,738.0,17.3,58.1,,,Evans-AlEl9Cr1Mo-1994-1W1Ni,0,0,0,1,0,0,0,0,506
0.09,0.17,0.97,0.008,0.015,0.0,9.2,0.96,0.18,662.0,0.0,523.0,37.5,450.0,180.0,34.0,1.0,1.0,1.0,175.0,750.0,8.0,524.0,701.0,20.7,63.7,,,Evans-AlEl9Cr1Mo-1994-1W2Co,0,0,0,1,0,0,0,0,464
0.05,0.46,0.96,0.01,0.017,0.03,0.0,0.01,0.0,443.0,0.0,84.0,37.5,0.0,170.0,21.0,1.0,1.0,1.8,100.0,250.0,16.0,449.0,542.0,,,,,RaiterGonzal-Mo-1989-1aw,0,0,0,1,0,0,0,0,120
0.05,0.46,0.96,0.01,0.017,0.03,0.0,0.01,0.0,443.0,0.0,84.0,37.5,0.0,170.0,21.0,1.0,1.0,1.8,100.0,620.0,1.0,416.0,507.0,,,,,RaiterGonzal-Mo-1989-1ht,0,0,0,1,0,0,0,0,120
0.06,0.44,1.6,0.01,0.018,0.03,0.0,0.01,0.0,395.0,0.0,102.0,37.5,0.0,170.0,21.0,1.0,1.0,1.8,100.0,250.0,16.0,550.0,615.0,,,,,RaiterGonzal-Mo-1989-4aw,0,0,0,1,0,0,0,0,162
0.06,0.44,1.6,0.01,0.018,0.03,0.0,0.01,0.0,395.0,0.0,102.0,37.5,0.0,170.0,21.0,1.0,1.0,1.8,100.0,620.0,1.0,494.0,556.0,,,,,RaiterGonzal-Mo-1989-4ht,0,0,0,1,0,0,0,0,162
0.06,0.46,1.63,0.01,0.02,0.02,0.0,0.34,0.0,407.0,0.0,106.0,37.5,0.0,170.0,21.0,1.0,1.0,1.8,100.0,250.0,16.0,612.0,688.0,,,,,RaiterGonzal-Mo-1989-5aw,0,0,0,1,0,0,0,0,163
0.06,0.46,1.63,0.01,0.02,0.02,0.0,0.34,0.0,407.0,0.0,106.0,37.5,0.0,170.0,21.0,1.0,1.0,1.8,100.0,620.0,1.0,591.0,674.0,,,,,RaiterGonzal-Mo-1989-5ht,0,0,0,1,0,0,0,0,163
0.055,0.48,1.62,0.011,0.021,0.02,0.0,0.54,0.0,371.0,0.0,93.0,37.5,0.0,170.0,21.0,1.0,1.0,1.8,100.0,250.0,16.0,673.0,737.0,,,,,RaiterGonzal-Mo-1989-6aw,0,0,0,1,0,0,0,0,141
0.055,0.48,1.62,0.011,0.021,0.02,0.0,0.54,0.0,371.0,0.0,93.0,37.5,0.0,170.0,21.0,1.0,1.0,1.8,100.0,620.0,1.0,628.0,727.0,,,,,RaiterGonzal-Mo-1989-6ht,0,0,0,1,0,0,0,0,141
0.06,0.42,2.0,0.01,0.02,0.02,0.0,0.01,0.0,371.0,0.0,117.0,37.5,0.0,170.0,21.0,1.0,1.0,1.8,100.0,250.0,16.0,583.0,664.0,,,,,RaiterGonzal-Mo-1989-7aw,0,0,0,1,0,0,0,0,161
0.06,0.42,2.0,0.01,0.02,0.02,0.0,0.01,0.0,371.0,0.0,117.0,37.5,0.0,170.0,21.0,1.0,1.0,1.8,100.0,620.0,1.0,530.0,626.0,,,,,RaiterGonzal-Mo-1989-7ht,0,0,0,1,0,0,0,0,161
0.06,0.39,1.95,0.01,0.021,0.02,0.0,0.34,0.0,395.0,0.0,125.0,37.5,0.0,170.0,21.0,1.0,1.0,1.8,100.0,250.0,16.0,677.0,741.0,,,,,RaiterGonzal-Mo-1989-8aw,0,0,0,1,0,0,0,0,160
0.06,0.39,1.95,0.01,0.021,0.02,0.0,0.34,0.0,395.0,0.0,125.0,37.5,0.0,170.0,21.0,1.0,1.0,1.8,100.0,620.0,1.0,632.0,709.0,,,,,RaiterGonzal-Mo-1989-8ht,0,0,0,1,0,0,0,0,160
0.055,0.39,1.99,0.01,0.022,0.02,0.0,0.54,0.0,364.0,0.0,102.0,37.5,0.0,170.0,21.0,1.0,1.0,1.8,100.0,250.0,16.0,701.0,748.0,,,,,RaiterGonzal-Mo-1989-9aw,0,0,0,1,0,0,0,0,139
0.055,0.39,1.99,0.01,0.022,0.02,0.0,0.54,0.0,364.0,0.0,102.0,37.5,0.0,170.0,21.0,1.0,1.0,1.8,100.0,620.0,1.0,693.0,783.0,,,,,RaiterGonzal-Mo-1989-9ht,0,0,0,1,0,0,0,0,139
0.03,0.45,0.78,0.013,0.01,0.0,0.0,0.0,0.0,336.0,140.0,95.0,90.0,0.0,180.0,23.0,1.0,1.0,1.0,250.0,0.0,0.0,408.0,,,,,,SvenGret-1990-1,0,0,0,1,0,0,0,0,1
0.03,0.45,0.78,0.013,0.01,0.0,0.0,0.0,0.0,336.0,140.0,95.0,90.0,0.0,180.0,23.0,1.0,1.0,1.0,250.0,0.0,0.0,,,,,-60.0,5.0,SvenGret-1990-1Ch-6,0,0,0,1,0,0,0,0,1
0.03,0.45,0.78,0.013,0.01,0.0,0.0,0.0,0.0,336.0,140.0,95.0,90.0,0.0,180.0,23.0,1.0,1.0,1.0,250.0,0.0,0.0,,,,,-40.0,12.0,SvenGret-1990-1Ch-4,0,0,0,1,0,0,0,0,1
0.03,0.45,0.78,0.013,0.01,0.0,0.0,0.0,0.0,336.0,140.0,95.0,90.0,0.0,180.0,23.0,1.0,1.0,1.0,250.0,0.0,0.0,,,,,-20.0,48.0,SvenGret-1990-1Ch-2,0,0,0,1,0,0,0,0,1
0.03,0.45,0.78,0.013,0.01,0.0,0.0,0.0,0.0,336.0,140.0,95.0,90.0,0.0,180.0,23.0,1.0,1.0,1.0,250.0,0.0,0.0,,,,,0.0,136.0,SvenGret-1990-1Ch0,0,0,0,1,0,0,0,0,1
0.03,0.45,0.78,0.013,0.01,0.0,0.0,0.0,0.0,336.0,140.0,95.0,90.0,0.0,180.0,23.0,1.0,1.0,1.0,250.0,0.0,0.0,,,,,20.0,212.0,SvenGret-1990-1Ch2,0,0,0,1,0,0,0,0,1
0.032,0.45,1.27,0.008,0.01,0.0,0.0,0.0,0.0,321.0,130.0,94.0,90.0,0.0,180.0,23.0,1.0,1.0,1.0,250.0,0.0,0.0,440.0,,,,,,SvenGret-1990-2,0,0,0,1,0,0,0,0,4
0.032,0.45,1.27,0.008,0.01,0.0,0.0,0.0,0.0,321.0,130.0,94.0,90.0,0.0,180.0,23.0,1.0,1.0,1.0,250.0,0.0,0.0,,,,,-60.0,10.0,SvenGret-1990-2Ch-6,0,0,0,1,0,0,0,0,4
0.032,0.45,1.27,0.008,0.01,0.0,0.0,0.0,0.0,321.0,130.0,94.0,90.0,0.0,180.0,23.0,1.0,1.0,1.0,250.0,0.0,0.0,,,,,-40.0,21.0,SvenGret-1990-2Ch-4,0,0,0,1,0,0,0,0,4
0.032,0.45,1.27,0.008,0.01,0.0,0.0,0.0,0.0,321.0,130.0,94.0,90.0,0.0,180.0,23.0,1.0,1.0,1.0,250.0,0.0,0.0,,,,,-20.0,38.0,SvenGret-1990-2Ch-2,0,0,0,1,0,0,0,0,4
0.032,0.45,1.27,0.008,0.01,0.0,0.0,0.0,0.0,321.0,130.0,94.0,90.0,0.0,180.0,23.0,1.0,1.0,1.0,250.0,0.0,0.0,,,,,0.0,152.0,SvenGret-1990-2Ch0,0,0,0,1,0,0,0,0,4
0.032,0.45,1.27,0.008,0.01,0.0,0.0,0.0,0.0,321.0,130.0,94.0,90.0,0.0,180.0,23.0,1.0,1.0,1.0,250.0,0.0,0.0,,,,,20.0,195.0,SvenGret-1990-2Ch2,0,0,0,1,0,0,0,0,4
0.031,0.42,1.71,0.004,0.01,0.0,0.0,0.0,0.0,297.0,110.0,109.0,80.0,0.0,180.0,23.0,1.0,1.0,1.0,250.0,0.0,0.0,488.0,,,,,,SvenGret-1990-3,0,0,0,1,0,0,0,0,3
0.031,0.42,1.71,0.004,0.01,0.0,0.0,0.0,0.0,297.0,110.0,109.0,80.0,0.0,180.0,23.0,1.0,1.0,1.0,250.0,0.0,0.0,,,,,-60.0,29.0,SvenGret-1990-3Ch-6,0,0,0,1,0,0,0,0,3
0.031,0.42,1.71,0.004,0.01,0.0,0.0,0.0,0.0,297.0,110.0,109.0,80.0,0.0,180.0,23.0,1.0,1.0,1.0,250.0,0.0,0.0,,,,,-40.0,71.0,SvenGret-1990-3Ch-4,0,0,0,1,0,0,0,0,3
0.031,0.42,1.71,0.004,0.01,0.0,0.0,0.0,0.0,297.0,110.0,109.0,80.0,0.0,180.0,23.0,1.0,1.0,1.0,250.0,0.0,0.0,,,,,-20.0,143.0,SvenGret-1990-3Ch-2,0,0,0,1,0,0,0,0,3
0.031,0.42,1.71,0.004,0.01,0.0,0.0,0.0,0.0,297.0,110.0,109.0,80.0,0.0,180.0,23.0,1.0,1.0,1.0,250.0,0.0,0.0,,,,,0.0,186.0,SvenGret-1990-3Ch0,0,0,0,1,0,0,0,0,3
0.031,0.42,1.71,0.004,0.01,0.0,0.0,0.0,0.0,297.0,110.0,109.0,80.0,0.0,180.0,23.0,1.0,1.0,1.0,250.0,0.0,0.0,,,,,20.0,195.0,SvenGret-1990-3Ch223,0,0,0,1,0,0,0,0,3
0.032,0.45,2.05,0.002,0.01,0.0,0.0,0.0,0.0,320.0,120.0,119.0,90.0,0.0,180.0,23.0,1.0,1.0,1.0,250.0,0.0,0.0,506.0,,,,,,SvenGret-1990-4,0,0,0,1,0,0,0,0,5
0.032,0.45,2.05,0.002,0.01,0.0,0.0,0.0,0.0,320.0,120.0,119.0,90.0,0.0,180.0,23.0,1.0,1.0,1.0,250.0,0.0,0.0,,,,,-60.0,57.0,SvenGret-1990-4Ch-6,0,0,0,1,0,0,0,0,5
0.032,0.45,2.05,0.002,0.01,0.0,0.0,0.0,0.0,320.0,120.0,119.0,90.0,0.0,180.0,23.0,1.0,1.0,1.0,250.0,0.0,0.0,,,,,-40.0,88.0,SvenGret-1990-4Ch-4,0,0,0,1,0,0,0,0,5
0.032,0.45,2.05,0.002,0.01,0.0,0.0,0.0,0.0,320.0,120.0,119.0,90.0,0.0,180.0,23.0,1.0,1.0,1.0,250.0,0.0,0.0,,,,,-20.0,143.0,SvenGret-1990-4Ch-2,0,0,0,1,0,0,0,0,5
0.032,0.45,2.05,0.002,0.01,0.0,0.0,0.0,0.0,320.0,120.0,119.0,90.0,0.0,180.0,23.0,1.0,1.0,1.0,250.0,0.0,0.0,,,,,0.0,167.0,SvenGret-1990-4Ch0,0,0,0,1,0,0,0,0,5
0.032,0.45,2.05,0.002,0.01,0.0,0.0,0.0,0.0,320.0,120.0,119.0,90.0,0.0,180.0,23.0,1.0,1.0,1.0,250.0,0.0,0.0,,,,,20.0,183.0,SvenGret-1990-4Ch2,0,0,0,1,0,0,0,0,5
0.059,0.34,0.77,0.01,0.01,0.0,0.0,0.0,0.0,306.0,110.0,66.0,70.0,0.0,180.0,23.0,1.0,1.0,1.0,250.0,0.0,0.0,400.0,,,,,,SvenGret-1990-5,0,0,0,1,0,0,0,0,150
0.059,0.34,0.77,0.01,0.01,0.0,0.0,0.0,0.0,306.0,110.0,66.0,70.0,0.0,180.0,23.0,1.0,1.0,1.0,250.0,0.0,0.0,,,,,-60.0,43.0,SvenGret-1990-5Ch-6,0,0,0,1,0,0,0,0,150
0.059,0.34,0.77,0.01,0.01,0.0,0.0,0.0,0.0,306.0,110.0,66.0,70.0,0.0,180.0,23.0,1.0,1.0,1.0,250.0,0.0,0.0,,,,,-40.0,98.0,SvenGret-1990-5Ch-4,0,0,0,1,0,0,0,0,150
0.059,0.34,0.77,0.01,0.01,0.0,0.0,0.0,0.0,306.0,110.0,66.0,70.0,0.0,180.0,23.0,1.0,1.0,1.0,250.0,0.0,0.0,,,,,-20.0,157.0,SvenGret-1990-5Ch-2,0,0,0,1,0,0,0,0,150
0.059,0.34,0.77,0.01,0.01,0.0,0.0,0.0,0.0,306.0,110.0,66.0,70.0,0.0,180.0,23.0,1.0,1.0,1.0,250.0,0.0,0.0,,,,,0.0,190.0,SvenGret-1990-5Ch0,0,0,0,1,0,0,0,0,150
0.059,0.34,0.77,0.01,0.01,0.0,0.0,0.0,0.0,306.0,110.0,66.0,70.0,0.0,180.0,23.0,1.0,1.0,1.0,250.0,0.0,0.0,,,,,20.0,200.0,SvenGret-1990-5Ch2,0,0,0,1,0,0,0,0,150
0.059,0.33,1.09,0.008,0.01,0.0,0.0,0.0,0.0,310.0,100.0,64.0,70.0,0.0,180.0,23.0,1.0,1.0,1.0,250.0,0.0,0.0,430.0,,,,,,SvenGret-1990-6,0,0,0,1,0,0,0,0,149
0.059,0.33,1.09,0.008,0.01,0.0,0.0,0.0,0.0,310.0,100.0,64.0,70.0,0.0,180.0,23.0,1.0,1.0,1.0,250.0,0.0,0.0,,,,,-60.0,12.0,SvenGret-1990-6Ch-6,0,0,0,1,0,0,0,0,149
0.059,0.33,1.09,0.008,0.01,0.0,0.0,0.0,0.0,310.0,100.0,64.0,70.0,0.0,180.0,23.0,1.0,1.0,1.0,250.0,0.0,0.0,,,,,-40.0,86.0,SvenGret-1990-6Ch-4,0,0,0,1,0,0,0,0,149
0.059,0.33,1.09,0.008,0.01,0.0,0.0,0.0,0.0,310.0,100.0,64.0,70.0,0.0,180.0,23.0,1.0,1.0,1.0,250.0,0.0,0.0,,,,,-20.0,124.0,SvenGret-1990-6Ch-2,0,0,0,1,0,0,0,0,149
0.059,0.33,1.09,0.008,0.01,0.0,0.0,0.0,0.0,310.0,100.0,64.0,70.0,0.0,180.0,23.0,1.0,1.0,1.0,250.0,0.0,0.0,,,,,0.0,176.0,SvenGret-1990-6Ch0,0,0,0,1,0,0,0,0,149
0.059,0.33,1.09,0.008,0.01,0.0,0.0,0.0,0.0,310.0,100.0,64.0,70.0,0.0,180.0,23.0,1.0,1.0,1.0,250.0,0.0,0.0,,,,,20.0,181.0,SvenGret-1990-6Ch2,0,0,0,1,0,0,0,0,149
0.065,0.33,1.83,0.003,0.01,0.0,0.0,0.0,0.0,291.0,90.0,76.0,70.0,0.0,180.0,23.0,1.0,1.0,1.0,250.0,0.0,0.0,496.0,,,,,,SvenGret-1990-8,0,0,0,1,0,0,0,0,185
0.065,0.33,1.83,0.003,0.01,0.0,0.0,0.0,0.0,291.0,90.0,76.0,70.0,0.0,180.0,23.0,1.0,1.0,1.0,250.0,0.0,0.0,,,,,-60.0,88.0,SvenGret-1990-8Ch-6,0,0,0,1,0,0,0,0,185
0.065,0.33,1.83,0.003,0.01,0.0,0.0,0.0,0.0,291.0,90.0,76.0,70.0,0.0,180.0,23.0,1.0,1.0,1.0,250.0,0.0,0.0,,,,,-40.0,121.0,SvenGret-1990-8Ch-4,0,0,0,1,0,0,0,0,185
0.065,0.33,1.83,0.003,0.01,0.0,0.0,0.0,0.0,291.0,90.0,76.0,70.0,0.0,180.0,23.0,1.0,1.0,1.0,250.0,0.0,0.0,,,,,-20.0,150.0,SvenGret-1990-8Ch-2,0,0,0,1,0,0,0,0,185
0.065,0.33,1.83,0.003,0.01,0.0,0.0,0.0,0.0,291.0,90.0,76.0,70.0,0.0,180.0,23.0,1.0,1.0,1.0,250.0,0.0,0.0,,,,,0.0,152.0,SvenGret-1990-8Ch0,0,0,0,1,0,0,0,0,185
0.065,0.33,1.83,0.003,0.01,0.0,0.0,0.0,0.0,291.0,90.0,76.0,70.0,0.0,180.0,23.0,1.0,1.0,1.0,250.0,0.0,0.0,,,,,20.0,174.0,SvenGret-1990-8Ch2,0,0,0,1,0,0,0,0,185
0.09,0.41,0.78,0.013,0.01,0.0,0.0,0.0,0.0,421.0,140.0,36.0,30.0,0.0,180.0,23.0,1.0,1.0,1.0,250.0,0.0,0.0,430.0,,,,,,SvenGret-1990-9,0,0,0,1,0,0,0,0,477
0.09,0.41,0.78,0.013,0.01,0.0,0.0,0.0,0.0,421.0,140.0,36.0,30.0,0.0,180.0,23.0,1.0,1.0,1.0,250.0,0.0,0.0,,,,,-60.0,39.0,SvenGret-1990-9Ch-6,0,0,0,1,0,0,0,0,477
0.09,0.41,0.78,0.013,0.01,0.0,0.0,0.0,0.0,421.0,140.0,36.0,30.0,0.0,180.0,23.0,1.0,1.0,1.0,250.0,0.0,0.0,,,,,-40.0,95.0,SvenGret-1990-9Ch-4,0,0,0,1,0,0,0,0,477
0.09,0.41,0.78,0.013,0.01,0.0,0.0,0.0,0.0,421.0,140.0,36.0,30.0,0.0,180.0,23.0,1.0,1.0,1.0,250.0,0.0,0.0,,,,,-20.0,160.0,SvenGret-1990-9Ch-2,0,0,0,1,0,0,0,0,477
0.09,0.41,0.78,0.013,0.01,0.0,0.0,0.0,0.0,421.0,140.0,36.0,30.0,0.0,180.0,23.0,1.0,1.0,1.0,250.0,0.0,0.0,,,,,0.0,148.0,SvenGret-1990-9Ch0,0,0,0,1,0,0,0,0,477
0.09,0.41,0.78,0.013,0.01,0.0,0.0,0.0,0.0,421.0,140.0,36.0,30.0,0.0,180.0,23.0,1.0,1.0,1.0,250.0,0.0,0.0,,,,,20.0,198.0,SvenGret-1990-9Ch2,0,0,0,1,0,0,0,0,477
0.089,0.35,1.18,0.011,0.01,0.0,0.0,0.0,0.0,404.0,120.0,73.0,80.0,0.0,180.0,23.0,1.0,1.0,1.0,250.0,0.0,0.0,450.0,,,,,,SvenGret-1990-10,0,0,0,1,0,0,0,0,461
0.089,0.35,1.18,0.011,0.01,0.0,0.0,0.0,0.0,404.0,120.0,73.0,80.0,0.0,180.0,23.0,1.0,1.0,1.0,250.0,0.0,0.0,,,,,-60.0,60.0,SvenGret-1990-10Ch-6,0,0,0,1,0,0,0,0,461
0.089,0.35,1.18,0.011,0.01,0.0,0.0,0.0,0.0,404.0,120.0,73.0,80.0,0.0,180.0,23.0,1.0,1.0,1.0,250.0,0.0,0.0,,,,,-40.0,117.0,SvenGret-1990-10Ch-4,0,0,0,1,0,0,0,0,461
0.089,0.35,1.18,0.011,0.01,0.0,0.0,0.0,0.0,404.0,120.0,73.0,80.0,0.0,180.0,23.0,1.0,1.0,1.0,250.0,0.0,0.0,,,,,-20.0,162.0,SvenGret-1990-10Ch-2,0,0,0,1,0,0,0,0,461
0.089,0.35,1.18,0.011,0.01,0.0,0.0,0.0,0.0,404.0,120.0,73.0,80.0,0.0,180.0,23.0,1.0,1.0,1.0,250.0,0.0,0.0,,,,,0.0,186.0,SvenGret-1990-10Ch0,0,0,0,1,0,0,0,0,461
0.089,0.35,1.18,0.011,0.01,0.0,0.0,0.0,0.0,404.0,120.0,73.0,80.0,0.0,180.0,23.0,1.0,1.0,1.0,250.0,0.0,0.0,,,,,20.0,188.0,SvenGret-1990-10Ch2,0,0,0,1,0,0,0,0,461
0.088,0.37,1.59,0.011,0.01,0.0,0.0,0.0,0.0,491.0,120.0,77.0,30.0,0.0,180.0,23.0,1.0,1.0,1.0,250.0,0.0,0.0,478.0,,,,,,SvenGret-1990-11,0,0,0,1,0,0,0,0,454
0.088,0.37,1.59,0.011,0.01,0.0,0.0,0.0,0.0,491.0,120.0,77.0,30.0,0.0,180.0,23.0,1.0,1.0,1.0,250.0,0.0,0.0,,,,,-60.0,81.0,SvenGret-1990-11Ch-6,0,0,0,1,0,0,0,0,454
0.088,0.37,1.59,0.011,0.01,0.0,0.0,0.0,0.0,491.0,120.0,77.0,30.0,0.0,180.0,23.0,1.0,1.0,1.0,250.0,0.0,0.0,,,,,-40.0,110.0,SvenGret-1990-11Ch-4,0,0,0,1,0,0,0,0,454
0.088,0.37,1.59,0.011,0.01,0.0,0.0,0.0,0.0,491.0,120.0,77.0,30.0,0.0,180.0,23.0,1.0,1.0,1.0,250.0,0.0,0.0,,,,,-20.0,157.0,SvenGret-1990-11Ch-2,0,0,0,1,0,0,0,0,454
0.088,0.37,1.59,0.011,0.01,0.0,0.0,0.0,0.0,491.0,120.0,77.0,30.0,0.0,180.0,23.0,1.0,1.0,1.0,250.0,0.0,0.0,,,,,0.0,160.0,SvenGret-1990-11Ch0,0,0,0,1,0,0,0,0,454
0.088,0.37,1.59,0.011,0.01,0.0,0.0,0.0,0.0,491.0,120.0,77.0,30.0,0.0,180.0,23.0,1.0,1.0,1.0,250.0,0.0,0.0,,,,,20.0,174.0,SvenGret-1990-11Ch2,0,0,0,1,0,0,0,0,454
0.12,0.43,0.86,0.011,0.014,0.0,0.0,0.0,0.0,329.0,150.0,54.0,50.0,0.0,180.0,23.0,1.0,1.0,1.0,250.0,0.0,0.0,445.0,,,,,,SvenGret-1990-13,0,0,0,1,0,0,0,0,597
0.12,0.43,0.86,0.011,0.014,0.0,0.0,0.0,0.0,329.0,150.0,54.0,50.0,0.0,180.0,23.0,1.0,1.0,1.0,250.0,0.0,0.0,,,,,-60.0,86.0,SvenGret-1990-13Ch-6,0,0,0,1,0,0,0,0,597
0.12,0.43,0.86,0.011,0.014,0.0,0.0,0.0,0.0,329.0,150.0,54.0,50.0,0.0,180.0,23.0,1.0,1.0,1.0,250.0,0.0,0.0,,,,,-40.0,114.0,SvenGret-1990-13Ch-4,0,0,0,1,0,0,0,0,597
0.12,0.43,0.86,0.011,0.014,0.0,0.0,0.0,0.0,329.0,150.0,54.0,50.0,0.0,180.0,23.0,1.0,1.0,1.0,250.0,0.0,0.0,,,,,-20.0,140.0,SvenGret-1990-13Ch-2,0,0,0,1,0,0,0,0,597
0.12,0.43,0.86,0.011,0.014,0.0,0.0,0.0,0.0,329.0,150.0,54.0,50.0,0.0,180.0,23.0,1.0,1.0,1.0,250.0,0.0,0.0,,,,,0.0,183.0,SvenGret-1990-13Ch0,0,0,0,1,0,0,0,0,597
0.12,0.43,0.86,0.011,0.014,0.0,0.0,0.0,0.0,329.0,150.0,54.0,50.0,0.0,180.0,23.0,1.0,1.0,1.0,250.0,0.0,0.0,,,,,20.0,190.0,SvenGret-1990-13Ch2,0,0,0,1,0,0,0,0,597
0.12,0.44,1.35,0.01,0.014,0.0,0.0,0.0,0.0,326.0,150.0,55.0,30.0,0.0,180.0,23.0,1.0,1.0,1.0,250.0,0.0,0.0,516.0,,,,,,SvenGret-1990-14,0,0,0,1,0,0,0,0,598
0.12,0.44,1.35,0.01,0.014,0.0,0.0,0.0,0.0,326.0,150.0,55.0,30.0,0.0,180.0,23.0,1.0,1.0,1.0,250.0,0.0,0.0,,,,,-60.0,100.0,SvenGret-1990-14Ch-6,0,0,0,1,0,0,0,0,598
0.12,0.44,1.35,0.01,0.014,0.0,0.0,0.0,0.0,326.0,150.0,55.0,30.0,0.0,180.0,23.0,1.0,1.0,1.0,250.0,0.0,0.0,,,,,-40.0,138.0,SvenGret-1990-14Ch-4,0,0,0,1,0,0,0,0,598
0.12,0.44,1.35,0.01,0.014,0.0,0.0,0.0,0.0,326.0,150.0,55.0,30.0,0.0,180.0,23.0,1.0,1.0,1.0,250.0,0.0,0.0,,,,,-20.0,145.0,SvenGret-1990-14Ch-2,0,0,0,1,0,0,0,0,598
0.12,0.44,1.35,0.01,0.014,0.0,0.0,0.0,0.0,326.0,150.0,55.0,30.0,0.0,180.0,23.0,1.0,1.0,1.0,250.0,0.0,0.0,,,,,0.0,162.0,SvenGret-1990-14Ch0,0,0,0,1,0,0,0,0,598
0.12,0.44,1.35,0.01,0.014,0.0,0.0,0.0,0.0,326.0,150.0,55.0,30.0,0.0,180.0,23.0,1.0,1.0,1.0,250.0,0.0,0.0,,,,,20.0,176.0,SvenGret-1990-14Ch2,0,0,0,1,0,0,0,0,598
0.13,0.37,1.83,0.01,0.011,0.0,0.0,0.0,0.0,318.0,130.0,63.0,30.0,0.0,180.0,23.0,1.0,1.0,1.0,250.0,0.0,0.0,526.0,,,,,,SvenGret-1990-15,0,0,0,1,0,0,0,0,605
0.13,0.37,1.83,0.01,0.011,0.0,0.0,0.0,0.0,318.0,130.0,63.0,30.0,0.0,180.0,23.0,1.0,1.0,1.0,250.0,0.0,0.0,,,,,-60.0,89.0,SvenGret-1990-15Ch-6,0,0,0,1,0,0,0,0,605
0.13,0.37,1.83,0.01,0.011,0.0,0.0,0.0,0.0,318.0,130.0,63.0,30.0,0.0,180.0,23.0,1.0,1.0,1.0,250.0,0.0,0.0,,,,,-40.0,114.0,SvenGret-1990-15Ch-4,0,0,0,1,0,0,0,0,605
0.13,0.37,1.83,0.01,0.011,0.0,0.0,0.0,0.0,318.0,130.0,63.0,30.0,0.0,180.0,23.0,1.0,1.0,1.0,250.0,0.0,0.0,,,,,-20.0,136.0,SvenGret-1990-15Ch-2,0,0,0,1,0,0,0,0,605
0.13,0.37,1.83,0.01,0.011,0.0,0.0,0.0,0.0,318.0,130.0,63.0,30.0,0.0,180.0,23.0,1.0,1.0,1.0,250.0,0.0,0.0,,,,,0.0,167.0,SvenGret-1990-15Ch0,0,0,0,1,0,0,0,0,605
0.13,0.37,1.83,0.01,0.011,0.0,0.0,0.0,0.0,318.0,130.0,63.0,30.0,0.0,180.0,23.0,1.0,1.0,1.0,250.0,0.0,0.0,,,,,20.0,174.0,SvenGret-1990-15Ch2,0,0,0,1,0,0,0,0,605
0.11,0.36,2.18,0.008,0.011,0.0,0.0,0.0,0.0,342.0,120.0,74.0,30.0,0.0,180.0,23.0,1.0,1.0,1.0,250.0,0.0,0.0,617.0,,,,,,SvenGret-1990-16,0,0,0,1,0,0,0,0,565
0.11,0.36,2.18,0.008,0.011,0.0,0.0,0.0,0.0,342.0,120.0,74.0,30.0,0.0,180.0,23.0,1.0,1.0,1.0,250.0,0.0,0.0,,,,,-60.0,52.0,SvenGret-1990-16Ch-6,0,0,0,1,0,0,0,0,565
0.11,0.36,2.18,0.008,0.011,0.0,0.0,0.0,0.0,342.0,120.0,74.0,30.0,0.0,180.0,23.0,1.0,1.0,1.0,250.0,0.0,0.0,,,,,-40.0,64.0,SvenGret-1990-16Ch-4,0,0,0,1,0,0,0,0,565
0.11,0.36,2.18,0.008,0.011,0.0,0.0,0.0,0.0,342.0,120.0,74.0,30.0,0.0,180.0,23.0,1.0,1.0,1.0,250.0,0.0,0.0,,,,,-20.0,107.0,SvenGret-1990-16Ch-2,0,0,0,1,0,0,0,0,565
0.11,0.36,2.18,0.008,0.011,0.0,0.0,0.0,0.0,342.0,120.0,74.0,30.0,0.0,180.0,23.0,1.0,1.0,1.0,250.0,0.0,0.0,,,,,0.0,129.0,SvenGret-1990-16Ch0,0,0,0,1,0,0,0,0,565
0.11,0.36,2.18,0.008,0.011,0.0,0.0,0.0,0.0,342.0,120.0,74.0,30.0,0.0,180.0,23.0,1.0,1.0,1.0,250.0,0.0,0.0,,,,,20.0,162.0,SvenGret-1990-16Ch2,0,0,0,1,0,0,0,0,565
0.057,0.62,1.22,0.01,0.012,0.05,0.09,0.0,0.011,1100.0,180.0,43.0,70.0,30.0,280.0,30.0,1.0,1.0,2.8,200.0,200.0,14.0,,538.0,,,,,PakSven-1990-1,1,0,0,0,0,0,0,0,142
0.069,0.56,1.12,0.016,0.011,0.58,0.06,0.0,0.013,837.0,280.0,41.0,30.0,90.0,280.0,30.0,1.0,1.0,2.8,200.0,200.0,14.0,,572.0,,,,,PakSven-1990-6,1,0,0,0,0,0,0,0,230
0.065,0.59,1.17,0.015,0.011,0.62,0.05,0.0,0.013,781.0,260.0,34.0,30.0,100.0,280.0,30.0,1.0,1.0,2.8,200.0,200.0,14.0,,582.0,,,,,PakSven-1990-7,1,0,0,0,0,0,0,0,189
0.066,0.23,0.79,0.015,0.015,0.03,0.11,0.0,0.013,796.0,310.0,70.0,210.0,70.0,285.0,32.0,1.0,1.0,2.9,200.0,200.0,14.0,,498.0,,,,,PakSven-1990-8,1,0,0,0,0,0,0,0,190
0.067,0.39,1.12,0.014,0.016,0.03,0.1,0.0,0.016,684.0,570.0,74.0,460.0,100.0,280.0,30.0,1.0,1.0,2.8,200.0,200.0,14.0,,538.0,,,,,PakSven-1990-9,1,0,0,0,0,0,0,0,202
0.062,0.37,1.1,0.015,0.014,0.02,0.08,0.0,0.015,816.0,390.0,69.0,510.0,10.0,280.0,30.0,1.0,1.0,2.8,200.0,200.0,14.0,,533.0,,,,,PakSven-1990-10,1,0,0,0,0,0,0,0,174
0.055,0.34,0.81,0.01,0.009,0.02,0.05,0.0,0.011,466.0,20.0,59.0,40.0,10.0,285.0,32.0,1.0,1.0,2.9,200.0,200.0,14.0,,491.0,,,,,PakSven-1990-11,1,0,0,0,0,0,0,0,136
0.066,0.56,1.14,0.01,0.011,0.02,0.07,0.0,0.016,495.0,30.0,34.0,40.0,30.0,280.0,30.0,1.0,1.0,2.8,200.0,200.0,14.0,,533.0,,,,,PakSven-1990-12,1,0,0,0,0,0,0,0,198
0.054,0.5,1.68,0.009,0.015,0.01,0.1,0.0,0.008,690.0,70.0,48.0,110.0,20.0,280.0,30.0,1.0,1.0,2.8,200.0,200.0,14.0,,557.0,,,,,PakSven-1990-14,1,0,0,0,0,0,0,0,134
0.046,0.53,1.74,0.008,0.015,0.01,0.09,0.0,0.006,736.0,80.0,37.0,130.0,20.0,280.0,30.0,1.0,1.0,2.8,200.0,200.0,14.0,,552.0,,,,,PakSven-1990-15,1,0,0,0,0,0,0,0,69
0.07,0.46,1.19,0.01,0.018,0.01,0.1,0.0,0.016,771.0,430.0,46.0,370.0,70.0,280.0,30.0,1.0,1.0,2.8,200.0,200.0,14.0,,538.0,,,,,PakSven-1990-16,1,0,0,0,0,0,0,0,246
0.059,0.46,1.25,0.009,0.015,0.01,0.06,0.0,0.013,788.0,410.0,57.0,440.0,60.0,280.0,30.0,1.0,1.0,2.8,200.0,200.0,14.0,,535.0,,,,,PakSven-1990-17,1,0,0,0,0,0,0,0,151
0.072,0.35,1.05,0.005,0.007,0.0,0.79,0.0,0.0,421.0,37.0,73.0,37.5,0.0,170.0,21.0,1.0,1.0,1.0,200.0,0.0,0.0,,,,,-63.0,100.0,JorgeEtAl-1993-Caw,0,0,0,1,0,0,0,0,270
0.072,0.35,1.05,0.005,0.007,0.0,0.79,0.0,0.0,421.0,37.0,73.0,37.5,0.0,170.0,21.0,1.0,1.0,1.0,200.0,580.0,2.0,,,,,-68.0,100.0,JorgeEtAl-1993-Cht,0,0,0,1,0,0,0,0,270
0.075,0.35,1.09,0.006,0.008,0.0,1.22,0.0,0.0,424.0,52.0,87.0,37.5,0.0,170.0,21.0,1.0,1.0,1.0,200.0,0.0,0.0,,,,,-57.0,100.0,JorgeEtAl-1993-Daw,0,0,0,1,0,0,0,0,332
0.075,0.35,1.09,0.006,0.008,0.0,1.22,0.0,0.0,424.0,52.0,87.0,37.5,0.0,170.0,21.0,1.0,1.0,1.0,200.0,580.0,2.0,,,,,-60.0,100.0,JorgeEtAl-1993-Dht,0,0,0,1,0,0,0,0,332
0.07,0.34,1.06,0.006,0.008,0.0,1.57,0.0,0.0,463.0,41.0,85.0,37.5,0.0,170.0,21.0,1.0,1.0,1.0,200.0,0.0,0.0,,,,,-40.0,100.0,JorgeEtAl-1993-Eaw,0,0,0,1,0,0,0,0,242
0.07,0.34,1.06,0.006,0.008,0.0,1.57,0.0,0.0,463.0,41.0,85.0,37.5,0.0,170.0,21.0,1.0,1.0,1.0,200.0,580.0,2.0,,,,,-48.0,100.0,JorgeEtAl-1993-Eht,0,0,0,1,0,0,0,0,242
0.077,0.35,1.05,0.006,0.008,0.0,2.28,0.0,0.0,424.0,37.0,88.0,37.5,0.0,170.0,21.0,1.0,1.0,1.0,200.0,0.0,0.0,,,,,1.0,100.0,JorgeEtAl-1993-Gaw,0,0,0,1,0,0,0,0,380
0.077,0.35,1.05,0.006,0.008,0.0,2.28,0.0,0.0,424.0,37.0,88.0,37.5,0.0,170.0,21.0,1.0,1.0,1.0,200.0,580.0,2.0,,,,,-25.0,100.0,JorgeEtAl-1993-Ght,0,0,0,1,0,0,0,0,380
0.072,0.38,1.09,0.006,0.009,0.0,2.8,0.0,0.0,467.0,33.0,85.0,37.5,0.0,170.0,21.0,1.0,1.0,1.0,200.0,0.0,0.0,,,,,20.0,100.0,JorgeEtAl-1993-Haw,0,0,0,1,0,0,0,0,272
0.072,0.38,1.09,0.006,0.009,0.0,2.8,0.0,0.0,467.0,33.0,85.0,37.5,0.0,170.0,21.0,1.0,1.0,1.0,200.0,580.0,2.0,,,,,1.0,100.0,JorgeEtAl-1993-Hht,0,0,0,1,0,0,0,0,272
0.05,0.29,0.72,0.007,0.009,0.77,0.52,0.23,0.0,250.0,70.0,80.0,210.0,330.0,680.0,34.0,1.0,1.0,2.0,200.0,0.0,0.0,649.0,,,,,,Hunt&-Di-1994-1,0,0,0,0,1,0,0,0,103
0.05,0.27,0.75,0.006,0.01,0.75,0.5,0.23,0.0,190.0,70.0,80.0,180.0,320.0,680.0,34.0,1.0,1.0,3.3,200.0,0.0,0.0,576.0,,,,,,Hunt&-Di-1994-2,0,0,0,0,1,0,0,0,100
0.05,0.26,0.75,0.006,0.01,0.75,0.5,0.24,0.0,210.0,70.0,80.0,180.0,320.0,680.0,34.0,1.0,1.0,4.6,200.0,0.0,0.0,556.0,,,,,,Hunt&-Di-1994-3,0,0,0,0,1,0,0,0,98
0.05,0.26,0.98,0.005,0.012,0.54,0.41,0.27,0.0,240.0,100.0,80.0,140.0,200.0,670.0,34.0,1.0,1.0,2.0,200.0,0.0,0.0,571.0,,,,,,Hunt&-Di-1994-5,0,0,0,0,1,0,0,0,99
0.05,0.25,0.98,0.005,0.011,0.55,0.42,0.27,0.0,230.0,100.0,80.0,150.0,210.0,670.0,34.0,1.0,1.0,3.3,200.0,0.0,0.0,561.0,,,,,,Hunt&-Di-1994-6,0,0,0,0,1,0,0,0,95
0.05,0.24,0.97,0.005,0.012,0.53,0.4,0.26,0.0,230.0,90.0,80.0,140.0,200.0,670.0,34.0,1.0,1.0,4.6,200.0,0.0,0.0,552.0,,,,,,Hunt&-Di-1994-7,0,0,0,0,1,0,0,0,94
0.05,0.36,0.85,0.007,0.012,1.49,0.55,0.31,0.0,210.0,40.0,80.0,170.0,320.0,660.0,34.0,1.0,1.0,4.6,200.0,0.0,0.0,601.0,,,,,,Hunt&-Di-1994-11,0,0,0,0,1,0,0,0,111
0.05,0.36,0.86,0.007,0.012,1.5,0.54,0.31,0.0,200.0,50.0,80.0,160.0,310.0,660.0,34.0,1.0,1.0,5.3,200.0,0.0,0.0,585.0,,,,,,Hunt&-Di-1994-12,0,0,0,0,1,0,0,0,112
0.05,0.39,1.1,0.006,0.013,1.87,0.53,0.37,0.0,220.0,60.0,70.0,160.0,210.0,660.0,34.0,1.0,1.0,2.0,200.0,0.0,0.0,592.0,,,,,,Hunt&-Di-1994-13,0,0,0,0,1,0,0,0,116
0.05,0.38,1.11,0.005,0.014,1.89,0.52,0.37,0.0,220.0,50.0,70.0,150.0,200.0,660.0,34.0,1.0,1.0,3.3,200.0,0.0,0.0,555.0,,,,,,Hunt&-Di-1994-14,0,0,0,0,1,0,0,0,113
0.05,0.39,1.1,0.006,0.013,1.87,0.52,0.37,0.0,220.0,60.0,80.0,140.0,210.0,660.0,34.0,1.0,1.0,4.6,200.0,0.0,0.0,547.0,,,,,,Hunt&-Di-1994-15,0,0,0,0,1,0,0,0,115
0.05,0.4,1.12,0.006,0.014,1.9,0.51,0.37,0.0,210.0,60.0,70.0,140.0,200.0,660.0,34.0,1.0,1.0,5.3,200.0,0.0,0.0,543.0,,,,,,Hunt&-Di-1994-16,0,0,0,0,1,0,0,0,117
0.08,0.59,1.84,0.013,0.016,0.01,0.05,0.01,0.01,155.0,230.0,54.0,240.0,0.0,700.0,32.0,1.0,1.0,4.8,200.0,0.0,0.0,507.0,694.0,30.0,58.0,9.0,35.0,Kluket-CuMnB-1994-2,0,0,0,0,1,0,0,0,431
0.08,0.62,1.86,0.013,0.016,0.01,0.05,0.01,0.01,174.0,230.0,54.0,220.0,0.0,700.0,32.0,1.0,1.0,4.8,200.0,0.0,0.0,523.0,714.0,30.0,53.0,-5.0,35.0,Kluket-CuMnB-1994-3,0,0,0,0,1,0,0,0,434
0.08,0.58,1.83,0.013,0.016,0.45,0.05,0.01,0.01,171.0,230.0,55.0,230.0,0.0,700.0,32.0,1.0,1.0,4.8,200.0,0.0,0.0,522.0,709.0,30.0,54.0,-11.0,35.0,Kluket-CuMnB-1994-4,0,0,0,0,1,0,0,0,429
0.08,0.59,1.84,0.013,0.015,0.45,0.05,0.01,0.01,168.0,250.0,49.0,240.0,0.0,700.0,32.0,1.0,1.0,4.8,200.0,0.0,0.0,500.0,731.0,28.0,49.0,11.0,35.0,Kluket-CuMnB-1994-5,0,0,0,0,1,0,0,0,430
0.08,0.62,1.85,0.013,0.017,0.45,0.05,0.01,0.01,152.0,220.0,52.0,240.0,0.0,700.0,32.0,1.0,1.0,4.8,200.0,0.0,0.0,504.0,743.0,27.0,46.0,18.0,35.0,Kluket-CuMnB-1994-6,0,0,0,0,1,0,0,0,433
0.08,0.62,1.83,0.013,0.014,1.51,0.05,0.01,0.01,185.0,230.0,67.0,200.0,0.0,700.0,32.0,1.0,1.0,4.8,200.0,0.0,0.0,515.0,737.0,26.0,48.0,0.0,35.0,Kluket-CuMnB-1994-7,0,0,0,0,1,0,0,0,432
0.07,0.59,1.85,0.013,0.014,1.5,0.05,0.01,0.01,146.0,250.0,57.0,200.0,0.0,700.0,32.0,1.0,1.0,4.8,200.0,0.0,0.0,515.0,810.0,24.0,41.0,30.0,35.0,Kluket-CuMnB-1994-8,0,0,0,0,1,0,0,0,251
0.08,0.66,1.92,0.013,0.015,1.54,0.05,0.01,0.01,148.0,260.0,51.0,230.0,0.0,700.0,32.0,1.0,1.0,4.8,200.0,0.0,0.0,542.0,829.0,26.0,51.0,33.0,35.0,Kluket-CuMnB-1994-9,0,0,0,0,1,0,0,0,435
0.09,0.63,1.9,0.013,0.015,0.01,0.05,0.01,0.01,165.0,250.0,56.0,190.0,0.0,700.0,32.0,1.0,1.0,4.8,200.0,0.0,0.0,466.0,761.0,29.0,44.0,37.0,35.0,Kluket-CuMnB-1994-10,0,0,0,0,1,0,0,0,483
0.08,0.67,1.94,0.013,0.015,0.51,0.05,0.01,0.01,142.0,280.0,57.0,220.0,0.0,700.0,32.0,1.0,1.0,4.8,200.0,0.0,0.0,489.0,807.0,27.0,42.0,51.0,35.0,Kluket-CuMnB-1994-11,0,0,0,0,1,0,0,0,436
0.07,0.34,0.95,0.027,0.021,0.0,0.0,0.0,0.006,423.0,70.0,90.0,35.0,60.0,170.0,21.0,1.0,1.0,2.7,250.0,0.0,0.0,456.2,529.8,27.5,73.0,,,Cunh-1982-7018aw1,0,0,0,1,0,0,0,0,241
0.07,0.34,0.95,0.027,0.021,0.0,0.0,0.0,0.006,423.0,70.0,90.0,35.0,60.0,170.0,21.0,1.0,1.0,2.7,250.0,600.0,2.1,430.7,519.9,29.5,73.5,,,Cunh-1982-7018ht1,0,0,0,1,0,0,0,0,241
0.06,0.28,0.55,0.024,0.041,1.26,0.0,0.0,0.01,423.0,70.0,70.0,35.0,60.0,170.0,21.0,1.0,1.0,2.2,250.0,0.0,0.0,475.8,564.1,28.0,70.5,,,Cunh-1982-8018Gaw2,0,0,0,1,0,0,0,0,156
0.06,0.28,0.55,0.024,0.041,1.26,0.0,0.0,0.01,423.0,70.0,70.0,35.0,60.0,170.0,21.0,1.0,1.0,2.2,250.0,600.0,2.1,430.7,529.8,24.5,69.0,,,Cunh-1982-8018Ght2,0,0,0,1,0,0,0,0,156
0.08,0.33,0.65,0.015,0.026,0.5,0.35,0.008,0.004,423.0,200.0,140.0,45.0,150.0,170.0,21.0,1.0,1.0,2.4,250.0,0.0,0.0,503.3,591.5,28.0,73.0,,,Cunh-1982-7018Gaw4,0,0,0,1,0,0,0,0,418
0.08,0.33,0.65,0.015,0.026,0.5,0.35,0.008,0.004,423.0,200.0,140.0,45.0,150.0,170.0,21.0,1.0,1.0,2.4,250.0,600.0,2.1,500.3,600.4,22.7,73.7,,,Cunh-1982-7018Ght4,0,0,0,1,0,0,0,0,418
0.07,0.61,1.07,0.025,0.026,0.0,0.0,0.0,0.014,423.0,64.0,94.0,70.0,40.0,170.0,21.0,1.0,1.0,2.8,250.0,0.0,0.0,479.7,583.7,24.0,71.5,,,Cunh-1982-8018Gaw5,0,0,0,1,0,0,0,0,252
0.07,0.61,1.07,0.025,0.026,0.0,0.0,0.0,0.014,423.0,64.0,94.0,70.0,40.0,170.0,21.0,1.0,1.0,2.8,250.0,600.0,2.1,456.2,555.2,24.5,72.0,,,Cunh-1982-8018Ght5,0,0,0,1,0,0,0,0,252
0.07,0.21,0.75,0.011,0.011,0.0,0.0,0.0,0.0,423.0,0.0,190.0,69.0,0.0,170.0,21.0,1.0,1.0,2.6,250.0,0.0,0.0,463.0,552.3,33.0,75.0,,,Cunh-1982-7018aw6,0,0,0,1,0,0,0,0,233
0.07,0.21,0.75,0.011,0.011,0.0,0.0,0.0,0.0,423.0,0.0,190.0,69.0,0.0,170.0,21.0,1.0,1.0,2.6,250.0,600.0,2.1,369.8,486.6,,76.0,,,Cunh-1982-7018ht6,0,0,0,1,0,0,0,0,233
0.09,0.44,0.9,0.01,0.027,0.0,0.0,0.0,0.0,423.0,200.0,70.0,88.0,0.0,170.0,21.0,1.0,1.0,1.8,150.0,0.0,0.0,486.8,569.3,24.0,71.0,,,Cunh-1982-7016aw7,0,0,0,1,0,0,0,0,479
0.09,0.44,0.9,0.01,0.027,0.0,0.0,0.0,0.0,423.0,200.0,70.0,88.0,0.0,170.0,21.0,1.0,1.0,1.8,150.0,600.0,2.1,,,,,,,Cunh-1982-7016ht7,0,0,0,1,0,0,0,0,479
0.08,0.35,0.65,0.01,0.021,1.2,0.0,0.0,0.02,423.0,40.0,100.0,150.0,0.0,170.0,21.0,1.0,1.0,1.8,140.0,0.0,0.0,453.8,536.3,22.6,72.0,,,Cunh-1982-8018Gaw8,0,0,0,1,0,0,0,0,421
0.08,0.35,0.65,0.01,0.021,1.2,0.0,0.0,0.02,423.0,40.0,100.0,150.0,0.0,170.0,21.0,1.0,1.0,1.8,140.0,600.0,2.1,,,,,,,Cunh-1982-8018Ght8,0,0,0,1,0,0,0,0,421
0.06,0.53,1.15,0.013,0.015,0.0,0.02,0.0,0.0,423.0,0.0,100.0,57.0,0.0,170.0,21.0,1.0,1.0,1.8,150.0,0.0,0.0,553.3,626.9,25.0,70.4,,,Cunh-1982-8018Gaw9,0,0,0,1,0,0,0,0,165
0.06,0.53,1.15,0.013,0.015,0.0,0.02,0.0,0.0,423.0,0.0,100.0,57.0,0.0,170.0,21.0,1.0,1.0,1.8,150.0,600.0,2.1,,,,,,,Cunh-1982-8018Ght9,0,0,0,1,0,0,0,0,165
0.08,0.49,0.9,0.014,0.029,0.0,0.05,0.0,0.0,423.0,50.0,170.0,108.0,0.0,170.0,21.0,1.0,1.0,1.9,150.0,0.0,0.0,486.8,577.5,20.5,70.2,,,Cunh-1982-7018aw12,0,0,0,1,0,0,0,0,427
0.08,0.49,0.9,0.014,0.029,0.0,0.05,0.0,0.0,423.0,50.0,170.0,108.0,0.0,170.0,21.0,1.0,1.0,1.9,150.0,600.0,2.1,,,,,,,Cunh-1982-7018ht12,0,0,0,1,0,0,0,0,427
0.05,0.25,1.15,0.015,0.024,0.0,0.0,0.0,0.004,423.0,30.0,140.0,105.0,50.0,550.0,32.0,1.0,1.0,2.4,200.0,0.0,0.0,420.8,504.2,33.0,73.0,,,Cunh-1982-13aw,0,0,0,0,1,0,0,0,96
0.05,0.25,1.15,0.015,0.024,0.0,0.0,0.0,0.004,423.0,30.0,140.0,105.0,50.0,550.0,32.0,1.0,1.0,2.4,200.0,600.0,2.1,387.5,482.7,29.5,70.5,,,Cunh-1982-13ht,0,0,0,0,1,0,0,0,96
0.1,0.18,1.6,0.015,0.029,0.0,0.0,0.5,0.004,423.0,20.0,110.0,80.0,100.0,550.0,32.0,1.0,1.0,2.4,200.0,0.0,0.0,630.8,725.9,24.5,68.5,,,Cunh-1982-14aw,0,0,0,0,1,0,0,0,514
0.1,0.18,1.6,0.015,0.029,0.0,0.0,0.5,0.004,423.0,20.0,110.0,80.0,100.0,550.0,32.0,1.0,1.0,2.4,200.0,600.0,2.1,605.3,694.5,25.5,67.5,,,Cunh-1982-14ht,0,0,0,0,1,0,0,0,514
0.09,0.28,1.52,0.015,0.045,0.0,0.0,0.5,0.005,423.0,80.0,110.0,125.0,50.0,550.0,32.0,1.0,1.0,2.4,200.0,0.0,0.0,540.5,645.5,27.5,66.0,,,Cunh-1982-15aw,0,0,0,0,1,0,0,0,469
0.09,0.28,1.52,0.015,0.045,0.0,0.0,0.5,0.005,423.0,80.0,110.0,125.0,50.0,550.0,32.0,1.0,1.0,2.4,200.0,600.0,2.1,562.1,640.6,27.5,66.5,,,Cunh-1982-15ht,0,0,0,0,1,0,0,0,469
0.12,0.22,1.24,0.036,0.019,0.0,0.0,0.0,0.0,423.0,0.0,110.0,110.0,200.0,550.0,32.0,1.0,1.0,1.7,200.0,0.0,0.0,483.6,586.6,32.0,70.5,,,Cunh-1982-16aw,0,0,0,0,1,0,0,0,582
0.12,0.22,1.24,0.036,0.019,0.0,0.0,0.0,0.0,423.0,0.0,110.0,110.0,200.0,550.0,32.0,1.0,1.0,1.7,200.0,600.0,2.1,414.0,532.7,33.0,74.5,,,Cunh-1982-16ht,0,0,0,0,1,0,0,0,582
0.15,0.32,1.2,0.017,0.025,0.0,0.0,0.0,0.0,423.0,0.0,99.0,90.0,0.0,550.0,32.0,1.0,1.0,1.6,200.0,0.0,0.0,536.6,627.8,30.0,68.0,,,Cunh-1982-17aw,0,0,0,0,1,0,0,0,614
0.15,0.32,1.2,0.017,0.025,0.0,0.0,0.0,0.0,423.0,0.0,99.0,90.0,0.0,550.0,32.0,1.0,1.0,1.6,200.0,600.0,1.3,487.6,586.6,31.0,73.5,,,Cunh-1982-17ht,0,0,0,0,1,0,0,0,614
0.08,0.21,1.2,0.014,0.022,0.0,0.0,0.0,0.0,423.0,0.0,100.0,128.0,60.0,550.0,32.0,1.0,1.0,1.7,200.0,0.0,0.0,453.2,596.4,30.0,74.0,,,Cunh-1982-18aw,0,0,0,0,1,0,0,0,407
0.08,0.21,1.2,0.014,0.022,0.0,0.0,0.0,0.0,423.0,0.0,100.0,128.0,60.0,550.0,32.0,1.0,1.0,1.7,200.0,600.0,1.7,455.2,569.0,35.0,74.0,,,Cunh-1982-18ht,0,0,0,0,1,0,0,0,407
0.064,0.27,1.44,0.021,0.024,0.0,0.0,0.02,0.009,590.0,0.0,102.0,37.5,0.0,625.0,75.36,1.0,1.0,4.6,200.0,0.0,0.0,388.0,497.0,30.0,58.0,,,Pat-1981-RE2L/BX200,0,0,0,0,0,0,1,0,178
0.064,0.27,1.44,0.021,0.024,0.0,0.0,0.02,0.009,590.0,0.0,102.0,37.5,0.0,625.0,75.36,1.0,1.0,4.6,200.0,0.0,0.0,,,,,-60.0,10.0,Pat-1981-RE2L/BX200,0,0,0,0,0,0,1,0,178
0.064,0.27,1.44,0.021,0.024,0.0,0.0,0.02,0.009,590.0,0.0,102.0,37.5,0.0,625.0,75.36,1.0,1.0,4.6,200.0,0.0,0.0,,,,,-50.0,14.0,Pat-1981-RE2L/BX200,0,0,0,0,0,0,1,0,178
0.064,0.27,1.44,0.021,0.024,0.0,0.0,0.02,0.009,590.0,0.0,102.0,37.5,0.0,625.0,75.36,1.0,1.0,4.6,200.0,0.0,0.0,,,,,-20.0,61.0,Pat-1981-RE2L/BX200,0,0,0,0,0,0,1,0,178
0.064,0.27,1.44,0.021,0.024,0.0,0.0,0.02,0.009,590.0,0.0,102.0,37.5,0.0,625.0,75.36,1.0,1.0,4.6,200.0,0.0,0.0,,,,,0.0,105.0,Pat-1981-RE2L/BX200,0,0,0,0,0,0,1,0,178
0.073,0.33,1.44,0.021,0.018,0.0,0.0,0.02,0.009,563.0,0.0,124.0,37.5,0.0,625.0,75.36,1.0,1.0,4.6,200.0,0.0,0.0,383.0,492.0,30.0,66.0,,,Pat-1981-S2/BX200,0,0,0,0,0,0,1,0,284
0.073,0.33,1.44,0.021,0.018,0.0,0.0,0.02,0.009,563.0,0.0,124.0,37.5,0.0,625.0,75.36,1.0,1.0,4.6,200.0,0.0,0.0,,,,,-60.0,40.0,Pat-1981-S2/BX200,0,0,0,0,0,0,1,0,284
0.073,0.33,1.44,0.021,0.018,0.0,0.0,0.02,0.009,563.0,0.0,124.0,37.5,0.0,625.0,75.36,1.0,1.0,4.6,200.0,0.0,0.0,,,,,-50.0,49.0,Pat-1981-S2/BX200,0,0,0,0,0,0,1,0,284
0.073,0.33,1.44,0.021,0.018,0.0,0.0,0.02,0.009,563.0,0.0,124.0,37.5,0.0,625.0,75.36,1.0,1.0,4.6,200.0,0.0,0.0,,,,,-30.0,99.0,Pat-1981-S2/BX200,0,0,0,0,0,0,1,0,284
0.073,0.33,1.44,0.021,0.018,0.0,0.0,0.02,0.009,563.0,0.0,124.0,37.5,0.0,625.0,75.36,1.0,1.0,4.6,200.0,0.0,0.0,,,,,0.0,111.0,Pat-1981-S2/BX200,0,0,0,0,0,0,1,0,284
0.06,0.29,1.68,0.017,0.019,0.0,0.0,0.02,0.01,521.0,0.0,133.0,37.5,0.0,625.0,75.36,1.0,1.0,4.6,200.0,0.0,0.0,371.0,526.0,34.0,66.0,,,Pat-1981-RE3L/BX200,0,0,0,0,0,0,1,0,157
0.06,0.29,1.68,0.017,0.019,0.0,0.0,0.02,0.01,521.0,0.0,133.0,37.5,0.0,625.0,75.36,1.0,1.0,4.6,200.0,0.0,0.0,,,,,-60.0,25.0,Pat-1981-RE3L/BX200,0,0,0,0,0,0,1,0,157
0.06,0.29,1.68,0.017,0.019,0.0,0.0,0.02,0.01,521.0,0.0,133.0,37.5,0.0,625.0,75.36,1.0,1.0,4.6,200.0,0.0,0.0,,,,,-40.0,38.0,Pat-1981-RE3L/BX200,0,0,0,0,0,0,1,0,157
0.06,0.29,1.68,0.017,0.019,0.0,0.0,0.02,0.01,521.0,0.0,133.0,37.5,0.0,625.0,75.36,1.0,1.0,4.6,200.0,0.0,0.0,,,,,-20.0,76.0,Pat-1981-RE3L/BX200,0,0,0,0,0,0,1,0,157
0.06,0.29,1.68,0.017,0.019,0.0,0.0,0.02,0.01,521.0,0.0,133.0,37.5,0.0,625.0,75.36,1.0,1.0,4.6,200.0,0.0,0.0,,,,,0.0,105.0,Pat-1981-RE3L/BX200,0,0,0,0,0,0,1,0,157
0.08,0.31,1.67,0.017,0.017,0.0,0.0,0.03,0.01,502.0,0.0,82.0,37.5,0.0,625.0,75.36,1.0,1.0,4.6,200.0,0.0,0.0,391.0,522.0,30.0,64.0,,,Pat-1981-WB3/BX200,0,0,0,0,0,0,1,0,417
0.08,0.31,1.67,0.017,0.017,0.0,0.0,0.03,0.01,502.0,0.0,82.0,37.5,0.0,625.0,75.36,1.0,1.0,4.6,200.0,0.0,0.0,,,,,-60.0,39.0,Pat-1981-WB3/BX200,0,0,0,0,0,0,1,0,417
0.08,0.31,1.67,0.017,0.017,0.0,0.0,0.03,0.01,502.0,0.0,82.0,37.5,0.0,625.0,75.36,1.0,1.0,4.6,200.0,0.0,0.0,,,,,-50.0,43.0,Pat-1981-WB3/BX200,0,0,0,0,0,0,1,0,417
0.08,0.31,1.67,0.017,0.017,0.0,0.0,0.03,0.01,502.0,0.0,82.0,37.5,0.0,625.0,75.36,1.0,1.0,4.6,200.0,0.0,0.0,,,,,-20.0,95.0,Pat-1981-WB3/BX200,0,0,0,0,0,0,1,0,417
0.08,0.31,1.67,0.017,0.017,0.0,0.0,0.03,0.01,502.0,0.0,82.0,37.5,0.0,625.0,75.36,1.0,1.0,4.6,200.0,0.0,0.0,,,,,0.0,114.0,Pat-1981-WB3/BX200,0,0,0,0,0,0,1,0,417
0.086,0.28,1.68,0.023,0.02,0.0,0.0,0.01,0.01,487.0,0.0,77.0,37.5,0.0,625.0,75.36,1.0,1.0,4.6,200.0,0.0,0.0,389.0,564.0,28.0,69.0,,,Pat-1981-S4/BX200,0,0,0,0,0,0,1,0,448
0.086,0.28,1.68,0.023,0.02,0.0,0.0,0.01,0.01,487.0,0.0,77.0,37.5,0.0,625.0,75.36,1.0,1.0,4.6,200.0,0.0,0.0,,,,,-60.0,38.0,Pat-1981-S4/BX200,0,0,0,0,0,0,1,0,448
0.086,0.28,1.68,0.023,0.02,0.0,0.0,0.01,0.01,487.0,0.0,77.0,37.5,0.0,625.0,75.36,1.0,1.0,4.6,200.0,0.0,0.0,,,,,-40.0,51.0,Pat-1981-S4/BX200,0,0,0,0,0,0,1,0,448
0.086,0.28,1.68,0.023,0.02,0.0,0.0,0.01,0.01,487.0,0.0,77.0,37.5,0.0,625.0,75.36,1.0,1.0,4.6,200.0,0.0,0.0,,,,,-20.0,79.0,Pat-1981-S4/BX200,0,0,0,0,0,0,1,0,448
0.086,0.28,1.68,0.023,0.02,0.0,0.0,0.01,0.01,487.0,0.0,77.0,37.5,0.0,625.0,75.36,1.0,1.0,4.6,200.0,0.0,0.0,,,,,0.0,102.0,Pat-1981-S4/BX200,0,0,0,0,0,0,1,0,448
0.08,0.24,1.34,0.023,0.02,0.0,0.0,0.43,0.01,575.0,0.0,86.0,37.5,0.0,625.0,75.36,1.0,1.0,4.6,200.0,0.0,0.0,554.0,554.0,30.0,67.0,,,Pat-1981-S2Mo/BX200,0,0,0,0,0,0,1,0,408
0.08,0.24,1.34,0.023,0.02,0.0,0.0,0.43,0.01,575.0,0.0,86.0,37.5,0.0,625.0,75.36,1.0,1.0,4.6,200.0,0.0,0.0,,,,,-60.0,16.0,Pat-1981-S2Mo/BX200,0,0,0,0,0,0,1,0,408
0.08,0.24,1.34,0.023,0.02,0.0,0.0,0.43,0.01,575.0,0.0,86.0,37.5,0.0,625.0,75.36,1.0,1.0,4.6,200.0,0.0,0.0,,,,,-40.0,37.0,Pat-1981-S2Mo/BX200,0,0,0,0,0,0,1,0,408
0.08,0.24,1.34,0.023,0.02,0.0,0.0,0.43,0.01,575.0,0.0,86.0,37.5,0.0,625.0,75.36,1.0,1.0,4.6,200.0,0.0,0.0,,,,,-20.0,67.0,Pat-1981-S2Mo/BX200,0,0,0,0,0,0,1,0,408
0.08,0.24,1.34,0.023,0.02,0.0,0.0,0.43,0.01,575.0,0.0,86.0,37.5,0.0,625.0,75.36,1.0,1.0,4.6,200.0,0.0,0.0,,,,,0.0,92.0,Pat-1981-S2Mo/BX200,0,0,0,0,0,0,1,0,408
0.095,0.45,1.88,0.02,0.022,0.0,0.0,0.44,0.01,425.0,0.0,84.0,37.5,0.0,625.0,75.36,1.0,1.0,4.6,200.0,0.0,0.0,747.0,747.0,25.0,62.0,,,Pat-1981-S4Mo/BX200,0,0,0,0,0,0,1,0,501
0.095,0.45,1.88,0.02,0.022,0.0,0.0,0.44,0.01,425.0,0.0,84.0,37.5,0.0,625.0,75.36,1.0,1.0,4.6,200.0,0.0,0.0,,,,,-60.0,10.0,Pat-1981-S4Mo/BX200,0,0,0,0,0,0,1,0,501
0.095,0.45,1.88,0.02,0.022,0.0,0.0,0.44,0.01,425.0,0.0,84.0,37.5,0.0,625.0,75.36,1.0,1.0,4.6,200.0,0.0,0.0,,,,,-40.0,17.0,Pat-1981-S4Mo/BX200,0,0,0,0,0,0,1,0,501
0.095,0.45,1.88,0.02,0.022,0.0,0.0,0.44,0.01,425.0,0.0,84.0,37.5,0.0,625.0,75.36,1.0,1.0,4.6,200.0,0.0,0.0,,,,,-20.0,32.0,Pat-1981-S4Mo/BX200,0,0,0,0,0,0,1,0,501
0.095,0.45,1.88,0.02,0.022,0.0,0.0,0.44,0.01,425.0,0.0,84.0,37.5,0.0,625.0,75.36,1.0,1.0,4.6,200.0,0.0,0.0,,,,,0.0,41.0,Pat-1981-S4Mo/BX200,0,0,0,0,0,0,1,0,501
0.074,0.16,0.84,0.015,0.026,0.0,0.0,0.02,0.004,415.0,0.0,84.0,37.5,0.0,625.0,72.24,1.0,1.0,4.4,200.0,0.0,0.0,352.0,459.0,36.0,72.0,,,Pat-1981-RE2L/BX400,0,0,0,0,0,0,1,0,295
0.074,0.16,0.84,0.015,0.026,0.0,0.0,0.02,0.004,415.0,0.0,84.0,37.5,0.0,625.0,72.24,1.0,1.0,4.4,200.0,0.0,0.0,,,,,-60.0,95.0,Pat-1981-RE2L/BX400,0,0,0,0,0,0,1,0,295
0.074,0.16,0.84,0.015,0.026,0.0,0.0,0.02,0.004,415.0,0.0,84.0,37.5,0.0,625.0,72.24,1.0,1.0,4.4,200.0,0.0,0.0,,,,,-40.0,139.0,Pat-1981-RE2L/BX400,0,0,0,0,0,0,1,0,295
0.074,0.16,0.84,0.015,0.026,0.0,0.0,0.02,0.004,415.0,0.0,84.0,37.5,0.0,625.0,72.24,1.0,1.0,4.4,200.0,0.0,0.0,,,,,-20.0,148.0,Pat-1981-RE2L/BX400,0,0,0,0,0,0,1,0,295
0.074,0.16,0.84,0.015,0.026,0.0,0.0,0.02,0.004,415.0,0.0,84.0,37.5,0.0,625.0,72.24,1.0,1.0,4.4,200.0,0.0,0.0,,,,,0.0,150.0,Pat-1981-RE2L/BX400,0,0,0,0,0,0,1,0,295
0.082,0.18,0.75,0.014,0.02,0.0,0.0,0.02,0.005,381.0,0.0,109.0,37.5,0.0,625.0,72.24,1.0,1.0,4.4,200.0,0.0,0.0,349.0,456.0,36.0,72.0,,,Pat-1981-S2/BX400,0,0,0,0,0,0,1,0,443
0.082,0.18,0.75,0.014,0.02,0.0,0.0,0.02,0.005,381.0,0.0,109.0,37.5,0.0,625.0,72.24,1.0,1.0,4.4,200.0,0.0,0.0,,,,,-60.0,67.0,Pat-1981-S2/BX400,0,0,0,0,0,0,1,0,443
0.082,0.18,0.75,0.014,0.02,0.0,0.0,0.02,0.005,381.0,0.0,109.0,37.5,0.0,625.0,72.24,1.0,1.0,4.4,200.0,0.0,0.0,,,,,-50.0,117.0,Pat-1981-S2/BX400,0,0,0,0,0,0,1,0,443
0.082,0.18,0.75,0.014,0.02,0.0,0.0,0.02,0.005,381.0,0.0,109.0,37.5,0.0,625.0,72.24,1.0,1.0,4.4,200.0,0.0,0.0,,,,,-20.0,134.0,Pat-1981-S2/BX400,0,0,0,0,0,0,1,0,443
0.082,0.18,0.75,0.014,0.02,0.0,0.0,0.02,0.005,381.0,0.0,109.0,37.5,0.0,625.0,72.24,1.0,1.0,4.4,200.0,0.0,0.0,,,,,0.0,155.0,Pat-1981-S2/BX400,0,0,0,0,0,0,1,0,443
0.07,0.16,1.17,0.013,0.02,0.0,0.0,0.02,0.01,368.0,0.0,108.0,37.5,0.0,625.0,72.24,1.0,1.0,4.4,200.0,0.0,0.0,350.0,462.0,24.0,76.0,,,Pat-1981-RE3L/BX400,0,0,0,0,0,0,1,0,232
0.07,0.16,1.17,0.013,0.02,0.0,0.0,0.02,0.01,368.0,0.0,108.0,37.5,0.0,625.0,72.24,1.0,1.0,4.4,200.0,0.0,0.0,,,,,-60.0,110.0,Pat-1981-RE3L/BX400,0,0,0,0,0,0,1,0,232
0.07,0.16,1.17,0.013,0.02,0.0,0.0,0.02,0.01,368.0,0.0,108.0,37.5,0.0,625.0,72.24,1.0,1.0,4.4,200.0,0.0,0.0,,,,,-40.0,145.0,Pat-1981-RE3L/BX400,0,0,0,0,0,0,1,0,232
0.07,0.16,1.17,0.013,0.02,0.0,0.0,0.02,0.01,368.0,0.0,108.0,37.5,0.0,625.0,72.24,1.0,1.0,4.4,200.0,0.0,0.0,,,,,-20.0,168.0,Pat-1981-RE3L/BX400,0,0,0,0,0,0,1,0,232
0.07,0.16,1.17,0.013,0.02,0.0,0.0,0.02,0.01,368.0,0.0,108.0,37.5,0.0,625.0,72.24,1.0,1.0,4.4,200.0,0.0,0.0,,,,,0.0,180.0,Pat-1981-RE3L/BX400,0,0,0,0,0,0,1,0,232
0.11,0.16,1.09,0.012,0.018,0.0,0.0,0.03,0.01,353.0,0.0,78.0,37.5,0.0,625.0,72.24,1.0,1.0,4.4,200.0,0.0,0.0,376.0,484.0,32.0,74.0,,,Pat-1981-WB3/BX400,0,0,0,0,0,0,1,0,549
0.11,0.16,1.09,0.012,0.018,0.0,0.0,0.03,0.01,353.0,0.0,78.0,37.5,0.0,625.0,72.24,1.0,1.0,4.4,200.0,0.0,0.0,,,,,-60.0,15.0,Pat-1981-WB3/BX400,0,0,0,0,0,0,1,0,549
0.11,0.16,1.09,0.012,0.018,0.0,0.0,0.03,0.01,353.0,0.0,78.0,37.5,0.0,625.0,72.24,1.0,1.0,4.4,200.0,0.0,0.0,,,,,-60.0,22.0,Pat-1981-WB3/BX400,0,0,0,0,0,0,1,0,549
0.11,0.16,1.09,0.012,0.018,0.0,0.0,0.03,0.01,353.0,0.0,78.0,37.5,0.0,625.0,72.24,1.0,1.0,4.4,200.0,0.0,0.0,,,,,-20.0,134.0,Pat-1981-WB3/BX400,0,0,0,0,0,0,1,0,549
0.11,0.16,1.09,0.012,0.018,0.0,0.0,0.03,0.01,353.0,0.0,78.0,37.5,0.0,625.0,72.24,1.0,1.0,4.4,200.0,0.0,0.0,,,,,0.0,138.0,Pat-1981-WB3/BX400,0,0,0,0,0,0,1,0,549
0.098,0.18,1.29,0.017,0.017,0.0,0.0,0.01,0.01,337.0,0.0,61.0,37.5,0.0,625.0,72.24,1.0,1.0,4.4,200.0,0.0,0.0,359.0,503.0,28.0,72.0,,,Pat-1981-S4/BX400,0,0,0,0,0,0,1,0,507
0.098,0.18,1.29,0.017,0.017,0.0,0.0,0.01,0.01,337.0,0.0,61.0,37.5,0.0,625.0,72.24,1.0,1.0,4.4,200.0,0.0,0.0,,,,,-60.0,59.0,Pat-1981-S4/BX400,0,0,0,0,0,0,1,0,507
0.098,0.18,1.29,0.017,0.017,0.0,0.0,0.01,0.01,337.0,0.0,61.0,37.5,0.0,625.0,72.24,1.0,1.0,4.4,200.0,0.0,0.0,,,,,-40.0,95.0,Pat-1981-S4/BX400,0,0,0,0,0,0,1,0,507
0.098,0.18,1.29,0.017,0.017,0.0,0.0,0.01,0.01,337.0,0.0,61.0,37.5,0.0,625.0,72.24,1.0,1.0,4.4,200.0,0.0,0.0,,,,,-20.0,128.0,Pat-1981-S4/BX400,0,0,0,0,0,0,1,0,507
0.098,0.18,1.29,0.017,0.017,0.0,0.0,0.01,0.01,337.0,0.0,61.0,37.5,0.0,625.0,72.24,1.0,1.0,4.4,200.0,0.0,0.0,,,,,0.0,144.0,Pat-1981-S4/BX400,0,0,0,0,0,0,1,0,507
0.1,0.24,1.91,0.016,0.016,0.0,0.0,0.02,0.01,228.0,0.0,74.0,37.5,0.0,625.0,72.24,1.0,1.0,4.4,200.0,0.0,0.0,376.0,553.0,33.0,70.0,,,Pat-1981-S6/BX400,0,0,0,0,0,0,1,0,517
0.1,0.24,1.91,0.016,0.016,0.0,0.0,0.02,0.01,228.0,0.0,74.0,37.5,0.0,625.0,72.24,1.0,1.0,4.4,200.0,0.0,0.0,,,,,-60.0,30.0,Pat-1981-S6/BX400,0,0,0,0,0,0,1,0,517
0.1,0.24,1.91,0.016,0.016,0.0,0.0,0.02,0.01,228.0,0.0,74.0,37.5,0.0,625.0,72.24,1.0,1.0,4.4,200.0,0.0,0.0,,,,,-40.0,78.0,Pat-1981-S6/BX400,0,0,0,0,0,0,1,0,517
0.1,0.24,1.91,0.016,0.016,0.0,0.0,0.02,0.01,228.0,0.0,74.0,37.5,0.0,625.0,72.24,1.0,1.0,4.4,200.0,0.0,0.0,,,,,-20.0,91.0,Pat-1981-S6/BX400,0,0,0,0,0,0,1,0,517
0.1,0.24,1.91,0.016,0.016,0.0,0.0,0.02,0.01,228.0,0.0,74.0,37.5,0.0,625.0,72.24,1.0,1.0,4.4,200.0,0.0,0.0,,,,,0.0,122.0,Pat-1981-S6/BX400,0,0,0,0,0,0,1,0,517
0.096,0.13,0.73,0.018,0.022,0.0,0.0,0.43,0.01,373.0,0.0,81.0,37.5,0.0,625.0,72.24,1.0,1.0,4.4,200.0,0.0,0.0,353.0,491.0,32.0,67.0,,,Pat-1981-S2Mo/BX400,0,0,0,0,0,0,1,0,502
0.096,0.13,0.73,0.018,0.022,0.0,0.0,0.43,0.01,373.0,0.0,81.0,37.5,0.0,625.0,72.24,1.0,1.0,4.4,200.0,0.0,0.0,,,,,-60.0,14.0,Pat-1981-S2Mo/BX400,0,0,0,0,0,0,1,0,502
0.096,0.13,0.73,0.018,0.022,0.0,0.0,0.43,0.01,373.0,0.0,81.0,37.5,0.0,625.0,72.24,1.0,1.0,4.4,200.0,0.0,0.0,,,,,-40.0,72.0,Pat-1981-S2Mo/BX400,0,0,0,0,0,0,1,0,502
0.096,0.13,0.73,0.018,0.022,0.0,0.0,0.43,0.01,373.0,0.0,81.0,37.5,0.0,625.0,72.24,1.0,1.0,4.4,200.0,0.0,0.0,,,,,-20.0,111.0,Pat-1981-S2Mo/BX400,0,0,0,0,0,0,1,0,502
0.096,0.13,0.73,0.018,0.022,0.0,0.0,0.43,0.01,373.0,0.0,81.0,37.5,0.0,625.0,72.24,1.0,1.0,4.4,200.0,0.0,0.0,,,,,0.0,135.0,Pat-1981-S2Mo/BX400,0,0,0,0,0,0,1,0,502
0.12,0.27,1.46,0.014,0.026,0.0,0.0,0.48,0.01,365.0,0.0,77.0,37.5,0.0,625.0,72.24,1.0,1.0,4.4,200.0,0.0,0.0,689.0,689.0,34.0,69.0,,,Pat-1981-S4Mo/BX400,0,0,0,0,0,0,1,0,588
0.12,0.27,1.46,0.014,0.026,0.0,0.0,0.48,0.01,365.0,0.0,77.0,37.5,0.0,625.0,72.24,1.0,1.0,4.4,200.0,0.0,0.0,,,,,-60.0,41.0,Pat-1981-S4Mo/BX400,0,0,0,0,0,0,1,0,588
0.12,0.27,1.46,0.014,0.026,0.0,0.0,0.48,0.01,365.0,0.0,77.0,37.5,0.0,625.0,72.24,1.0,1.0,4.4,200.0,0.0,0.0,,,,,-20.0,78.0,Pat-1981-S4Mo/BX400,0,0,0,0,0,0,1,0,588
0.12,0.27,1.46,0.014,0.026,0.0,0.0,0.48,0.01,365.0,0.0,77.0,37.5,0.0,625.0,72.24,1.0,1.0,4.4,200.0,0.0,0.0,,,,,0.0,113.0,Pat-1981-S4Mo/BX400,0,0,0,0,0,0,1,0,588
0.094,0.31,1.32,0.009,0.017,0.05,0.04,0.0,0.0,233.0,50.0,95.0,140.0,50.0,550.0,28.0,1.0,1.0,3.6,100.0,0.0,0.0,429.0,537.0,22.0,75.0,-15.0,70.0,Wats-1981-AWO,0,0,0,0,1,0,0,0,496
0.11,0.36,1.61,0.017,0.03,0.06,0.052,0.02,0.01,305.0,50.0,95.0,140.0,200.0,550.0,28.0,1.0,1.0,3.6,100.0,0.0,0.0,542.0,625.0,19.0,64.0,-7.0,70.0,Wats-1981-BWO,0,0,0,0,1,0,0,0,564
0.1,0.28,1.42,0.011,0.024,0.09,0.08,0.04,0.01,430.0,50.0,150.0,150.0,300.0,550.0,28.0,1.0,1.0,3.6,100.0,0.0,0.0,493.0,618.0,18.0,75.0,-6.0,70.0,Wats-1981-CWO,0,0,0,0,1,0,0,0,521
0.08,0.25,1.35,0.009,0.017,0.09,0.07,0.0,0.0,392.0,50.0,122.0,120.0,200.0,550.0,28.0,1.0,1.0,3.6,100.0,0.0,0.0,547.0,635.0,15.0,66.0,-18.0,70.0,Wats-1981-DWO,0,0,0,0,1,0,0,0,411
0.076,0.28,1.27,0.012,0.02,0.1,0.06,0.01,0.0,435.0,50.0,121.0,160.0,300.0,550.0,28.0,1.0,1.0,3.6,100.0,0.0,0.0,503.0,625.0,17.0,72.0,-5.0,70.0,Wats-1981-FWO,0,0,0,0,1,0,0,0,345
0.094,0.18,1.05,0.013,0.017,0.1,0.05,0.01,0.0,511.0,50.0,100.0,25.0,50.0,550.0,28.0,1.0,1.0,3.6,100.0,0.0,0.0,380.0,486.0,22.0,75.0,1.0,70.0,Wats-1981-AW5,0,0,0,0,1,0,0,0,494
0.094,0.16,1.01,0.018,0.026,0.13,0.05,0.01,0.0,569.0,50.0,102.0,25.0,100.0,550.0,28.0,1.0,1.0,3.6,100.0,0.0,0.0,402.0,498.0,18.0,70.0,7.0,70.0,Wats-1981-BW5,0,0,0,0,1,0,0,0,491
0.09,0.15,1.18,0.012,0.018,0.13,0.08,0.03,0.01,621.0,50.0,131.0,25.0,200.0,550.0,28.0,1.0,1.0,3.6,100.0,0.0,0.0,427.0,518.0,18.0,75.0,30.0,70.0,Wats-1981-CW5,0,0,0,0,1,0,0,0,463
0.072,0.11,0.85,0.015,0.017,0.14,0.07,0.01,0.0,543.0,50.0,119.0,25.0,100.0,550.0,28.0,1.0,1.0,3.6,100.0,0.0,0.0,436.0,525.0,15.0,77.0,38.0,70.0,Wats-1981-DW5,0,0,0,0,1,0,0,0,265
0.081,0.16,0.97,0.021,0.024,0.15,0.07,0.02,0.01,584.0,50.0,95.0,25.0,200.0,550.0,28.0,1.0,1.0,3.6,100.0,0.0,0.0,451.0,545.0,,74.0,12.0,70.0,Wats-1981-EW5,0,0,0,0,1,0,0,0,438
0.044,0.32,0.62,0.007,0.007,0.0,0.0,0.0,0.0,423.0,0.0,82.0,37.5,0.0,170.0,21.0,1.0,1.0,0.6,200.0,250.0,14.0,445.0,496.0,31.0,79.7,,,EvHtIp1979-0.6A,0,0,0,1,0,0,0,0,53
0.044,0.32,0.62,0.007,0.007,0.0,0.0,0.0,0.0,423.0,0.0,82.0,37.5,0.0,170.0,21.0,1.0,1.0,0.6,200.0,0.0,0.0,,,,,-36.0,100.0,EvHtIp1979-0.6AC,0,0,0,1,0,0,0,0,53
0.046,0.31,0.96,0.008,0.012,0.0,0.0,0.0,0.0,423.0,0.0,82.0,37.5,0.0,170.0,21.0,1.0,1.0,0.6,200.0,250.0,14.0,479.0,527.0,27.8,77.0,,,EvHtIp1979-0.6B,0,0,0,1,0,0,0,0,65
0.046,0.31,0.96,0.008,0.012,0.0,0.0,0.0,0.0,423.0,0.0,82.0,37.5,0.0,170.0,21.0,1.0,1.0,0.6,200.0,0.0,0.0,,,,,-50.0,100.0,EvHtIp1979-0.6BC,0,0,0,1,0,0,0,0,65
0.055,0.35,1.93,0.007,0.011,0.0,0.0,0.0,0.0,423.0,0.0,82.0,37.5,0.0,170.0,21.0,1.0,1.0,0.6,200.0,250.0,14.0,587.0,633.0,24.2,76.9,,,EvHtIp1979-0.6D,0,0,0,1,0,0,0,0,137
0.055,0.35,1.93,0.007,0.011,0.0,0.0,0.0,0.0,423.0,0.0,82.0,37.5,0.0,170.0,21.0,1.0,1.0,0.6,200.0,0.0,0.0,,,,,-28.0,100.0,EvHtIp1979-0.6DC,0,0,0,1,0,0,0,0,137
0.037,0.29,0.6,0.006,0.009,0.0,0.0,0.0,0.0,423.0,0.0,82.0,37.5,0.0,170.0,21.0,1.0,1.0,1.0,200.0,250.0,14.0,401.0,466.0,32.0,81.5,,,EvHtIp1979-1.0A,0,0,0,1,0,0,0,0,11
0.037,0.29,0.6,0.006,0.009,0.0,0.0,0.0,0.0,423.0,0.0,82.0,37.5,0.0,170.0,21.0,1.0,1.0,1.0,200.0,0.0,0.0,,,,,-31.0,100.0,EvHtIp1979-1.0AC,0,0,0,1,0,0,0,0,11
0.039,0.29,0.94,0.007,0.011,0.0,0.0,0.0,0.0,423.0,0.0,82.0,37.5,0.0,170.0,21.0,1.0,1.0,1.0,200.0,250.0,14.0,438.0,501.0,32.6,80.6,,,EvHtIp1979-1.0B,0,0,0,1,0,0,0,0,20
0.039,0.29,0.94,0.007,0.011,0.0,0.0,0.0,0.0,423.0,0.0,82.0,37.5,0.0,170.0,21.0,1.0,1.0,1.0,200.0,0.0,0.0,,,,,-46.0,100.0,EvHtIp1979-1.0BC,0,0,0,1,0,0,0,0,20
0.048,0.35,1.41,0.006,0.012,0.0,0.0,0.0,0.0,423.0,0.0,82.0,37.5,0.0,170.0,21.0,1.0,1.0,1.0,200.0,250.0,14.0,479.0,551.0,29.8,78.8,,,EvHtIp1979-1.0C,0,0,0,1,0,0,0,0,83
0.048,0.35,1.41,0.006,0.012,0.0,0.0,0.0,0.0,423.0,0.0,82.0,37.5,0.0,170.0,21.0,1.0,1.0,1.0,200.0,0.0,0.0,,,,,-54.0,100.0,EvHtIp1979-1.0CC,0,0,0,1,0,0,0,0,83
0.051,0.32,1.8,0.006,0.012,0.0,0.0,0.0,0.0,423.0,0.0,82.0,37.5,0.0,170.0,21.0,1.0,1.0,1.0,200.0,250.0,14.0,507.0,587.0,29.2,76.9,,,EvHtIp1979-1.0D,0,0,0,1,0,0,0,0,123
0.051,0.32,1.8,0.006,0.012,0.0,0.0,0.0,0.0,423.0,0.0,82.0,37.5,0.0,170.0,21.0,1.0,1.0,1.0,200.0,0.0,0.0,,,,,-44.0,100.0,EvHtIp1979-1.0DC,0,0,0,1,0,0,0,0,123
0.038,0.24,0.55,0.007,0.005,0.0,0.0,0.0,0.0,423.0,0.0,82.0,37.5,0.0,170.0,21.0,1.0,1.0,2.2,200.0,250.0,14.0,389.0,457.0,30.0,80.6,,,EvHtIp1979-2.2A,0,0,0,1,0,0,0,0,15
0.038,0.24,0.55,0.007,0.005,0.0,0.0,0.0,0.0,423.0,0.0,82.0,37.5,0.0,170.0,21.0,1.0,1.0,2.2,200.0,0.0,0.0,,,,,-39.0,100.0,EvHtIp1979-2.2AC,0,0,0,1,0,0,0,0,15
0.036,0.24,0.89,0.008,0.01,0.0,0.0,0.0,0.0,423.0,0.0,82.0,37.5,0.0,170.0,21.0,1.0,1.0,2.2,200.0,250.0,14.0,400.0,478.0,32.6,80.6,,,EvHtIp1979-2.2B,0,0,0,1,0,0,0,0,7
0.036,0.24,0.89,0.008,0.01,0.0,0.0,0.0,0.0,423.0,0.0,82.0,37.5,0.0,170.0,21.0,1.0,1.0,2.2,200.0,0.0,0.0,,,,,-46.0,100.0,EvHtIp1979-2.2BC,0,0,0,1,0,0,0,0,7
0.042,0.28,1.37,0.007,0.012,0.0,0.0,0.0,0.0,423.0,0.0,82.0,37.5,0.0,170.0,21.0,1.0,1.0,2.2,200.0,250.0,14.0,438.0,518.0,29.8,82.3,,,EvHtIp1979-2.2C,0,0,0,1,0,0,0,0,40
0.042,0.28,1.37,0.007,0.012,0.0,0.0,0.0,0.0,423.0,0.0,82.0,37.5,0.0,170.0,21.0,1.0,1.0,2.2,200.0,0.0,0.0,,,,,-57.0,100.0,EvHtIp1979-2.2CC,0,0,0,1,0,0,0,0,40
0.043,0.2,0.52,0.009,0.01,0.0,0.0,0.0,0.0,423.0,0.0,82.0,37.5,0.0,170.0,21.0,1.0,1.0,4.3,200.0,250.0,14.0,341.0,453.0,32.6,78.8,,,EvHtIp1979-4.3A,0,0,0,1,0,0,0,0,44
0.043,0.2,0.52,0.009,0.01,0.0,0.0,0.0,0.0,423.0,0.0,82.0,37.5,0.0,170.0,21.0,1.0,1.0,4.3,200.0,0.0,0.0,,,,,-15.0,100.0,EvHtIp1979-4.3AC,0,0,0,1,0,0,0,0,44
0.042,0.2,0.93,0.008,0.011,0.0,0.0,0.0,0.0,423.0,0.0,82.0,37.5,0.0,170.0,21.0,1.0,1.0,4.3,200.0,250.0,14.0,376.0,484.0,32.6,78.8,,,EvHtIp1979-4.3B,0,0,0,1,0,0,0,0,38
0.042,0.2,0.93,0.008,0.011,0.0,0.0,0.0,0.0,423.0,0.0,82.0,37.5,0.0,170.0,21.0,1.0,1.0,4.3,200.0,0.0,0.0,,,,,-27.0,100.0,EvHtIp1979-4.3BC,0,0,0,1,0,0,0,0,38
0.043,0.24,1.37,0.008,0.013,0.0,0.0,0.0,0.0,423.0,0.0,82.0,37.5,0.0,170.0,21.0,1.0,1.0,4.3,200.0,250.0,14.0,405.0,500.0,31.8,80.6,,,EvHtIp1979-4.3C,0,0,0,1,0,0,0,0,45
0.043,0.24,1.37,0.008,0.013,0.0,0.0,0.0,0.0,423.0,0.0,82.0,37.5,0.0,170.0,21.0,1.0,1.0,4.3,200.0,0.0,0.0,,,,,-27.0,100.0,EvHtIp1979-4.3CC,0,0,0,1,0,0,0,0,45
0.125,0.26,1.34,0.012,0.013,0.07,0.05,0.003,0.005,253.0,5.0,89.0,37.5,180.0,850.0,35.0,1.0,1.0,7.9,300.0,0.0,0.0,505.0,589.0,,71.0,,,Stil-TiB-1978-1.5Mn/OP41TT,0,0,0,0,1,0,0,0,599
0.105,0.28,1.46,0.013,0.015,0.08,0.02,0.005,0.002,357.0,5.0,92.0,37.5,160.0,850.0,35.0,1.0,1.0,7.9,300.0,0.0,0.0,471.0,575.0,,66.0,,,Stil-TiB-1978-1.5Mn/OP122,0,0,0,0,1,0,0,0,543
0.115,0.26,1.5,0.01,0.014,0.06,0.05,0.009,0.005,455.0,5.0,100.0,37.5,170.0,850.0,35.0,1.0,1.0,7.9,300.0,0.0,0.0,465.0,571.0,,70.0,,,Stil-TiB-1978-1.5Mn/BX200,0,0,0,0,1,0,0,0,574
0.115,0.25,1.35,0.012,0.01,0.08,0.02,0.009,0.003,260.0,0.0,94.0,37.5,170.0,850.0,35.0,1.0,1.0,7.9,300.0,0.0,0.0,465.0,587.0,,69.0,,,Stil-TiB-1978-1.5Mn/OP121TT,0,0,0,0,1,0,0,0,573
0.1055,0.23,1.21,0.012,0.012,0.07,0.03,0.17,0.002,218.0,120.0,101.0,37.5,0.0,850.0,35.0,1.0,1.0,7.9,300.0,0.0,0.0,504.0,589.0,,69.0,,,Stil-TiB-1978-TiBMo/OP41TT,0,0,0,0,1,0,0,0,545
0.12,0.26,1.33,0.012,0.017,0.06,0.03,0.12,0.002,255.0,120.0,96.0,37.5,0.0,850.0,35.0,1.0,1.0,7.9,300.0,0.0,0.0,508.0,604.0,,67.0,,,Stil-TiB-1978-1978-TiBMo/OP121TT,0,0,0,0,1,0,0,0,585
0.105,0.26,1.32,0.021,0.014,0.06,0.03,0.125,0.002,362.0,100.0,101.0,37.5,180.0,850.0,35.0,1.0,1.0,7.9,300.0,0.0,0.0,549.0,629.0,,60.0,,,Stil-TiB-1978-TiBMo/OP122,0,0,0,0,1,0,0,0,542
0.1,0.26,1.38,0.01,0.011,0.07,0.03,0.14,0.002,416.0,120.0,116.0,37.5,100.0,850.0,35.0,1.0,1.0,7.9,300.0,0.0,0.0,460.0,583.0,,63.0,,,Stil-TiB-1978-TiBMo/BX200,0,0,0,0,1,0,0,0,518
0.09,0.21,1.39,0.013,0.01,0.06,0.03,0.185,0.001,340.0,120.0,108.0,37.5,190.0,850.0,35.0,1.0,1.0,7.9,300.0,0.0,0.0,479.0,587.0,,68.0,,,Stil-TiB-1978-TiBMo/OP122,0,0,0,0,1,0,0,0,467
0.036,0.31,0.6,0.008,0.012,0.0,0.0,0.0,0.0,423.0,0.0,82.0,37.5,0.0,170.0,21.0,1.0,1.0,1.0,20.0,0.0,0.0,450.0,506.0,28.8,77.8,-14.0,100.0,Evans-intpss-1978-A20,0,0,0,1,0,0,0,0,8
0.043,0.3,1.03,0.007,0.013,0.0,0.0,0.0,0.0,423.0,0.0,82.0,37.5,0.0,170.0,21.0,1.0,1.0,1.0,20.0,0.0,0.0,495.0,554.0,30.6,77.8,-32.0,100.0,Evans-intpss-1978-B20,0,0,0,1,0,0,0,0,47
0.046,0.31,1.39,0.008,0.015,0.0,0.0,0.0,0.0,423.0,0.0,82.0,37.5,0.0,170.0,21.0,1.0,1.0,1.0,20.0,0.0,0.0,542.0,597.0,26.6,75.0,-39.0,100.0,Evans-intpss-1978-C20,0,0,0,1,0,0,0,0,66
0.05,0.31,1.79,0.007,0.015,0.0,0.0,0.0,0.0,423.0,0.0,82.0,37.5,0.0,170.0,21.0,1.0,1.0,1.0,20.0,0.0,0.0,604.0,657.0,22.0,71.9,-29.0,100.0,Evans-intpss-1978-D20,0,0,0,1,0,0,0,0,106
0.039,0.28,0.58,0.008,0.012,0.0,0.0,0.0,0.0,423.0,0.0,82.0,37.5,0.0,170.0,21.0,1.0,1.0,1.0,150.0,0.0,0.0,411.0,475.0,30.6,79.7,-24.0,100.0,Evans-intpss-1978-A150,0,0,0,1,0,0,0,0,19
0.047,0.31,1.0,0.008,0.015,0.0,0.0,0.0,0.0,423.0,0.0,82.0,37.5,0.0,170.0,21.0,1.0,1.0,1.0,150.0,0.0,0.0,454.0,519.0,29.0,78.8,-35.0,100.0,Evans-intpss-1978-B150,0,0,0,1,0,0,0,0,73
0.046,0.31,1.4,0.007,0.012,0.0,0.0,0.0,0.0,423.0,0.0,82.0,37.5,0.0,170.0,21.0,1.0,1.0,1.0,150.0,0.0,0.0,486.0,556.0,28.6,77.0,-41.0,100.0,Evans-intpss-1978-C150,0,0,0,1,0,0,0,0,67
0.049,0.31,1.77,0.007,0.014,0.0,0.0,0.0,0.0,423.0,0.0,82.0,37.5,0.0,170.0,21.0,1.0,1.0,1.0,150.0,0.0,0.0,525.0,600.0,29.6,77.0,-37.0,100.0,Evans-intpss-1978-D150,0,0,0,1,0,0,0,0,85
0.042,0.32,1.02,0.007,0.012,0.0,0.0,0.0,0.0,423.0,0.0,82.0,37.5,0.0,170.0,21.0,1.0,1.0,1.0,240.0,0.0,0.0,427.0,499.0,34.6,80.5,-42.0,100.0,Evans-intpss-1978-B240,0,0,0,1,0,0,0,0,42
0.047,0.31,1.37,0.008,0.013,0.0,0.0,0.0,0.0,423.0,0.0,82.0,37.5,0.0,170.0,21.0,1.0,1.0,1.0,240.0,0.0,0.0,448.0,525.0,32.0,78.8,-50.0,100.0,Evans-intpss-1978-C240,0,0,0,1,0,0,0,0,74
0.047,0.32,1.75,0.007,0.015,0.0,0.0,0.0,0.0,423.0,0.0,82.0,37.5,0.0,170.0,21.0,1.0,1.0,1.0,240.0,0.0,0.0,501.0,566.0,31.4,77.8,-48.0,100.0,Evans-intpss-1978-D240,0,0,0,1,0,0,0,0,75
0.045,0.3,0.99,0.008,0.01,0.0,0.0,0.0,0.0,423.0,0.0,82.0,37.5,0.0,170.0,21.0,1.0,1.0,1.0,300.0,0.0,0.0,410.0,486.0,34.8,80.6,-47.0,100.0,Evans-intpss-1978-B300,0,0,0,1,0,0,0,0,58
0.047,0.27,1.32,0.007,0.012,0.0,0.0,0.0,0.0,423.0,0.0,82.0,37.5,0.0,170.0,21.0,1.0,1.0,1.0,300.0,0.0,0.0,431.0,513.0,33.4,78.8,-53.0,100.0,Evans-intpss-1978-C300,0,0,0,1,0,0,0,0,71
0.12,0.29,1.46,0.025,0.028,0.056,0.056,0.005,0.12,423.0,50.0,82.0,180.0,40.0,650.0,33.0,1.0,1.0,3.3,300.0,0.0,0.0,570.0,,29.0,68.0,,,Gar&K-1975-25mm-1aw,0,0,0,0,1,0,0,0,589
0.15,0.3,1.57,0.026,0.028,0.07,0.059,0.11,0.122,423.0,60.0,82.0,170.0,60.0,650.0,33.0,1.0,1.0,3.3,300.0,0.0,0.0,661.0,,20.0,68.0,,,Gar&K-1975-25mm-3aw,0,0,0,0,1,0,0,0,612
0.14,0.33,1.67,0.02,0.026,0.07,0.066,0.188,0.098,423.0,80.0,82.0,160.0,80.0,650.0,33.0,1.0,1.0,3.3,300.0,0.0,0.0,690.0,,15.0,62.0,,,Gar&K-1975-25mm-4aw,0,0,0,0,1,0,0,0,607
0.13,0.3,1.38,0.014,0.028,0.058,0.06,0.005,0.095,423.0,60.0,82.0,150.0,50.0,850.0,38.0,1.0,1.0,7.6,300.0,0.0,0.0,530.0,,14.0,60.0,,,Gar&K-1975-25mm-5aw,0,0,0,0,1,0,0,0,603
0.1,0.28,1.45,0.023,0.037,0.065,0.058,0.24,0.11,423.0,50.0,82.0,170.0,50.0,850.0,38.0,1.0,1.0,7.6,300.0,0.0,0.0,620.0,,15.0,55.0,,,Gar&K-1975-25mm-8aw,0,0,0,0,1,0,0,0,522
0.11,0.28,1.39,0.009,0.017,0.065,0.069,0.008,0.032,423.0,50.0,82.0,180.0,50.0,650.0,33.0,1.0,1.0,3.3,300.0,0.0,0.0,525.0,,31.0,62.0,,,Gar&K-1975-25mm-9aw,0,0,0,0,1,0,0,0,559
0.12,0.3,1.51,0.006,0.013,0.09,0.07,0.27,0.036,423.0,50.0,82.0,160.0,50.0,650.0,33.0,1.0,1.0,3.3,300.0,0.0,0.0,592.0,,27.0,68.0,,,Gar&K-1975-25mm-11aw,0,0,0,0,1,0,0,0,593
0.12,0.3,1.4,0.016,0.075,0.14,0.11,0.025,0.005,423.0,0.0,82.0,150.0,50.0,650.0,33.0,1.0,1.0,3.3,300.0,0.0,0.0,426.0,,21.0,54.0,,,Gar&K-1975-25mm-13aw,0,0,0,0,1,0,0,0,592
0.08,0.3,1.35,0.013,0.014,0.03,0.03,0.005,0.046,420.0,50.0,90.0,230.0,150.0,650.0,33.0,1.0,1.0,3.3,300.0,0.0,0.0,500.0,707.0,23.0,55.0,,,Gar&K-1975-12mm-14aw,0,0,0,0,1,0,0,0,416
0.08,0.3,1.35,0.013,0.014,0.03,0.03,0.005,0.046,420.0,50.0,90.0,230.0,150.0,650.0,33.0,1.0,1.0,3.3,300.0,600.0,0.75,522.0,670.0,26.0,63.0,,,Gar&K-1975-12mm-14ht,0,0,0,0,1,0,0,0,416
0.08,0.28,1.39,0.011,0.015,0.028,0.03,0.17,0.049,340.0,50.0,54.0,120.0,150.0,650.0,33.0,1.0,1.0,3.3,300.0,0.0,0.0,562.0,694.0,22.0,55.0,,,Gar&K-1975-12mm-15aw,0,0,0,0,1,0,0,0,413
0.08,0.28,1.39,0.011,0.015,0.028,0.03,0.17,0.049,340.0,50.0,54.0,120.0,150.0,650.0,33.0,1.0,1.0,3.3,300.0,600.0,0.75,642.0,732.0,22.0,58.0,,,Gar&K-1975-12mm-15ht,0,0,0,0,1,0,0,0,413
0.08,0.29,1.33,0.01,0.017,0.032,0.03,0.43,0.05,450.0,50.0,95.0,100.0,150.0,650.0,33.0,1.0,1.0,3.3,300.0,0.0,0.0,562.0,692.0,21.0,59.0,,,Gar&K-1975-12mm-16aw,0,0,0,0,1,0,0,0,415
0.08,0.29,1.33,0.01,0.017,0.032,0.03,0.43,0.05,450.0,50.0,95.0,100.0,150.0,650.0,33.0,1.0,1.0,3.3,300.0,600.0,0.75,701.0,766.0,22.0,52.0,,,Gar&K-1975-12mm-16ht,0,0,0,0,1,0,0,0,415
0.16,0.13,1.06,0.028,0.013,0.03,0.02,0.005,0.005,410.0,50.0,67.0,120.0,50.0,650.0,33.0,1.0,1.0,3.3,300.0,0.0,0.0,355.0,524.0,27.0,50.0,,,Gar&K-1975-12mm-17aw,0,0,0,0,1,0,0,0,618
0.16,0.13,1.06,0.028,0.013,0.03,0.02,0.005,0.005,410.0,50.0,67.0,120.0,50.0,650.0,33.0,1.0,1.0,3.3,300.0,600.0,0.75,330.0,494.0,27.0,51.0,,,Gar&K-1975-12mm-17ht,0,0,0,0,1,0,0,0,618
0.12,0.26,1.4,0.012,0.014,0.057,0.05,0.009,0.056,420.0,50.0,138.0,140.0,50.0,650.0,33.0,1.0,1.0,3.3,300.0,0.0,0.0,522.0,689.0,28.0,60.0,,,Gar&K-1975-12mm-18aw,0,0,0,0,1,0,0,0,586
0.12,0.26,1.4,0.012,0.014,0.057,0.05,0.009,0.056,420.0,50.0,138.0,140.0,50.0,650.0,33.0,1.0,1.0,3.3,300.0,600.0,0.75,581.0,704.0,23.0,60.0,,,Gar&K-1975-12mm-18ht,0,0,0,0,1,0,0,0,586
0.11,0.26,1.44,0.008,0.012,0.069,0.056,0.01,0.105,410.0,50.0,145.0,170.0,50.0,650.0,33.0,1.0,1.0,3.3,300.0,0.0,0.0,577.0,716.0,26.0,61.0,,,Gar&K-1975-12mm-19aw,0,0,0,0,1,0,0,0,555
0.11,0.26,1.44,0.008,0.012,0.069,0.056,0.01,0.105,410.0,50.0,145.0,170.0,50.0,650.0,33.0,1.0,1.0,3.3,300.0,600.0,0.75,599.0,701.0,26.0,64.0,,,Gar&K-1975-12mm-19ht,0,0,0,0,1,0,0,0,555
0.16,0.12,1.04,0.027,0.012,0.027,0.02,0.15,0.005,420.0,50.0,67.0,90.0,50.0,650.0,33.0,1.0,1.0,3.3,300.0,0.0,0.0,405.0,577.0,20.0,32.0,,,Gar&K-1975-12mm-20aw,0,0,0,0,1,0,0,0,617
0.16,0.12,1.04,0.027,0.012,0.027,0.02,0.15,0.005,420.0,50.0,67.0,90.0,50.0,650.0,33.0,1.0,1.0,3.3,300.0,600.0,0.75,405.0,562.0,26.0,60.0,,,Gar&K-1975-12mm-20ht,0,0,0,0,1,0,0,0,617
0.1,0.35,1.54,0.009,0.016,0.06,0.049,0.18,0.057,420.0,50.0,138.0,160.0,50.0,650.0,33.0,1.0,1.0,3.3,300.0,0.0,0.0,556.0,704.0,25.0,58.0,,,Gar&K-1975-12mm-21aw,0,0,0,0,1,0,0,0,526
0.1,0.35,1.54,0.009,0.016,0.06,0.049,0.18,0.057,420.0,50.0,138.0,160.0,50.0,650.0,33.0,1.0,1.0,3.3,300.0,600.0,0.75,593.0,692.0,26.0,65.0,,,Gar&K-1975-12mm-21ht,0,0,0,0,1,0,0,0,526
0.11,0.27,1.47,0.008,0.012,0.07,0.054,0.22,0.095,480.0,50.0,139.0,220.0,50.0,650.0,33.0,1.0,1.0,3.3,300.0,0.0,0.0,556.0,716.0,25.0,63.0,,,Gar&K-1975-12mm-22aw,0,0,0,0,1,0,0,0,558
0.11,0.27,1.47,0.008,0.012,0.07,0.054,0.22,0.095,480.0,50.0,139.0,220.0,50.0,650.0,33.0,1.0,1.0,3.3,300.0,600.0,0.75,648.0,735.0,25.0,65.0,,,Gar&K-1975-12mm-22ht,0,0,0,0,1,0,0,0,558
0.12,0.33,1.47,0.014,0.014,0.06,0.05,0.39,0.055,400.0,50.0,136.0,150.0,50.0,650.0,33.0,1.0,1.0,3.3,300.0,0.0,0.0,574.0,744.0,24.0,55.0,,,Gar&K-1975-12mm-24aw,0,0,0,0,1,0,0,0,595
0.12,0.33,1.47,0.014,0.014,0.06,0.05,0.39,0.055,400.0,50.0,136.0,150.0,50.0,650.0,33.0,1.0,1.0,3.3,300.0,600.0,0.75,613.0,747.0,24.0,64.0,,,Gar&K-1975-12mm-24ht,0,0,0,0,1,0,0,0,595
0.11,0.25,1.33,0.008,0.011,0.067,0.053,0.44,0.097,440.0,50.0,145.0,180.0,50.0,650.0,33.0,1.0,1.0,3.3,300.0,0.0,0.0,559.0,735.0,25.0,62.0,,,Gar&K-1975-12mm-25aw,0,0,0,0,1,0,0,0,553
0.11,0.25,1.33,0.008,0.011,0.067,0.053,0.44,0.097,440.0,50.0,145.0,180.0,50.0,650.0,33.0,1.0,1.0,3.3,300.0,600.0,0.75,662.0,740.0,24.0,60.0,,,Gar&K-1975-12mm-25ht,0,0,0,0,1,0,0,0,553
0.11,0.38,1.5,0.029,0.01,0.0,0.0,0.0,0.0,423.0,0.0,82.0,37.5,0.0,650.0,33.0,1.0,1.0,3.3,300.0,600.0,0.75,524.0,596.0,29.0,64.0,,,Gar&K-1975-12mmE-26aw,0,0,0,0,1,0,0,0,567
0.11,0.37,1.52,0.03,0.01,0.0,0.0,0.0,0.05,423.0,0.0,82.0,37.5,0.0,650.0,33.0,1.0,1.0,3.3,300.0,600.0,0.75,571.0,644.0,,,,,Gar&K-1975-12mmE-27aw,0,0,0,0,1,0,0,0,566
0.11,0.38,1.55,0.029,0.01,0.0,0.0,0.0,0.09,423.0,0.0,82.0,37.5,0.0,650.0,33.0,1.0,1.0,3.3,300.0,600.0,0.75,631.0,689.0,,,,,Gar&K-1975-12mmE-28aw,0,0,0,0,1,0,0,0,568
0.1,0.38,1.58,0.028,0.01,0.0,0.0,0.5,0.06,423.0,0.0,82.0,37.5,0.0,650.0,33.0,1.0,1.0,3.3,300.0,600.0,0.75,663.0,718.0,,,,,Gar&K-1975-12mmE-30aw,0,0,0,0,1,0,0,0,530
0.1,0.39,1.68,0.027,0.01,0.0,0.0,0.5,0.08,423.0,0.0,82.0,37.5,0.0,650.0,33.0,1.0,1.0,3.3,300.0,600.0,0.75,669.0,735.0,,,,,Gar&K-1975-12mmE-31aw,0,0,0,0,1,0,0,0,531
0.12,0.3,1.4,0.016,0.025,0.14,0.11,0.025,0.0,210.0,0.0,50.0,150.0,50.0,650.0,33.0,1.0,1.0,3.3,300.0,0.0,0.0,426.0,652.0,21.0,54.0,,,Ga&K-1975II-1aw,0,0,0,0,1,0,0,0,591
0.11,0.35,1.42,0.01,0.016,0.067,0.075,0.022,0.0,260.0,0.0,80.0,180.0,230.0,650.0,33.0,1.0,1.0,3.3,300.0,0.0,0.0,493.0,649.0,25.0,60.0,,,Ga&K-1975II-2aw,0,0,0,0,1,0,0,0,563
0.11,0.33,1.41,0.019,0.023,0.065,0.082,0.016,0.0,423.0,0.0,82.0,240.0,180.0,450.0,30.0,1.0,1.0,1.9,300.0,0.0,0.0,420.0,560.0,25.0,,,,Ga&K-1975II-3aw,0,0,0,0,1,0,0,0,562
0.11,0.31,1.37,0.013,0.019,0.09,0.06,0.018,0.0,423.0,0.0,82.0,220.0,120.0,650.0,33.0,1.0,1.0,3.3,300.0,0.0,0.0,488.0,618.0,26.0,60.0,,,Ga&K-1975II-4aw,0,0,0,0,1,0,0,0,561
0.15,0.31,1.23,0.015,0.02,0.06,0.065,0.02,0.0,423.0,0.0,82.0,250.0,200.0,850.0,38.0,1.0,1.0,7.6,300.0,0.0,0.0,432.0,598.0,16.0,40.0,,,Ga&K-1975II-5aw,0,0,0,0,1,0,0,0,613
0.08,0.36,1.6,0.017,0.021,0.065,0.075,0.017,0.0,423.0,0.0,82.0,300.0,170.0,450.0,30.0,1.0,1.0,1.9,300.0,0.0,0.0,457.0,556.0,25.0,60.0,,,Ga&K-1975II-6aw,0,0,0,0,1,0,0,0,423
0.09,0.4,1.6,0.016,0.016,0.04,0.055,0.015,0.0,400.0,0.0,80.0,270.0,150.0,650.0,33.0,1.0,1.0,3.3,300.0,0.0,0.0,507.0,647.0,22.0,60.0,,,Ga&K-1975II-7aw,0,0,0,0,1,0,0,0,476
0.1,0.38,1.5,0.02,0.021,0.055,0.065,0.017,0.0,423.0,0.0,82.0,310.0,200.0,850.0,38.0,1.0,1.0,7.6,300.0,0.0,0.0,452.0,581.0,18.0,50.0,,,Ga&K-1975II-8aw,0,0,0,0,1,0,0,0,528
0.09,0.46,1.81,0.017,0.024,0.1,0.08,0.28,0.0,340.0,0.0,100.0,260.0,140.0,650.0,33.0,1.0,1.0,3.3,300.0,0.0,0.0,620.0,712.0,22.0,58.0,,,Ga&K-1975II-10aw,0,0,0,0,1,0,0,0,481
0.1,0.54,0.66,0.006,0.014,0.31,9.0,0.82,0.23,510.0,50.0,180.0,50.0,170.0,181.0,22.0,1.0,1.0,1.0,175.0,0.0,0.0,,,,,,,PantK-1990-w2,0,0,0,1,0,0,0,0,538
0.09,0.37,1.03,0.004,0.01,0.05,8.8,1.03,0.25,470.0,50.0,370.0,50.0,800.0,180.0,23.0,1.0,1.0,1.3,175.0,0.0,0.0,,,,,,,PantK-1990-w4.0,0,0,0,1,0,0,0,0,474
0.09,0.37,1.03,0.004,0.01,0.05,8.8,1.03,0.25,470.0,50.0,370.0,50.0,800.0,180.0,23.0,1.0,1.0,1.3,175.0,720.0,2.0,,,,,,,PantK-1990-w4.1,0,0,0,1,0,0,0,0,474
0.09,0.37,1.03,0.004,0.01,0.05,8.8,1.03,0.25,470.0,50.0,370.0,50.0,800.0,180.0,23.0,1.0,1.0,1.3,175.0,720.0,8.0,,,,,,,PantK-1990-w4.2,0,0,0,1,0,0,0,0,474
0.09,0.37,1.03,0.004,0.01,0.05,8.8,1.03,0.25,470.0,50.0,370.0,50.0,800.0,180.0,23.0,1.0,1.0,1.3,175.0,740.0,2.0,,,,,,,PantK-1990-w4.3,0,0,0,1,0,0,0,0,474
0.09,0.37,1.03,0.004,0.01,0.05,8.8,1.03,0.25,470.0,50.0,370.0,50.0,800.0,180.0,23.0,1.0,1.0,1.3,175.0,740.0,8.0,,,,,,,PantK-1990-w4.4,0,0,0,1,0,0,0,0,474
0.09,0.37,1.03,0.004,0.01,0.05,8.8,1.03,0.25,470.0,50.0,370.0,50.0,800.0,180.0,23.0,1.0,1.0,1.3,175.0,760.0,2.0,,,,,,,PantK-1990-w4.5,0,0,0,1,0,0,0,0,474
0.09,0.37,1.03,0.004,0.01,0.05,8.8,1.03,0.25,470.0,50.0,370.0,50.0,800.0,180.0,23.0,1.0,1.0,1.3,175.0,760.0,8.0,,,,,,,PantK-1990-w4.6,0,0,0,1,0,0,0,0,474
0.06,0.34,1.08,0.007,0.014,0.69,9.0,1.03,0.29,480.0,50.0,110.0,50.0,50.0,116.0,23.0,1.0,1.0,1.3,175.0,0.0,0.0,,,,,,,PantK-1990-w5.0,0,0,0,1,0,0,0,0,159
0.06,0.34,1.08,0.007,0.014,0.69,9.0,1.03,0.29,480.0,50.0,110.0,50.0,50.0,116.0,23.0,1.0,1.0,1.3,175.0,720.0,2.0,,,,,,,PantK-1990-w5.1,0,0,0,1,0,0,0,0,159
0.06,0.34,1.08,0.007,0.014,0.69,9.0,1.03,0.29,480.0,50.0,110.0,50.0,50.0,116.0,23.0,1.0,1.0,1.3,175.0,720.0,8.0,,,,,,,PantK-1990-w5.2,0,0,0,1,0,0,0,0,159
0.06,0.34,1.08,0.007,0.014,0.69,9.0,1.03,0.29,480.0,50.0,110.0,50.0,50.0,116.0,23.0,1.0,1.0,1.3,175.0,740.0,2.0,,,,,,,PantK-1990-w5.3,0,0,0,1,0,0,0,0,159
0.06,0.34,1.08,0.007,0.014,0.69,9.0,1.03,0.29,480.0,50.0,110.0,50.0,50.0,116.0,23.0,1.0,1.0,1.3,175.0,740.0,8.0,,,,,,,PantK-1990-w5.4,0,0,0,1,0,0,0,0,159
0.06,0.34,1.08,0.007,0.014,0.69,9.0,1.03,0.29,480.0,50.0,110.0,50.0,50.0,116.0,23.0,1.0,1.0,1.3,175.0,760.0,2.0,,,,,,,PantK-1990-w5.5,0,0,0,1,0,0,0,0,159
0.06,0.34,1.08,0.007,0.014,0.69,9.0,1.03,0.29,480.0,50.0,110.0,50.0,50.0,116.0,23.0,1.0,1.0,1.3,175.0,760.0,8.0,,,,,,,PantK-1990-w5.6,0,0,0,1,0,0,0,0,159
0.11,0.51,1.1,0.007,0.013,0.08,8.9,1.0,0.18,500.0,50.0,400.0,50.0,900.0,115.0,23.0,1.0,1.0,1.0,175.0,0.0,0.0,,,,,,,PantK-1990-w7.0,0,0,0,1,0,0,0,0,571
0.11,0.51,1.1,0.007,0.013,0.08,8.9,1.0,0.18,500.0,50.0,400.0,50.0,900.0,115.0,23.0,1.0,1.0,1.0,175.0,720.0,2.0,,,,,,,PantK-1990-w7.1,0,0,0,1,0,0,0,0,571
0.11,0.51,1.1,0.007,0.013,0.08,8.9,1.0,0.18,500.0,50.0,400.0,50.0,900.0,115.0,23.0,1.0,1.0,1.0,175.0,720.0,8.0,,,,,,,PantK-1990-w7.2,0,0,0,1,0,0,0,0,571
0.11,0.51,1.1,0.007,0.013,0.08,8.9,1.0,0.18,500.0,50.0,400.0,50.0,900.0,115.0,23.0,1.0,1.0,1.0,175.0,740.0,2.0,,,,,,,PantK-1990-w7.3,0,0,0,1,0,0,0,0,571
0.11,0.51,1.1,0.007,0.013,0.08,8.9,1.0,0.18,500.0,50.0,400.0,50.0,900.0,115.0,23.0,1.0,1.0,1.0,175.0,740.0,8.0,,,,,,,PantK-1990-w7.4,0,0,0,1,0,0,0,0,571
0.11,0.51,1.1,0.007,0.013,0.08,8.9,1.0,0.18,500.0,50.0,400.0,50.0,900.0,115.0,23.0,1.0,1.0,1.0,175.0,760.0,2.0,,,,,,,PantK-1990-w7.5,0,0,0,1,0,0,0,0,571
0.11,0.51,1.1,0.007,0.013,0.08,8.9,1.0,0.18,500.0,50.0,400.0,50.0,900.0,115.0,23.0,1.0,1.0,1.0,175.0,760.0,8.0,,,,,,,PantK-1990-w7.6,0,0,0,1,0,0,0,0,571
0.1,0.43,0.96,0.003,0.006,0.17,8.6,0.97,0.22,360.0,50.0,430.0,50.0,200.0,145.0,20.0,1.0,1.0,1.0,200.0,750.0,2.0,,,,,,,PantK-1990-bw1.0,0,0,0,1,0,0,0,0,536
0.1,0.43,0.96,0.003,0.006,0.17,8.6,0.97,0.22,360.0,50.0,430.0,50.0,200.0,145.0,20.0,1.0,1.0,1.0,200.0,750.0,2.0,,,,,-20.0,8.0,PantK-1990-bw1.1,0,0,0,1,0,0,0,0,536
0.1,0.43,0.96,0.003,0.006,0.17,8.6,0.97,0.22,360.0,50.0,430.0,50.0,200.0,145.0,20.0,1.0,1.0,1.0,200.0,750.0,2.0,,,,,20.0,23.0,PantK-1990-bw1.2,0,0,0,1,0,0,0,0,536
0.1,0.43,0.96,0.003,0.006,0.17,8.6,0.97,0.22,360.0,50.0,430.0,50.0,200.0,145.0,20.0,1.0,1.0,1.0,200.0,750.0,2.0,,,,,40.0,44.0,PantK-1990-bw1.3,0,0,0,1,0,0,0,0,536
0.1,0.4,0.98,0.004,0.008,0.17,8.7,0.98,0.22,410.0,50.0,420.0,50.0,300.0,145.0,21.0,1.0,1.0,1.2,200.0,750.0,2.0,,,,,,,PantK-1990-bw2.0,0,0,0,1,0,0,0,0,532
0.1,0.4,0.98,0.004,0.008,0.17,8.7,0.98,0.22,410.0,50.0,420.0,50.0,300.0,145.0,21.0,1.0,1.0,1.2,200.0,750.0,2.0,,,,,-20.0,8.0,PantK-1990-bw2.1,0,0,0,1,0,0,0,0,532
0.1,0.4,0.98,0.004,0.008,0.17,8.7,0.98,0.22,410.0,50.0,420.0,50.0,300.0,145.0,21.0,1.0,1.0,1.2,200.0,750.0,2.0,,,,,20.0,27.0,PantK-1990-bw2.2,0,0,0,1,0,0,0,0,532
0.1,0.4,0.98,0.004,0.008,0.17,8.7,0.98,0.22,410.0,50.0,420.0,50.0,300.0,145.0,21.0,1.0,1.0,1.2,200.0,750.0,2.0,,,,,40.0,52.0,PantK-1990-bw2.3,0,0,0,1,0,0,0,0,532
0.1,0.42,0.96,0.003,0.006,0.17,8.8,1.01,0.21,400.0,50.0,430.0,50.0,900.0,143.0,21.0,1.0,1.0,1.1,200.0,760.0,8.0,,,,,,,PantK-1990-bw3.0,0,0,0,1,0,0,0,0,535
0.1,0.42,0.96,0.003,0.006,0.17,8.8,1.01,0.21,400.0,50.0,430.0,50.0,900.0,143.0,21.0,1.0,1.0,1.1,200.0,760.0,8.0,,,,,-20.0,10.0,PantK-1990-bw3.1,0,0,0,1,0,0,0,0,535
0.1,0.42,0.96,0.003,0.006,0.17,8.8,1.01,0.21,400.0,50.0,430.0,50.0,900.0,143.0,21.0,1.0,1.0,1.1,200.0,760.0,8.0,,,,,20.0,44.0,PantK-1990-bw3.2,0,0,0,1,0,0,0,0,535
0.1,0.42,0.96,0.003,0.006,0.17,8.8,1.01,0.21,400.0,50.0,430.0,50.0,900.0,143.0,21.0,1.0,1.0,1.1,200.0,760.0,8.0,,,,,40.0,83.0,PantK-1990-bw3.3,0,0,0,1,0,0,0,0,535
0.1,0.42,0.91,0.004,0.008,0.17,8.9,0.98,0.21,390.0,50.0,410.0,50.0,900.0,146.0,22.0,1.0,1.0,1.1,200.0,760.0,8.0,,,,,,,PantK-1990-bw4.0,0,0,0,1,0,0,0,0,534
0.1,0.42,0.91,0.004,0.008,0.17,8.9,0.98,0.21,390.0,50.0,410.0,50.0,900.0,146.0,22.0,1.0,1.0,1.1,200.0,760.0,8.0,,,,,-20.0,10.0,PantK-1990-bw4.1,0,0,0,1,0,0,0,0,534
0.1,0.42,0.91,0.004,0.008,0.17,8.9,0.98,0.21,390.0,50.0,410.0,50.0,900.0,146.0,22.0,1.0,1.0,1.1,200.0,760.0,8.0,,,,,20.0,44.0,PantK-1990-bw4.2,0,0,0,1,0,0,0,0,534
0.1,0.42,0.91,0.004,0.008,0.17,8.9,0.98,0.21,390.0,50.0,410.0,50.0,900.0,146.0,22.0,1.0,1.0,1.1,200.0,760.0,8.0,,,,,40.0,83.0,PantK-1990-bw4.3,0,0,0,1,0,0,0,0,534
0.1,0.27,0.6,0.002,0.011,0.13,8.75,1.02,0.2,423.0,20.0,390.0,160.0,0.0,400.0,31.5,0.0,0.0,1.4,177.0,746.0,4.0,650.0,747.0,19.0,63.0,,,EPRI-TR-101394s-E9SA6,0,0,0,0,0,1,0,0,519
0.1,0.27,0.6,0.002,0.011,0.13,8.75,1.02,0.2,423.0,20.0,390.0,160.0,0.0,400.0,31.5,0.0,0.0,1.4,177.0,746.0,4.0,625.0,734.0,22.0,63.0,,,EPRI-TR-101394s-E9SA6,0,0,0,0,0,1,0,0,519
0.11,0.27,0.6,0.002,0.01,0.14,8.77,1.01,0.2,423.0,20.0,370.0,140.0,0.0,400.0,31.5,0.0,0.0,1.4,177.0,746.0,4.0,626.0,727.0,23.0,69.0,,,EPRI-TR-101394s-E9SA8,0,0,0,0,0,1,0,0,556
0.11,0.27,0.6,0.002,0.01,0.14,8.77,1.01,0.2,423.0,20.0,370.0,140.0,0.0,400.0,31.5,0.0,0.0,1.4,177.0,746.0,4.0,629.0,735.0,21.0,68.0,,,EPRI-TR-101394s-E9SA8,0,0,0,0,0,1,0,0,556
0.09,0.34,0.48,0.004,0.011,0.08,8.6,0.98,0.22,423.0,20.0,260.0,50.0,0.0,390.0,11.5,1.0,1.0,1.9,177.0,746.0,4.0,647.0,747.0,20.0,68.0,,,EPRI-TR-101394s-E9GT3,0,0,1,0,0,0,0,0,472
0.09,0.34,0.48,0.004,0.011,0.08,8.6,0.98,0.22,423.0,20.0,260.0,50.0,0.0,390.0,11.5,1.0,1.0,1.9,177.0,746.0,4.0,661.0,756.0,24.0,73.0,,,EPRI-TR-101394s-E9GT3,0,0,1,0,0,0,0,0,472
0.081,0.34,0.49,0.004,0.012,0.08,8.57,0.98,0.22,423.0,20.0,240.0,40.0,0.0,300.0,12.5,1.0,1.0,1.4,177.0,746.0,1.0,682.0,783.0,26.0,74.0,,,EPRI-TR-101394s-E9GT4,0,0,1,0,0,0,0,0,440
0.081,0.34,0.49,0.004,0.012,0.08,8.57,0.98,0.22,423.0,20.0,240.0,40.0,0.0,300.0,12.5,1.0,1.0,1.4,177.0,746.0,1.0,728.0,817.0,21.0,73.0,,,EPRI-TR-101394s-E9GT4,0,0,1,0,0,0,0,0,440
0.11,0.3,0.44,0.004,0.011,0.08,8.58,1.0,0.22,423.0,20.0,340.0,40.0,0.0,275.0,28.5,1.0,1.0,1.2,177.0,746.0,4.0,605.0,726.0,20.0,68.0,,,EPRI-TR-101394s-E9GM2,0,1,0,0,0,0,0,0,560
0.11,0.3,0.44,0.004,0.011,0.08,8.58,1.0,0.22,423.0,20.0,340.0,40.0,0.0,275.0,28.5,1.0,1.0,1.2,177.0,746.0,4.0,603.0,726.0,20.0,66.0,,,EPRI-TR-101394s-E9GM2,0,1,0,0,0,0,0,0,560
0.12,0.24,0.53,0.001,0.01,0.13,8.61,1.03,0.2,423.0,20.0,430.0,130.0,0.0,285.0,28.5,1.0,1.0,1.3,177.0,746.0,4.0,654.0,767.0,20.0,62.0,,,EPRI-TR-101394s-E9GM3,0,1,0,0,0,0,0,0,583
0.12,0.24,0.53,0.001,0.01,0.13,8.61,1.03,0.2,423.0,20.0,430.0,130.0,0.0,285.0,28.5,1.0,1.0,1.3,177.0,746.0,4.0,661.0,772.0,19.0,62.0,,,EPRI-TR-101394s-E9GM3,0,1,0,0,0,0,0,0,583
0.1,0.22,0.55,0.009,0.013,0.21,2.68,1.05,0.0,260.0,0.0,82.0,200.0,0.0,500.0,32.0,1.0,1.0,2.0,250.0,690.0,10.0,492.0,610.0,27.0,,,,Chandel&-1985W1,0,0,0,0,1,0,0,0,516
0.1,0.22,0.55,0.009,0.013,0.21,2.68,1.05,0.0,260.0,0.0,82.0,200.0,0.0,500.0,32.0,1.0,1.0,2.0,250.0,690.0,10.0,,,,,24.0,193.0,Chandel&-1985W1ch1,0,0,0,0,1,0,0,0,516
0.1,0.22,0.55,0.009,0.013,0.21,2.68,1.05,0.0,260.0,0.0,82.0,200.0,0.0,500.0,32.0,1.0,1.0,2.0,250.0,690.0,10.0,,,,,0.0,164.0,Chandel&-1985W1ch2,0,0,0,0,1,0,0,0,516
0.1,0.22,0.55,0.009,0.013,0.21,2.68,1.05,0.0,260.0,0.0,82.0,200.0,0.0,500.0,32.0,1.0,1.0,2.0,250.0,690.0,10.0,,,,,-20.0,147.0,Chandel&-1985W1ch3,0,0,0,0,1,0,0,0,516
0.1,0.22,0.55,0.009,0.013,0.21,2.68,1.05,0.0,260.0,0.0,82.0,200.0,0.0,500.0,32.0,1.0,1.0,2.0,250.0,690.0,10.0,,,,,-40.0,72.0,Chandel&-1985W1ch4,0,0,0,0,1,0,0,0,516
0.1,0.22,0.55,0.009,0.013,0.21,2.68,1.05,0.0,260.0,0.0,82.0,200.0,0.0,500.0,32.0,1.0,1.0,2.0,250.0,690.0,10.0,,,,,-60.0,15.0,Chandel&-1985W1ch5,0,0,0,0,1,0,0,0,516
0.06,0.49,0.67,0.011,0.009,0.21,2.63,1.06,0.0,850.0,0.0,82.0,150.0,0.0,500.0,32.0,1.0,1.0,2.0,250.0,690.0,10.0,469.0,592.0,27.0,,,,Chandel&-1985W2,0,0,0,0,1,0,0,0,164
0.06,0.49,0.67,0.011,0.009,0.21,2.63,1.06,0.0,850.0,0.0,82.0,150.0,0.0,500.0,32.0,1.0,1.0,2.0,250.0,690.0,10.0,,,,,22.0,96.0,Chandel&-1985W2ch1,0,0,0,0,1,0,0,0,164
0.06,0.49,0.67,0.011,0.009,0.21,2.63,1.06,0.0,850.0,0.0,82.0,150.0,0.0,500.0,32.0,1.0,1.0,2.0,250.0,690.0,10.0,,,,,0.0,68.0,Chandel&-1985W2ch2,0,0,0,0,1,0,0,0,164
0.06,0.49,0.67,0.011,0.009,0.21,2.63,1.06,0.0,850.0,0.0,82.0,150.0,0.0,500.0,32.0,1.0,1.0,2.0,250.0,690.0,10.0,,,,,-20.0,38.0,Chandel&-1985W2ch3,0,0,0,0,1,0,0,0,164
0.06,0.49,0.67,0.011,0.009,0.21,2.63,1.06,0.0,850.0,0.0,82.0,150.0,0.0,500.0,32.0,1.0,1.0,2.0,250.0,690.0,10.0,,,,,-40.0,15.0,Chandel&-1985W2ch4,0,0,0,0,1,0,0,0,164
0.1,0.19,0.53,0.007,0.007,0.2,2.7,1.03,0.0,220.0,0.0,82.0,150.0,0.0,500.0,32.0,1.0,1.0,2.0,250.0,690.0,10.0,456.0,592.0,29.0,,,,Chandel&-1985W3,0,0,0,0,1,0,0,0,515
0.1,0.19,0.53,0.007,0.007,0.2,2.7,1.03,0.0,220.0,0.0,82.0,150.0,0.0,500.0,32.0,1.0,1.0,2.0,250.0,690.0,10.0,,,,,24.0,270.0,Chandel&-1985W3ch1,0,0,0,0,1,0,0,0,515
0.1,0.19,0.53,0.007,0.007,0.2,2.7,1.03,0.0,220.0,0.0,82.0,150.0,0.0,500.0,32.0,1.0,1.0,2.0,250.0,690.0,10.0,,,,,0.0,238.0,Chandel&-1985W3ch2,0,0,0,0,1,0,0,0,515
0.1,0.19,0.53,0.007,0.007,0.2,2.7,1.03,0.0,220.0,0.0,82.0,150.0,0.0,500.0,32.0,1.0,1.0,2.0,250.0,690.0,10.0,,,,,-20.0,176.0,Chandel&-1985W3ch3,0,0,0,0,1,0,0,0,515
0.1,0.19,0.53,0.007,0.007,0.2,2.7,1.03,0.0,220.0,0.0,82.0,150.0,0.0,500.0,32.0,1.0,1.0,2.0,250.0,690.0,10.0,,,,,-40.0,157.0,Chandel&-1985W3ch4,0,0,0,0,1,0,0,0,515
0.1,0.19,0.53,0.007,0.007,0.2,2.7,1.03,0.0,220.0,0.0,82.0,150.0,0.0,500.0,32.0,1.0,1.0,2.0,250.0,690.0,10.0,,,,,-60.0,53.0,Chandel&-1985W3ch5,0,0,0,0,1,0,0,0,515
0.11,0.14,0.73,0.002,0.005,0.0,2.3,1.03,0.27,254.0,0.0,26.0,37.5,200.0,500.0,29.0,0.0,0.0,2.9,200.0,690.0,8.0,,738.0,,,,,Icici&-1992-CM1,0,0,0,0,1,0,0,0,547
0.11,0.14,0.73,0.002,0.005,0.0,2.3,1.03,0.27,254.0,0.0,26.0,37.5,200.0,500.0,29.0,0.0,0.0,2.9,200.0,690.0,8.0,,,,,-40.0,10.0,Icici&-1992-CM1ch1,0,0,0,0,1,0,0,0,547
0.11,0.14,0.73,0.002,0.005,0.0,2.3,1.03,0.27,254.0,0.0,26.0,37.5,200.0,500.0,29.0,0.0,0.0,2.9,200.0,690.0,8.0,,,,,-40.0,12.0,Icici&-1992-CM1ch2,0,0,0,0,1,0,0,0,547
0.11,0.14,0.73,0.002,0.005,0.0,2.3,1.03,0.27,254.0,0.0,26.0,37.5,200.0,500.0,29.0,0.0,0.0,2.9,200.0,690.0,8.0,,,,,-40.0,17.0,Icici&-1992-CM1ch3,0,0,0,0,1,0,0,0,547
0.11,0.14,0.73,0.002,0.005,0.0,2.3,1.03,0.27,254.0,0.0,26.0,37.5,200.0,500.0,29.0,0.0,0.0,2.9,200.0,690.0,8.0,,,,,-20.0,13.0,Icici&-1992-CM1ch4,0,0,0,0,1,0,0,0,547
0.11,0.14,0.73,0.002,0.005,0.0,2.3,1.03,0.27,254.0,0.0,26.0,37.5,200.0,500.0,29.0,0.0,0.0,2.9,200.0,690.0,8.0,,,,,-20.0,18.0,Icici&-1992-CM1ch5,0,0,0,0,1,0,0,0,547
0.11,0.14,0.73,0.002,0.005,0.0,2.3,1.03,0.27,254.0,0.0,26.0,37.5,200.0,500.0,29.0,0.0,0.0,2.9,200.0,690.0,8.0,,,,,-20.0,22.0,Icici&-1992-CM1ch6,0,0,0,0,1,0,0,0,547
0.11,0.14,0.73,0.002,0.005,0.0,2.3,1.03,0.27,254.0,0.0,26.0,37.5,200.0,500.0,29.0,0.0,0.0,2.9,200.0,690.0,24.0,,685.0,,,,,Icici&-1992-CM1,0,0,0,0,1,0,0,0,547
0.14,0.18,0.75,0.002,0.005,0.0,2.3,1.01,0.27,256.0,0.0,21.0,37.5,200.0,500.0,29.0,0.0,0.0,2.9,200.0,690.0,8.0,,770.0,,,,,Icici&-1992-CM3,0,0,0,0,1,0,0,0,606
0.14,0.18,0.75,0.002,0.005,0.0,2.3,1.01,0.27,256.0,0.0,21.0,37.5,200.0,500.0,29.0,0.0,0.0,2.9,200.0,690.0,8.0,,,,,-40.0,24.0,Icici&-1992-CM3ch1,0,0,0,0,1,0,0,0,606
0.14,0.18,0.75,0.002,0.005,0.0,2.3,1.01,0.27,256.0,0.0,21.0,37.5,200.0,500.0,29.0,0.0,0.0,2.9,200.0,690.0,8.0,,,,,-40.0,37.0,Icici&-1992-CM3ch2,0,0,0,0,1,0,0,0,606
0.14,0.18,0.75,0.002,0.005,0.0,2.3,1.01,0.27,256.0,0.0,21.0,37.5,200.0,500.0,29.0,0.0,0.0,2.9,200.0,690.0,8.0,,,,,-40.0,52.0,Icici&-1992-CM3ch3,0,0,0,0,1,0,0,0,606
0.14,0.18,0.75,0.002,0.005,0.0,2.3,1.01,0.27,256.0,0.0,21.0,37.5,200.0,500.0,29.0,0.0,0.0,2.9,200.0,690.0,8.0,,,,,-20.0,37.0,Icici&-1992-CM3ch4,0,0,0,0,1,0,0,0,606
0.14,0.18,0.75,0.002,0.005,0.0,2.3,1.01,0.27,256.0,0.0,21.0,37.5,200.0,500.0,29.0,0.0,0.0,2.9,200.0,690.0,8.0,,,,,-20.0,80.0,Icici&-1992-CM3ch5,0,0,0,0,1,0,0,0,606
0.14,0.18,0.75,0.002,0.005,0.0,2.3,1.01,0.27,256.0,0.0,21.0,37.5,200.0,500.0,29.0,0.0,0.0,2.9,200.0,690.0,24.0,,714.0,,,,,Icici&-1992-CM3,0,0,0,0,1,0,0,0,606
0.12,0.13,1.29,0.002,0.009,0.0,2.26,0.99,0.3,344.0,0.0,35.0,37.5,200.0,500.0,29.0,0.0,0.0,2.9,200.0,690.0,24.0,,,21.8,70.7,,,Icici&-1992-N1b,0,0,0,0,1,0,0,0,577
0.12,0.15,1.36,0.002,0.008,0.0,2.26,0.99,0.32,243.0,0.0,101.0,37.5,200.0,500.0,29.0,0.0,0.0,2.9,200.0,690.0,8.0,,,24.3,72.4,,,Icici&-1992-N2a,0,0,0,0,1,0,0,0,581
0.11,0.14,1.32,0.002,0.008,0.0,2.27,1.0,0.32,334.0,0.0,127.0,37.5,200.0,500.0,29.0,0.0,0.0,2.9,200.0,690.0,24.0,,,22.4,69.1,,,Icici&-1992-N2b,0,0,0,0,1,0,0,0,548
0.12,0.13,1.23,0.002,0.008,0.0,2.29,1.01,0.32,303.0,0.0,166.0,37.5,200.0,500.0,29.0,0.0,0.0,2.9,200.0,690.0,8.0,,,24.7,69.9,,,Icici&-1992-N3a,0,0,0,0,1,0,0,0,576
0.11,0.13,1.2,0.002,0.008,0.0,2.26,1.0,0.31,283.0,0.0,156.0,37.5,200.0,500.0,29.0,0.0,0.0,2.9,200.0,690.0,24.0,,,21.6,69.8,,,Icici&-1992-N3b,0,0,0,0,1,0,0,0,546
0.084,0.415,1.24,0.011,0.015,0.05,0.037,0.385,0.0,480.0,0.0,86.0,37.5,0.0,550.0,32.0,1.0,1.0,2.4,100.0,550.0,1.83,529.0,635.0,25.6,70.0,,,Blond&-1984-A530a,0,0,0,0,1,0,0,0,445
0.084,0.415,1.24,0.011,0.015,0.05,0.037,0.385,0.0,480.0,0.0,86.0,37.5,0.0,550.0,32.0,1.0,1.0,2.4,100.0,550.0,1.83,473.0,605.0,28.8,73.0,,,Blond&-1984-A530b,0,0,0,0,1,0,0,0,445
0.084,0.415,1.24,0.011,0.015,0.05,0.037,0.385,0.0,480.0,0.0,86.0,37.5,0.0,550.0,32.0,1.0,1.0,2.4,100.0,550.0,1.83,557.0,658.0,23.8,68.5,,,Blond&-1984-A530c,0,0,0,0,1,0,0,0,445
0.084,0.415,1.24,0.011,0.015,0.05,0.037,0.385,0.0,480.0,0.0,86.0,37.5,0.0,550.0,32.0,1.0,1.0,2.4,100.0,550.0,1.83,,,,,-40.0,96.0,Blond&-1984-A530d,0,0,0,0,1,0,0,0,445
0.084,0.415,1.24,0.011,0.015,0.05,0.037,0.385,0.0,480.0,0.0,86.0,37.5,0.0,550.0,32.0,1.0,1.0,2.4,100.0,550.0,1.83,,,,,-79.0,40.0,Blond&-1984-A530e,0,0,0,0,1,0,0,0,445
0.084,0.415,1.24,0.011,0.015,0.05,0.037,0.385,0.0,480.0,0.0,86.0,37.5,0.0,550.0,32.0,1.0,1.0,2.4,100.0,550.0,1.83,,,,,,,Blond&-1984-A530f,0,0,0,0,1,0,0,0,445
0.084,0.3,0.54,0.005,0.008,0.036,2.2,1.05,0.0,660.0,0.0,66.0,37.5,0.0,550.0,32.0,1.0,1.0,2.4,175.0,690.0,2.33,496.0,638.0,23.3,73.0,,,Blond&-1984-10CD9.10a,0,0,0,0,1,0,0,0,444
0.084,0.3,0.54,0.005,0.008,0.036,2.2,1.05,0.0,660.0,0.0,66.0,37.5,0.0,550.0,32.0,1.0,1.0,2.4,175.0,690.0,2.33,524.0,664.0,23.6,66.5,,,Blond&-1984-10CD9.10b,0,0,0,0,1,0,0,0,444
0.084,0.3,0.54,0.005,0.008,0.036,2.2,1.05,0.0,660.0,0.0,66.0,37.5,0.0,550.0,32.0,1.0,1.0,2.4,175.0,690.0,2.33,530.0,653.0,21.5,69.0,,,Blond&-1984-10CD9.10c,0,0,0,0,1,0,0,0,444
0.084,0.3,0.54,0.005,0.008,0.036,2.2,1.05,0.0,660.0,0.0,66.0,37.5,0.0,550.0,32.0,1.0,1.0,2.4,175.0,690.0,2.33,,,,,0.0,118.0,Blond&-1984-10CD9.10d,0,0,0,0,1,0,0,0,444
0.084,0.3,0.54,0.005,0.008,0.036,2.2,1.05,0.0,660.0,0.0,66.0,37.5,0.0,550.0,32.0,1.0,1.0,2.4,175.0,690.0,2.33,,,,,-50.0,40.0,Blond&-1984-10CD9.10e,0,0,0,0,1,0,0,0,444
0.084,0.3,0.54,0.005,0.008,0.036,2.2,1.05,0.0,660.0,0.0,66.0,37.5,0.0,550.0,32.0,1.0,1.0,2.4,175.0,690.0,2.33,,,,,,,Blond&-1984-10CD9.10f,0,0,0,0,1,0,0,0,444
0.06,0.2,1.15,0.007,0.017,0.16,0.052,0.45,0.0,350.0,0.0,97.0,37.5,0.0,550.0,32.0,1.0,1.0,2.4,125.0,605.0,1.92,598.0,678.0,24.5,74.0,,,Blond&-1984-14MNDV5a,0,0,0,0,1,0,0,0,152
0.06,0.2,1.15,0.007,0.017,0.16,0.052,0.45,0.0,350.0,0.0,97.0,37.5,0.0,550.0,32.0,1.0,1.0,2.4,125.0,605.0,1.92,663.0,730.0,22.5,66.5,,,Blond&-1984-14MNDV5b,0,0,0,0,1,0,0,0,152
0.06,0.2,1.15,0.007,0.017,0.16,0.052,0.45,0.0,350.0,0.0,97.0,37.5,0.0,550.0,32.0,1.0,1.0,2.4,125.0,605.0,1.92,630.0,708.0,24.8,63.0,,,Blond&-1984-14MNDV5c,0,0,0,0,1,0,0,0,152
0.06,0.2,1.15,0.007,0.017,0.16,0.052,0.45,0.0,350.0,0.0,97.0,37.5,0.0,550.0,32.0,1.0,1.0,2.4,125.0,605.0,1.92,,,,,-10.0,80.0,Blond&-1984-14MNDV5d,0,0,0,0,1,0,0,0,152
0.06,0.2,1.15,0.007,0.017,0.16,0.052,0.45,0.0,350.0,0.0,97.0,37.5,0.0,550.0,32.0,1.0,1.0,2.4,125.0,605.0,1.92,,,,,-43.0,40.0,Blond&-1984-14MNDV5e,0,0,0,0,1,0,0,0,152
0.06,0.2,1.15,0.007,0.017,0.16,0.052,0.45,0.0,350.0,0.0,97.0,37.5,0.0,550.0,32.0,1.0,1.0,2.4,125.0,605.0,1.92,,,,,,,Blond&-1984-14MNDV5f,0,0,0,0,1,0,0,0,152
0.11,0.18,0.7,0.007,0.01,0.13,2.28,0.27,0.0,423.0,0.0,62.0,37.5,200.0,535.0,63.0,0.0,0.0,1.8,225.0,690.0,24.0,606.0,707.0,22.0,63.0,,,Natsume-1990-hl,0,0,0,0,0,0,1,0,551
0.1,0.17,0.67,0.007,0.01,0.14,2.31,0.29,0.0,423.0,0.0,240.0,37.5,240.0,535.0,63.0,0.0,0.0,1.8,225.0,690.0,24.0,596.0,703.0,20.0,62.0,,,Natsume-1990-hh,0,0,0,0,0,0,1,0,513
0.11,0.17,0.65,0.007,0.01,0.02,2.28,0.27,0.0,423.0,0.0,68.0,37.5,68.0,535.0,63.0,0.0,0.0,1.8,225.0,690.0,24.0,597.0,700.0,22.0,58.0,,,Natsume-1990-ll,0,0,0,0,0,0,1,0,550
0.1,0.16,0.61,0.007,0.01,0.02,2.27,0.27,0.0,423.0,0.0,260.0,37.5,260.0,535.0,63.0,0.0,0.0,1.8,225.0,690.0,24.0,608.0,702.0,21.0,60.0,,,Natsume-1990-lh,0,0,0,0,0,0,1,0,512
0.07,0.08,0.98,0.01,0.01,0.27,2.07,1.07,0.015,891.0,0.0,97.0,37.5,0.0,300.0,28.0,1.0,1.0,2.04,150.0,690.0,10.0,440.0,540.0,24.0,67.0,,,Mart-A,1,0,0,0,0,0,0,0,231
0.07,0.08,0.98,0.01,0.01,0.27,2.07,1.07,0.015,891.0,0.0,97.0,37.5,0.0,300.0,28.0,1.0,1.0,2.04,150.0,690.0,10.0,,,,,-80.0,9.0,Mart-Aa,1,0,0,0,0,0,0,0,231
0.07,0.08,0.98,0.01,0.01,0.27,2.07,1.07,0.015,891.0,0.0,97.0,37.5,0.0,300.0,28.0,1.0,1.0,2.04,150.0,690.0,10.0,,,,,-70.0,9.0,Mart-Ab,1,0,0,0,0,0,0,0,231
0.07,0.08,0.98,0.01,0.01,0.27,2.07,1.07,0.015,891.0,0.0,97.0,37.5,0.0,300.0,28.0,1.0,1.0,2.04,150.0,690.0,10.0,,,,,-60.0,9.0,Mart-Ac,1,0,0,0,0,0,0,0,231
0.07,0.08,0.98,0.01,0.01,0.27,2.07,1.07,0.015,891.0,0.0,97.0,37.5,0.0,300.0,28.0,1.0,1.0,2.04,150.0,690.0,10.0,,,,,-40.0,19.0,Mart-Ad,1,0,0,0,0,0,0,0,231
0.07,0.08,0.98,0.01,0.01,0.27,2.07,1.07,0.015,891.0,0.0,97.0,37.5,0.0,300.0,28.0,1.0,1.0,2.04,150.0,690.0,10.0,,,,,-30.0,28.0,Mart-Ae,1,0,0,0,0,0,0,0,231
0.07,0.08,0.98,0.01,0.01,0.27,2.07,1.07,0.015,891.0,0.0,97.0,37.5,0.0,300.0,28.0,1.0,1.0,2.04,150.0,690.0,10.0,,,,,-20.0,43.0,Mart-Af,1,0,0,0,0,0,0,0,231
0.07,0.08,0.98,0.01,0.01,0.27,2.07,1.07,0.015,891.0,0.0,97.0,37.5,0.0,300.0,28.0,1.0,1.0,2.04,150.0,690.0,10.0,,,,,0.0,117.0,Mart-Ag,1,0,0,0,0,0,0,0,231
0.07,0.08,0.98,0.01,0.01,0.27,2.07,1.07,0.015,891.0,0.0,97.0,37.5,0.0,300.0,28.0,1.0,1.0,2.04,150.0,690.0,10.0,,,,,20.0,179.0,Mart-Ah,1,0,0,0,0,0,0,0,231
0.07,0.08,0.98,0.01,0.01,0.27,2.07,1.07,0.015,891.0,0.0,97.0,37.5,0.0,300.0,28.0,1.0,1.0,2.04,150.0,690.0,10.0,,,,,40.0,204.0,Mart-Ai,1,0,0,0,0,0,0,0,231
0.07,0.08,0.98,0.01,0.01,0.27,2.07,1.07,0.015,891.0,0.0,97.0,37.5,0.0,300.0,28.0,1.0,1.0,2.04,150.0,690.0,10.0,,,,,60.0,210.0,Mart-Aj,1,0,0,0,0,0,0,0,231
0.07,0.08,0.98,0.01,0.01,0.27,2.07,1.07,0.015,891.0,0.0,97.0,37.5,0.0,300.0,28.0,1.0,1.0,2.04,150.0,690.0,10.0,,,,,70.0,210.0,Mart-Ak,1,0,0,0,0,0,0,0,231
0.043,0.12,0.86,0.011,0.017,0.2,2.01,0.93,0.02,922.0,0.0,123.0,37.5,0.0,300.0,20.0,1.0,1.0,2.08,150.0,690.0,10.0,505.0,600.0,19.0,69.0,,,Mart-C,1,0,0,0,0,0,0,0,43
0.043,0.12,0.86,0.011,0.017,0.2,2.01,0.93,0.02,922.0,0.0,123.0,37.5,0.0,300.0,20.0,1.0,1.0,2.08,150.0,690.0,10.0,,,,,-70.0,3.0,Mart-Ca,1,0,0,0,0,0,0,0,43
0.043,0.12,0.86,0.011,0.017,0.2,2.01,0.93,0.02,922.0,0.0,123.0,37.5,0.0,300.0,20.0,1.0,1.0,2.08,150.0,690.0,10.0,,,,,-60.0,3.0,Mart-Cb,1,0,0,0,0,0,0,0,43
0.043,0.12,0.86,0.011,0.017,0.2,2.01,0.93,0.02,922.0,0.0,123.0,37.5,0.0,300.0,20.0,1.0,1.0,2.08,150.0,690.0,10.0,,,,,-20.0,9.0,Mart-Cc,1,0,0,0,0,0,0,0,43
0.043,0.12,0.86,0.011,0.017,0.2,2.01,0.93,0.02,922.0,0.0,123.0,37.5,0.0,300.0,20.0,1.0,1.0,2.08,150.0,690.0,10.0,,,,,0.0,12.0,Mart-Cd,1,0,0,0,0,0,0,0,43
0.043,0.12,0.86,0.011,0.017,0.2,2.01,0.93,0.02,922.0,0.0,123.0,37.5,0.0,300.0,20.0,1.0,1.0,2.08,150.0,690.0,10.0,,,,,10.0,43.0,Mart-Ce,1,0,0,0,0,0,0,0,43
0.043,0.12,0.86,0.011,0.017,0.2,2.01,0.93,0.02,922.0,0.0,123.0,37.5,0.0,300.0,20.0,1.0,1.0,2.08,150.0,690.0,10.0,,,,,20.0,65.0,Mart-Cf,1,0,0,0,0,0,0,0,43
0.043,0.12,0.86,0.011,0.017,0.2,2.01,0.93,0.02,922.0,0.0,123.0,37.5,0.0,300.0,20.0,1.0,1.0,2.08,150.0,690.0,10.0,,,,,30.0,65.0,Mart-Cg,1,0,0,0,0,0,0,0,43
0.042,0.14,1.33,0.012,0.015,0.26,2.39,1.21,0.015,735.0,0.0,236.0,37.5,0.0,300.0,28.0,1.0,1.0,1.96,150.0,690.0,10.0,520.0,620.0,20.0,54.0,,,Mart-D,1,0,0,0,0,0,0,0,37
0.042,0.14,1.33,0.012,0.015,0.26,2.39,1.21,0.015,735.0,0.0,236.0,37.5,0.0,300.0,28.0,1.0,1.0,1.96,150.0,690.0,10.0,,,,,-80.0,6.0,Mart-Da,1,0,0,0,0,0,0,0,37
0.042,0.14,1.33,0.012,0.015,0.26,2.39,1.21,0.015,735.0,0.0,236.0,37.5,0.0,300.0,28.0,1.0,1.0,1.96,150.0,690.0,10.0,,,,,-70.0,6.0,Mart-Db,1,0,0,0,0,0,0,0,37
0.042,0.14,1.33,0.012,0.015,0.26,2.39,1.21,0.015,735.0,0.0,236.0,37.5,0.0,300.0,28.0,1.0,1.0,1.96,150.0,690.0,10.0,,,,,-60.0,12.0,Mart-Dc,1,0,0,0,0,0,0,0,37
0.042,0.14,1.33,0.012,0.015,0.26,2.39,1.21,0.015,735.0,0.0,236.0,37.5,0.0,300.0,28.0,1.0,1.0,1.96,150.0,690.0,10.0,,,,,-40.0,49.0,Mart-Dd,1,0,0,0,0,0,0,0,37
0.042,0.14,1.33,0.012,0.015,0.26,2.39,1.21,0.015,735.0,0.0,236.0,37.5,0.0,300.0,28.0,1.0,1.0,1.96,150.0,690.0,10.0,,,,,-20.0,96.0,Mart-De,1,0,0,0,0,0,0,0,37
0.042,0.14,1.33,0.012,0.015,0.26,2.39,1.21,0.015,735.0,0.0,236.0,37.5,0.0,300.0,28.0,1.0,1.0,1.96,150.0,690.0,10.0,,,,,0.0,123.0,Mart-Df,1,0,0,0,0,0,0,0,37
0.042,0.14,1.33,0.012,0.015,0.26,2.39,1.21,0.015,735.0,0.0,236.0,37.5,0.0,300.0,28.0,1.0,1.0,1.96,150.0,690.0,10.0,,,,,20.0,139.0,Mart-Dg,1,0,0,0,0,0,0,0,37
0.042,0.14,1.33,0.012,0.015,0.26,2.39,1.21,0.015,735.0,0.0,236.0,37.5,0.0,300.0,28.0,1.0,1.0,1.96,150.0,690.0,10.0,,,,,40.0,135.0,Mart-Dh,1,0,0,0,0,0,0,0,37
0.042,0.14,1.33,0.012,0.015,0.26,2.39,1.21,0.015,735.0,0.0,236.0,37.5,0.0,300.0,28.0,1.0,1.0,1.96,150.0,690.0,10.0,,,,,60.0,148.0,Mart-Di,1,0,0,0,0,0,0,0,37
0.062,0.24,1.24,0.14,0.25,0.22,2.17,0.98,0.18,408.0,0.0,269.0,37.5,0.0,290.0,29.0,1.0,1.0,2.0,150.0,690.0,10.0,643.0,708.0,16.0,32.0,,,Mart-G,1,0,0,0,0,0,0,0,171
0.062,0.24,1.24,0.14,0.25,0.22,2.17,0.98,0.18,408.0,0.0,269.0,37.5,0.0,290.0,29.0,1.0,1.0,2.0,150.0,690.0,10.0,,,,,-70.0,6.0,Mart-Ga,1,0,0,0,0,0,0,0,171
0.062,0.24,1.24,0.14,0.25,0.22,2.17,0.98,0.18,408.0,0.0,269.0,37.5,0.0,290.0,29.0,1.0,1.0,2.0,150.0,690.0,10.0,,,,,-60.0,9.0,Mart-Gb,1,0,0,0,0,0,0,0,171
0.062,0.24,1.24,0.14,0.25,0.22,2.17,0.98,0.18,408.0,0.0,269.0,37.5,0.0,290.0,29.0,1.0,1.0,2.0,150.0,690.0,10.0,,,,,-40.0,19.0,Mart-Gc,1,0,0,0,0,0,0,0,171
0.062,0.24,1.24,0.14,0.25,0.22,2.17,0.98,0.18,408.0,0.0,269.0,37.5,0.0,290.0,29.0,1.0,1.0,2.0,150.0,690.0,10.0,,,,,-20.0,37.0,Mart-Gd,1,0,0,0,0,0,0,0,171
0.062,0.24,1.24,0.14,0.25,0.22,2.17,0.98,0.18,408.0,0.0,269.0,37.5,0.0,290.0,29.0,1.0,1.0,2.0,150.0,690.0,10.0,,,,,0.0,56.0,Mart-Ge,1,0,0,0,0,0,0,0,171
0.062,0.24,1.24,0.14,0.25,0.22,2.17,0.98,0.18,408.0,0.0,269.0,37.5,0.0,290.0,29.0,1.0,1.0,2.0,150.0,690.0,10.0,,,,,20.0,62.0,Mart-Gf,1,0,0,0,0,0,0,0,171
0.062,0.24,1.24,0.14,0.25,0.22,2.17,0.98,0.18,408.0,0.0,269.0,37.5,0.0,290.0,29.0,1.0,1.0,2.0,150.0,690.0,10.0,,,,,40.0,68.0,Mart-Gg,1,0,0,0,0,0,0,0,171
0.062,0.24,1.24,0.14,0.25,0.22,2.17,0.98,0.18,408.0,0.0,269.0,37.5,0.0,290.0,29.0,1.0,1.0,2.0,150.0,690.0,10.0,,,,,60.0,68.0,Mart-Gh,1,0,0,0,0,0,0,0,171
0.062,0.24,1.24,0.14,0.25,0.22,2.17,0.98,0.18,408.0,0.0,269.0,37.5,0.0,290.0,29.0,1.0,1.0,2.0,150.0,690.0,10.0,,,,,70.0,71.0,Mart-Gi,1,0,0,0,0,0,0,0,171
0.055,0.37,0.82,0.021,0.008,0.086,2.5,0.99,0.0,694.0,50.0,160.0,130.0,0.0,625.0,72.24,1.0,1.0,3.6,177.0,0.0,0.0,740.0,901.0,15.0,41.8,,,Sw&Rog-1973a,0,0,0,0,0,0,1,0,138
0.055,0.37,0.82,0.021,0.008,0.086,2.5,0.99,0.0,694.0,50.0,160.0,130.0,0.0,625.0,72.24,1.0,1.0,3.6,177.0,482.0,4.5,776.0,909.0,16.8,43.0,,,Sw&Rog-1973b,0,0,0,0,0,0,1,0,138
0.055,0.37,0.82,0.021,0.008,0.086,2.5,0.99,0.0,694.0,50.0,160.0,130.0,0.0,625.0,72.24,1.0,1.0,3.6,177.0,593.0,4.5,719.0,811.0,16.0,44.6,,,Sw&Rog-1973c,0,0,0,0,0,0,1,0,138
0.055,0.37,0.82,0.021,0.008,0.086,2.5,0.99,0.0,694.0,50.0,160.0,130.0,0.0,625.0,72.24,1.0,1.0,3.6,177.0,704.0,4.5,457.0,569.0,25.8,67.0,,,Sw&Rog-1973d,0,0,0,0,0,0,1,0,138
0.11,0.27,0.65,0.005,0.007,0.02,2.47,1.12,0.012,423.0,5.0,82.0,60.0,30.0,277.5,27.0,1.0,1.0,1.85,175.0,690.0,14.0,431.0,570.0,28.0,,,,Kik-nggma,0,1,0,0,0,0,0,0,557
0.05,0.45,0.73,0.015,0.018,0.0,2.8,1.1,0.0,460.0,0.0,82.0,37.5,0.0,150.0,37.5,1.0,1.0,1.0,300.0,690.0,3.0,591.0,705.0,17.0,70.0,,,Wolst-1974-B,0,0,0,1,0,0,0,0,119
0.051,0.43,0.76,0.024,0.019,0.0,2.8,1.1,0.0,410.0,0.0,82.0,37.5,0.0,150.0,37.5,1.0,1.0,1.0,300.0,690.0,3.0,614.0,713.0,18.0,67.0,,,Wolst-1974-C,0,0,0,1,0,0,0,0,127
0.067,0.13,0.94,0.017,0.026,0.0,2.9,1.4,0.0,550.0,0.0,82.0,37.5,0.0,150.0,37.5,1.0,1.0,1.0,300.0,690.0,3.0,546.0,658.0,18.0,65.0,,,Wolst-1974-E,0,0,0,1,0,0,0,0,200
0.058,0.2,0.55,0.027,0.027,0.0,1.8,1.2,0.0,730.0,0.0,82.0,37.5,0.0,150.0,37.5,1.0,1.0,1.0,300.0,690.0,3.0,464.0,578.0,23.0,71.0,,,Wolst-1974-F,0,0,0,1,0,0,0,0,143
0.125,0.39,0.88,0.025,0.028,0.0,2.5,1.4,0.0,470.0,0.0,82.0,37.5,0.0,150.0,37.5,1.0,1.0,1.0,300.0,690.0,3.0,646.0,737.0,18.0,63.0,,,Wolst-1974-G,0,0,0,1,0,0,0,0,600
0.053,0.3,0.84,0.019,0.012,0.0,2.1,1.3,0.0,690.0,0.0,82.0,37.5,0.0,150.0,37.5,1.0,1.0,1.0,300.0,690.0,3.0,536.0,652.0,20.0,73.0,,,Wolst-1974-K,0,0,0,1,0,0,0,0,129
0.075,0.35,0.8,0.02,0.017,0.0,2.3,1.5,0.0,550.0,0.0,82.0,37.5,0.0,150.0,37.5,1.0,1.0,1.0,300.0,690.0,3.0,546.0,648.0,18.0,17.0,,,Wolst-1974-N,0,0,0,1,0,0,0,0,330
0.065,0.39,0.77,0.029,0.016,0.0,2.4,1.4,0.0,560.0,0.0,82.0,37.5,0.0,150.0,37.5,1.0,1.0,1.0,300.0,690.0,3.0,581.0,693.0,20.0,69.0,,,Wolst-1974-Y,0,0,0,1,0,0,0,0,187
0.061,0.32,0.27,0.022,0.016,0.0,2.2,1.2,0.0,690.0,0.0,82.0,37.5,0.0,150.0,37.5,1.0,1.0,1.0,300.0,690.0,3.0,537.0,648.0,22.0,65.0,,,Wolst-1974-AM1,0,0,0,1,0,0,0,0,167
0.043,0.34,0.45,0.019,0.017,0.0,2.2,1.4,0.0,580.0,0.0,82.0,37.5,0.0,150.0,37.5,1.0,1.0,1.0,300.0,690.0,3.0,527.0,635.0,20.0,67.0,,,Wolst-1974-AM2,0,0,0,1,0,0,0,0,50
0.066,0.41,0.67,0.018,0.029,0.0,2.5,1.2,0.0,620.0,0.0,82.0,37.5,0.0,150.0,37.5,1.0,1.0,1.0,300.0,690.0,3.0,561.0,666.0,20.0,68.0,,,Wolst-1974-AM3,0,0,0,1,0,0,0,0,193
0.1,0.44,0.8,0.021,0.02,0.0,2.5,1.2,0.0,520.0,0.0,82.0,37.5,0.0,150.0,37.5,1.0,1.0,1.0,300.0,690.0,3.0,576.0,678.0,17.0,70.0,,,Wolst-1974-AM4,0,0,0,1,0,0,0,0,537
0.044,0.04,0.45,0.014,0.017,0.0,2.3,0.0,0.0,1650.0,0.0,82.0,37.5,0.0,150.0,37.5,1.0,1.0,1.0,300.0,690.0,3.0,392.0,524.0,22.0,67.0,,,Wolst-1974-AS0,0,0,0,1,0,0,0,0,51
0.05,0.07,0.48,0.007,0.018,0.0,2.2,0.0,0.0,1440.0,0.0,82.0,37.5,0.0,150.0,37.5,1.0,1.0,1.0,300.0,690.0,3.0,473.0,578.0,21.0,71.0,,,Wolst-1974-AS1,0,0,0,1,0,0,0,0,92
0.05,0.18,0.63,0.015,0.018,0.0,2.0,0.0,0.0,750.0,0.0,82.0,37.5,0.0,150.0,37.5,1.0,1.0,1.0,300.0,690.0,3.0,543.0,649.0,20.0,71.0,,,Wolst-1974-AS2,0,0,0,1,0,0,0,0,93
0.049,0.39,0.78,0.022,0.018,0.0,2.2,1.1,0.0,680.0,0.0,82.0,37.5,0.0,150.0,37.5,1.0,1.0,1.0,300.0,690.0,3.0,546.0,661.0,20.0,69.0,,,Wolst-1974-AT0.25,0,0,0,1,0,0,0,0,91
0.075,0.41,0.77,0.021,0.018,0.0,2.2,1.1,0.0,1150.0,0.0,82.0,37.5,0.0,150.0,37.5,1.0,1.0,1.0,300.0,690.0,3.0,562.0,669.0,20.0,70.0,,,Wolst-1974-AT0.5,0,0,0,1,0,0,0,0,334
0.045,0.45,0.8,0.012,0.02,0.0,2.4,1.0,0.0,1180.0,0.0,82.0,37.5,0.0,150.0,37.5,1.0,1.0,1.0,300.0,690.0,3.0,603.0,705.0,19.0,66.0,,,Wolst-1974-AT0.75,0,0,0,1,0,0,0,0,62
0.036,0.55,0.84,0.013,0.02,0.0,2.5,1.0,0.0,1070.0,0.0,82.0,37.5,0.0,150.0,37.5,1.0,1.0,1.0,300.0,690.0,3.0,619.0,727.0,20.0,66.0,,,Wolst-1974-AT1.5,0,0,0,1,0,0,0,0,9
0.058,0.61,0.93,0.014,0.017,0.0,2.5,1.1,0.0,1020.0,0.0,82.0,37.5,0.0,150.0,37.5,1.0,1.0,1.0,300.0,690.0,3.0,638.0,736.0,17.0,66.0,,,Wolst-1974-AT2.0,0,0,0,1,0,0,0,0,146
0.09,0.2,1.25,0.011,0.022,0.0,2.4,0.9,0.0,690.0,0.0,82.0,37.5,0.0,150.0,37.5,1.0,1.0,1.0,300.0,690.0,3.0,594.0,680.0,20.0,66.0,,,Wolst-1974-S20,0,0,0,1,0,0,0,0,466
0.12,0.27,1.27,0.014,0.021,0.0,2.4,0.9,0.0,680.0,0.0,82.0,37.5,0.0,150.0,37.5,1.0,1.0,1.0,300.0,690.0,3.0,,,,,,,Wolst-1974-S25,0,0,0,1,0,0,0,0,587
0.09,0.39,1.18,0.013,0.022,0.0,2.4,1.0,0.0,570.0,0.0,82.0,37.5,0.0,150.0,37.5,1.0,1.0,1.0,300.0,690.0,3.0,,,,,,,Wolst-1974-S30,0,0,0,1,0,0,0,0,475
0.11,0.48,1.13,0.015,0.018,0.0,2.4,0.9,0.0,520.0,0.0,82.0,37.5,0.0,150.0,37.5,1.0,1.0,1.0,300.0,690.0,3.0,,,,,,,Wolst-1974-S35,0,0,0,1,0,0,0,0,570
0.09,0.59,1.1,0.013,0.02,0.0,2.4,0.8,0.0,540.0,0.0,82.0,37.5,0.0,150.0,37.5,1.0,1.0,1.0,300.0,690.0,3.0,648.0,743.0,18.0,58.0,,,Wolst-1974-S40,0,0,0,1,0,0,0,0,482
0.05,0.33,0.83,0.02,0.018,0.0,2.3,1.1,0.0,423.0,0.0,82.0,37.5,0.0,150.0,37.5,1.0,1.0,1.0,300.0,690.0,3.0,,,,,,,Wolst-1974-M80,0,0,0,1,0,0,0,0,107
0.06,0.26,0.94,0.011,0.018,0.0,2.3,1.2,0.0,423.0,0.0,82.0,37.5,0.0,150.0,37.5,1.0,1.0,1.0,300.0,690.0,3.0,,,,,,,Wolst-1974-AA,0,0,0,1,0,0,0,0,154
0.05,0.34,0.96,0.017,0.018,0.0,2.4,1.1,0.0,423.0,0.0,82.0,37.5,0.0,150.0,37.5,1.0,1.0,1.0,300.0,690.0,3.0,,,,,,,Wolst-1974-BB,0,0,0,1,0,0,0,0,108
0.05,0.27,0.94,0.011,0.015,0.0,2.3,1.3,0.0,423.0,0.0,82.0,37.5,0.0,150.0,37.5,1.0,1.0,1.0,300.0,690.0,3.0,,,,,,,Wolst-1974-FF,0,0,0,1,0,0,0,0,102
0.08,0.25,0.8,0.01,0.01,0.03,2.3,1.05,0.0,423.0,0.0,82.0,37.5,0.0,525.0,30.0,1.0,1.0,1.75,210.0,700.0,20.0,507.0,613.0,,,,,Ditt-oat,0,0,0,0,1,0,0,0,410
0.08,0.25,0.8,0.01,0.01,0.03,2.3,1.05,0.0,423.0,0.0,82.0,37.5,0.0,525.0,30.0,1.0,1.0,1.75,210.0,700.0,20.0,,,,,20.0,231.0,Ditt-oatch1,0,0,0,0,1,0,0,0,410
0.08,0.25,0.8,0.01,0.01,0.03,2.3,1.05,0.0,423.0,0.0,82.0,37.5,0.0,525.0,30.0,1.0,1.0,1.75,210.0,700.0,20.0,,,,,-10.0,197.0,Ditt-oatch2,0,0,0,0,1,0,0,0,410
0.08,0.25,0.8,0.01,0.01,0.03,2.3,1.05,0.0,423.0,0.0,82.0,37.5,0.0,525.0,30.0,1.0,1.0,1.75,210.0,700.0,20.0,,,,,-30.0,170.0,Ditt-oatch3,0,0,0,0,1,0,0,0,410
0.08,0.25,0.8,0.01,0.01,0.03,2.3,1.05,0.0,423.0,0.0,82.0,37.5,0.0,525.0,30.0,1.0,1.0,1.75,210.0,700.0,20.0,527.0,627.0,,,,,Ditt-0.5t,0,0,0,0,1,0,0,0,410
0.08,0.25,0.8,0.01,0.01,0.03,2.3,1.05,0.0,423.0,0.0,82.0,37.5,0.0,525.0,30.0,1.0,1.0,1.75,210.0,700.0,20.0,,,,,20.0,224.0,Ditt-0.5tch1,0,0,0,0,1,0,0,0,410
0.08,0.25,0.8,0.01,0.01,0.03,2.3,1.05,0.0,423.0,0.0,82.0,37.5,0.0,525.0,30.0,1.0,1.0,1.75,210.0,700.0,20.0,,,,,-10.0,203.0,Ditt-0.5tch2,0,0,0,0,1,0,0,0,410
0.08,0.25,0.8,0.01,0.01,0.03,2.3,1.05,0.0,423.0,0.0,82.0,37.5,0.0,525.0,30.0,1.0,1.0,1.75,210.0,700.0,20.0,,,,,-30.0,171.0,Ditt-0.5tch3,0,0,0,0,1,0,0,0,410
0.08,0.25,0.8,0.01,0.01,0.03,2.3,1.05,0.0,423.0,0.0,82.0,37.5,0.0,525.0,30.0,1.0,1.0,1.75,210.0,700.0,20.0,515.0,616.0,,,,,Ditt-0.5a,0,0,0,0,1,0,0,0,410
0.08,0.25,0.8,0.01,0.01,0.03,2.3,1.05,0.0,423.0,0.0,82.0,37.5,0.0,525.0,30.0,1.0,1.0,1.75,210.0,700.0,20.0,,,,,20.0,227.0,Ditt-0.5ach1,0,0,0,0,1,0,0,0,410
0.08,0.25,0.8,0.01,0.01,0.03,2.3,1.05,0.0,423.0,0.0,82.0,37.5,0.0,525.0,30.0,1.0,1.0,1.75,210.0,700.0,20.0,,,,,-10.0,175.0,Ditt-0.5ach2,0,0,0,0,1,0,0,0,410
0.08,0.25,0.8,0.01,0.01,0.03,2.3,1.05,0.0,423.0,0.0,82.0,37.5,0.0,525.0,30.0,1.0,1.0,1.75,210.0,700.0,20.0,,,,,-30.0,152.0,Ditt-0.5ach3,0,0,0,0,1,0,0,0,410
0.08,0.25,0.8,0.01,0.01,0.03,2.3,1.05,0.0,423.0,0.0,82.0,37.5,0.0,525.0,30.0,1.0,1.0,1.75,210.0,700.0,20.0,509.0,610.0,,,,,Ditt-0.5r,0,0,0,0,1,0,0,0,410
0.08,0.25,0.8,0.01,0.01,0.03,2.3,1.05,0.0,423.0,0.0,82.0,37.5,0.0,525.0,30.0,1.0,1.0,1.75,210.0,700.0,20.0,,,,,20.0,221.0,Ditt-0.5rch1,0,0,0,0,1,0,0,0,410
0.08,0.25,0.8,0.01,0.01,0.03,2.3,1.05,0.0,423.0,0.0,82.0,37.5,0.0,525.0,30.0,1.0,1.0,1.75,210.0,700.0,20.0,,,,,,,Ditt-0.5rch2,0,0,0,0,1,0,0,0,410
0.08,0.25,0.8,0.01,0.01,0.03,2.3,1.05,0.0,423.0,0.0,82.0,37.5,0.0,525.0,30.0,1.0,1.0,1.75,210.0,700.0,20.0,,,,,-30.0,141.0,Ditt-0.5rch3,0,0,0,0,1,0,0,0,410
0.08,0.25,0.8,0.01,0.01,0.03,2.3,1.05,0.0,423.0,0.0,82.0,37.5,0.0,525.0,30.0,1.0,1.0,1.75,210.0,700.0,20.0,504.0,612.0,,,,,Ditt-iat,0,0,0,0,1,0,0,0,410
0.08,0.25,0.8,0.01,0.01,0.03,2.3,1.05,0.0,423.0,0.0,82.0,37.5,0.0,525.0,30.0,1.0,1.0,1.75,210.0,700.0,20.0,,,,,20.0,233.0,Ditt-iatch1,0,0,0,0,1,0,0,0,410
0.08,0.25,0.8,0.01,0.01,0.03,2.3,1.05,0.0,423.0,0.0,82.0,37.5,0.0,525.0,30.0,1.0,1.0,1.75,210.0,700.0,20.0,,,,,-10.0,199.0,Ditt-iatch2,0,0,0,0,1,0,0,0,410
0.08,0.25,0.8,0.01,0.01,0.03,2.3,1.05,0.0,423.0,0.0,82.0,37.5,0.0,525.0,30.0,1.0,1.0,1.75,210.0,700.0,20.0,,,,,-30.0,170.0,Ditt-iatch3,0,0,0,0,1,0,0,0,410
0.093,0.32,0.86,0.01,0.018,0.0,0.0,0.0,0.0,236.0,0.0,54.0,180.0,0.0,550.0,30.0,1.0,1.0,2.475,250.0,200.0,1.0,390.0,486.0,33.0,76.0,,,p10-RR82011,0,0,0,0,1,0,0,0,490
0.093,0.32,0.86,0.01,0.018,0.0,0.0,0.0,0.0,236.0,0.0,54.0,180.0,0.0,550.0,30.0,1.0,1.0,2.475,250.0,200.0,1.0,388.0,482.0,31.8,75.0,,,p10-RR82011,0,0,0,0,1,0,0,0,490
0.1,0.28,0.82,0.012,0.014,0.0,0.0,0.0,0.0,258.0,0.0,45.0,200.0,0.0,900.0,33.0,1.0,1.0,4.8,100.0,200.0,1.0,337.0,477.0,32.6,71.0,,,p12-RR82011,0,0,0,0,1,0,0,0,520
0.1,0.28,0.82,0.012,0.014,0.0,0.0,0.0,0.0,258.0,0.0,45.0,200.0,0.0,900.0,33.0,1.0,1.0,4.8,100.0,200.0,1.0,356.0,483.0,32.3,72.0,,,p12-RR82011,0,0,0,0,1,0,0,0,520
0.089,0.32,1.36,0.005,0.019,0.0,0.0,0.0,0.0,237.0,0.0,85.0,180.0,0.0,550.0,30.0,1.0,1.0,2.475,250.0,200.0,1.0,428.0,539.0,28.0,75.0,,,p14-RR82011,0,0,0,0,1,0,0,0,458
0.089,0.32,1.36,0.005,0.019,0.0,0.0,0.0,0.0,237.0,0.0,85.0,180.0,0.0,550.0,30.0,1.0,1.0,2.475,250.0,200.0,1.0,436.0,544.0,29.4,75.0,,,p14-RR82011,0,0,0,0,1,0,0,0,458
0.09,0.33,1.19,0.007,0.015,0.0,0.0,0.0,0.0,234.0,0.0,78.0,200.0,0.0,900.0,33.0,1.0,1.0,4.8,100.0,200.0,1.0,,539.0,27.1,67.0,,,p16-RR82011,0,0,0,0,1,0,0,0,471
0.09,0.33,1.19,0.007,0.015,0.0,0.0,0.0,0.0,234.0,0.0,78.0,200.0,0.0,900.0,33.0,1.0,1.0,4.8,100.0,200.0,1.0,413.0,540.0,28.6,69.0,,,p16-RR82011,0,0,0,0,1,0,0,0,471
0.078,0.44,1.24,0.012,0.018,0.0,0.0,0.0,0.0,479.0,0.0,61.0,220.0,0.0,550.0,30.0,1.0,1.0,2.475,250.0,200.0,1.0,383.0,487.0,32.4,77.0,,,p22-RR82011,0,0,0,0,1,0,0,0,395
0.078,0.44,1.24,0.012,0.018,0.0,0.0,0.0,0.0,479.0,0.0,61.0,220.0,0.0,550.0,30.0,1.0,1.0,2.475,250.0,200.0,1.0,394.0,490.0,31.6,75.0,,,p22-RR82011,0,0,0,0,1,0,0,0,395
0.08,0.36,1.02,0.014,0.014,0.0,0.0,0.0,0.0,513.0,0.0,51.0,230.0,0.0,650.0,30.0,1.0,1.0,2.925,250.0,200.0,1.0,386.0,483.0,30.8,74.0,,,p23-RR82011,0,0,0,0,1,0,0,0,422
0.08,0.36,1.02,0.014,0.014,0.0,0.0,0.0,0.0,513.0,0.0,51.0,230.0,0.0,650.0,30.0,1.0,1.0,2.925,250.0,200.0,1.0,378.0,477.0,31.0,75.0,,,p23-RR82011,0,0,0,0,1,0,0,0,422
0.077,0.44,1.61,0.012,0.021,0.0,0.0,0.0,0.0,434.0,0.0,105.0,180.0,0.0,450.0,30.0,1.0,1.0,2.025,250.0,200.0,1.0,456.0,567.0,27.6,73.0,,,p24-RR82011,0,0,0,0,1,0,0,0,381
0.077,0.44,1.61,0.012,0.021,0.0,0.0,0.0,0.0,434.0,0.0,105.0,180.0,0.0,450.0,30.0,1.0,1.0,2.025,250.0,200.0,1.0,455.0,563.0,29.4,73.0,,,p24-RR82011,0,0,0,0,1,0,0,0,381
0.071,0.4,1.55,0.013,0.019,0.0,0.0,0.0,0.0,423.0,0.0,81.0,200.0,0.0,550.0,30.0,1.0,1.0,2.475,250.0,200.0,1.0,439.0,549.0,28.8,71.0,,,p25-RR82011,0,0,0,0,1,0,0,0,261
0.071,0.4,1.55,0.013,0.019,0.0,0.0,0.0,0.0,423.0,0.0,81.0,200.0,0.0,550.0,30.0,1.0,1.0,2.475,250.0,200.0,1.0,442.0,547.0,28.2,73.0,,,p25-RR82011,0,0,0,0,1,0,0,0,261
0.029,0.55,1.08,0.011,0.008,0.0,0.0,0.0,0.0,342.0,0.0,72.0,20.0,0.0,190.0,23.0,1.0,1.0,1.0925,250.0,200.0,1.0,437.0,509.0,31.4,80.0,,,RC81033,0,0,0,1,0,0,0,0,0
0.061,0.53,1.01,0.009,0.01,0.0,0.0,0.0,0.0,307.0,0.0,79.0,10.0,0.0,190.0,23.0,1.0,1.0,1.0925,250.0,200.0,1.0,449.0,525.0,30.6,78.0,,,RC81033,0,0,0,1,0,0,0,0,169
0.08,0.58,1.15,0.01,0.01,0.0,0.0,0.0,0.0,310.0,0.0,52.0,10.0,0.0,190.0,23.0,1.0,1.0,1.0925,250.0,200.0,1.0,492.0,573.0,27.6,75.0,,,RC81033,0,0,0,1,0,0,0,0,428
0.073,0.39,1.55,0.012,0.018,0.0,0.0,0.0,0.0,463.0,0.0,72.0,220.0,0.0,650.0,30.0,1.0,1.0,2.925,250.0,200.0,1.0,435.0,546.0,27.0,73.0,,,p26-RR82011,0,0,0,0,1,0,0,0,293
0.073,0.39,1.55,0.012,0.018,0.0,0.0,0.0,0.0,463.0,0.0,72.0,220.0,0.0,650.0,30.0,1.0,1.0,2.925,250.0,200.0,1.0,441.0,553.0,28.4,72.0,,,p26-RR82011,0,0,0,0,1,0,0,0,293
0.068,0.9,1.2,0.016,0.024,0.0,0.0,0.0,0.0,789.0,0.0,27.0,270.0,0.0,450.0,30.0,1.0,1.0,2.025,250.0,200.0,1.0,473.0,582.0,26.8,70.0,,,p28-RR82011,0,0,0,0,1,0,0,0,216
0.068,0.9,1.2,0.016,0.024,0.0,0.0,0.0,0.0,789.0,0.0,27.0,270.0,0.0,450.0,30.0,1.0,1.0,2.025,250.0,200.0,1.0,490.0,581.0,28.0,70.0,,,p28-RR82011,0,0,0,0,1,0,0,0,216
0.066,0.8,1.12,0.017,0.021,0.0,0.0,0.0,0.0,774.0,0.0,26.0,330.0,0.0,550.0,30.0,1.0,1.0,2.475,250.0,200.0,1.0,469.0,561.0,29.0,69.0,,,p29-RR82011,0,0,0,0,1,0,0,0,199
0.066,0.8,1.12,0.017,0.021,0.0,0.0,0.0,0.0,774.0,0.0,26.0,330.0,0.0,550.0,30.0,1.0,1.0,2.475,250.0,200.0,1.0,455.0,558.0,28.2,69.0,,,p29-RR82011,0,0,0,0,1,0,0,0,199
0.06,0.68,1.0,0.016,0.017,0.0,0.0,0.0,0.0,821.0,0.0,27.0,400.0,0.0,650.0,30.0,1.0,1.0,2.925,250.0,200.0,1.0,449.0,540.0,26.8,66.0,,,p30-RR82011,0,0,0,0,1,0,0,0,166
0.06,0.68,1.0,0.016,0.017,0.0,0.0,0.0,0.0,821.0,0.0,27.0,400.0,0.0,650.0,30.0,1.0,1.0,2.925,250.0,200.0,1.0,453.0,543.0,26.8,65.0,,,p30-RR82011,0,0,0,0,1,0,0,0,166
0.07,1.14,1.45,0.015,0.027,0.0,0.0,0.0,0.0,699.0,0.0,37.0,230.0,0.0,450.0,30.0,1.0,1.0,2.025,250.0,200.0,1.0,530.0,636.0,26.6,64.0,,,p31-RR82011,0,0,0,0,1,0,0,0,253
0.07,1.14,1.45,0.015,0.027,0.0,0.0,0.0,0.0,699.0,0.0,37.0,230.0,0.0,450.0,30.0,1.0,1.0,2.025,250.0,200.0,1.0,530.0,633.0,26.6,65.0,,,p31-RR82011,0,0,0,0,1,0,0,0,253
0.064,0.95,1.33,0.013,0.024,0.0,0.0,0.0,0.0,765.0,0.0,42.0,280.0,0.0,550.0,30.0,1.0,1.0,2.475,250.0,200.0,1.0,516.0,613.0,23.6,63.0,,,p32-RR82011,0,0,0,0,1,0,0,0,182
0.064,0.95,1.33,0.013,0.024,0.0,0.0,0.0,0.0,765.0,0.0,42.0,280.0,0.0,550.0,30.0,1.0,1.0,2.475,250.0,200.0,1.0,516.0,619.0,26.0,62.0,,,p32-RR82011,0,0,0,0,1,0,0,0,182
0.073,0.76,1.14,0.015,0.018,0.0,0.0,0.0,0.0,711.0,0.0,46.0,350.0,0.0,650.0,30.0,1.0,1.0,2.925,250.0,200.0,1.0,481.0,577.0,27.8,65.0,,,p33-RR82011,0,0,0,0,1,0,0,0,294
0.073,0.76,1.14,0.015,0.018,0.0,0.0,0.0,0.0,711.0,0.0,46.0,350.0,0.0,650.0,30.0,1.0,1.0,2.925,250.0,200.0,1.0,479.0,581.0,26.2,65.0,,,p33-RR82011,0,0,0,0,1,0,0,0,294
0.072,1.08,1.71,0.015,0.028,0.0,0.0,0.0,0.0,609.0,0.0,65.0,320.0,0.0,450.0,30.0,1.0,1.0,2.025,250.0,200.0,1.0,592.0,690.0,23.4,51.0,,,p34-RR82011,0,0,0,0,1,0,0,0,275
0.072,1.08,1.71,0.015,0.028,0.0,0.0,0.0,0.0,609.0,0.0,65.0,320.0,0.0,450.0,30.0,1.0,1.0,2.025,250.0,200.0,1.0,584.0,686.0,21.0,47.0,,,p34-RR82011,0,0,0,0,1,0,0,0,275
0.071,0.84,1.53,0.012,0.022,0.0,0.0,0.0,0.0,720.0,0.0,72.0,310.0,0.0,550.0,30.0,1.0,1.0,2.475,250.0,200.0,1.0,560.0,652.0,25.0,56.0,,,p35-RR82011,0,0,0,0,1,0,0,0,264
0.071,0.84,1.53,0.012,0.022,0.0,0.0,0.0,0.0,720.0,0.0,72.0,310.0,0.0,550.0,30.0,1.0,1.0,2.475,250.0,200.0,1.0,577.0,651.0,22.8,54.0,,,p35-RR82011,0,0,0,0,1,0,0,0,264
0.073,0.34,0.64,0.008,0.007,0.0,0.0,0.0,0.0,450.0,7.0,63.0,2.0,2.0,170.0,21.0,1.0,1.0,1.0,200.0,250.0,14.0,404.0,494.0,32.4,76.0,,,EvansLetter-Ao+,0,0,0,1,0,0,0,1,286
0.073,0.34,0.64,0.008,0.007,0.0,0.0,0.0,0.0,450.0,7.0,63.0,2.0,2.0,170.0,21.0,1.0,1.0,1.0,200.0,250.0,14.0,,,,,-46.0,100.0,EvansLetter-Ao+ch1,0,0,0,1,0,0,0,1,286
0.073,0.34,0.64,0.008,0.007,0.0,0.0,0.0,0.0,450.0,7.0,63.0,2.0,2.0,170.0,21.0,1.0,1.0,1.0,200.0,250.0,14.0,,,,,-70.0,28.0,EvansLetter-Ao+ch2,0,0,0,1,0,0,0,1,286
0.064,0.3,0.63,0.006,0.008,0.92,0.0,0.0,0.0,473.0,5.0,70.0,2.0,2.0,170.0,21.0,1.0,1.0,1.0,200.0,250.0,14.0,423.0,501.0,31.8,77.0,,,EvansLetter-Ao+1Ni,0,0,0,1,0,0,0,1,179
0.064,0.3,0.63,0.006,0.008,0.92,0.0,0.0,0.0,473.0,5.0,70.0,2.0,2.0,170.0,21.0,1.0,1.0,1.0,200.0,250.0,14.0,,,,,-63.0,100.0,EvansLetter-Ao+1Nich1,0,0,0,1,0,0,0,1,179
0.064,0.3,0.63,0.006,0.008,0.92,0.0,0.0,0.0,473.0,5.0,70.0,2.0,2.0,170.0,21.0,1.0,1.0,1.0,200.0,250.0,14.0,,,,,-88.0,28.0,EvansLetter-Ao+1Nich2,0,0,0,1,0,0,0,1,179
0.065,0.26,0.61,0.007,0.007,2.14,0.0,0.0,0.0,488.0,5.0,86.0,2.0,2.0,170.0,21.0,1.0,1.0,1.0,200.0,250.0,14.0,443.0,528.0,32.4,76.0,,,EvansLetter-Ao+2Ni,0,0,0,1,0,0,0,1,183
0.065,0.26,0.61,0.007,0.007,2.14,0.0,0.0,0.0,488.0,5.0,86.0,2.0,2.0,170.0,21.0,1.0,1.0,1.0,200.0,250.0,14.0,,,,,-65.0,100.0,EvansLetter-Ao+2Nich1,0,0,0,1,0,0,0,1,183
0.065,0.26,0.61,0.007,0.007,2.14,0.0,0.0,0.0,488.0,5.0,86.0,2.0,2.0,170.0,21.0,1.0,1.0,1.0,200.0,250.0,14.0,,,,,-95.0,28.0,EvansLetter-Ao+2Nich2,0,0,0,1,0,0,0,1,183
0.062,0.29,0.62,0.007,0.007,3.01,0.0,0.0,0.0,500.0,6.0,72.0,2.0,2.0,170.0,21.0,1.0,1.0,1.0,200.0,250.0,14.0,457.0,543.0,27.6,77.0,,,EvansLetter-Ao+3Ni,0,0,0,1,0,0,0,1,172
0.062,0.29,0.62,0.007,0.007,3.01,0.0,0.0,0.0,500.0,6.0,72.0,2.0,2.0,170.0,21.0,1.0,1.0,1.0,200.0,250.0,14.0,,,,,-65.0,100.0,EvansLetter-Ao+3Nich1,0,0,0,1,0,0,0,1,172
0.062,0.29,0.62,0.007,0.007,3.01,0.0,0.0,0.0,500.0,6.0,72.0,2.0,2.0,170.0,21.0,1.0,1.0,1.0,200.0,250.0,14.0,,,,,-98.0,28.0,EvansLetter-Ao+3Nich2,0,0,0,1,0,0,0,1,172
0.073,0.34,0.66,0.007,0.007,0.0,0.0,0.5,0.0,454.0,5.0,75.0,2.0,2.0,170.0,21.0,1.0,1.0,1.0,200.0,250.0,14.0,470.0,559.0,24.6,75.0,,,EvansLetter-Ao+.5Mo,0,0,0,1,0,0,0,1,288
0.073,0.34,0.66,0.007,0.007,0.0,0.0,0.5,0.0,454.0,5.0,75.0,2.0,2.0,170.0,21.0,1.0,1.0,1.0,200.0,250.0,14.0,,,,,-42.0,100.0,EvansLetter-Ao+.5Moch1,0,0,0,1,0,0,0,1,288
0.073,0.34,0.66,0.007,0.007,0.0,0.0,0.5,0.0,454.0,5.0,75.0,2.0,2.0,170.0,21.0,1.0,1.0,1.0,200.0,250.0,14.0,,,,,-76.0,28.0,EvansLetter-Ao+.5Moch2,0,0,0,1,0,0,0,1,288
0.075,0.3,0.63,0.008,0.008,0.0,0.0,1.03,0.0,438.0,5.0,80.0,2.0,2.0,170.0,21.0,1.0,1.0,1.0,200.0,250.0,14.0,528.0,619.0,20.6,73.0,,,EvansLetter-Ao+1Mo,0,0,0,1,0,0,0,1,323
0.075,0.3,0.63,0.008,0.008,0.0,0.0,1.03,0.0,438.0,5.0,80.0,2.0,2.0,170.0,21.0,1.0,1.0,1.0,200.0,250.0,14.0,,,,,7.0,100.0,EvansLetter-Ao+1Moch1,0,0,0,1,0,0,0,1,323
0.075,0.3,0.63,0.008,0.008,0.0,0.0,1.03,0.0,438.0,5.0,80.0,2.0,2.0,170.0,21.0,1.0,1.0,1.0,200.0,250.0,14.0,,,,,-57.0,28.0,EvansLetter-Ao+1Moch2,0,0,0,1,0,0,0,1,323
0.07,0.35,0.65,0.008,0.01,0.0,1.01,0.0,0.0,504.0,5.0,78.0,2.0,2.0,170.0,21.0,1.0,1.0,1.0,200.0,250.0,14.0,481.0,559.0,22.0,75.0,,,EvansLetter-Ao+1Cr,0,0,0,1,0,0,0,1,243
0.07,0.35,0.65,0.008,0.01,0.0,1.01,0.0,0.0,504.0,5.0,78.0,2.0,2.0,170.0,21.0,1.0,1.0,1.0,200.0,250.0,14.0,,,,,-40.0,100.0,EvansLetter-Ao+1Crch1,0,0,0,1,0,0,0,1,243
0.07,0.35,0.65,0.008,0.01,0.0,1.01,0.0,0.0,504.0,5.0,78.0,2.0,2.0,170.0,21.0,1.0,1.0,1.0,200.0,250.0,14.0,,,,,-68.0,28.0,EvansLetter-Ao+1Crch2,0,0,0,1,0,0,0,1,243
0.074,0.25,0.58,0.008,0.01,0.0,1.59,0.0,0.0,500.0,4.0,89.0,2.0,2.0,170.0,21.0,1.0,1.0,1.0,200.0,250.0,14.0,494.0,593.0,19.0,71.9,,,EvansLetter-Ao+1.5Cr,0,0,0,1,0,0,0,1,297
0.074,0.25,0.58,0.008,0.01,0.0,1.59,0.0,0.0,500.0,4.0,89.0,2.0,2.0,170.0,21.0,1.0,1.0,1.0,200.0,250.0,14.0,,,,,-22.0,100.0,EvansLetter-Ao+1.5Crch1,0,0,0,1,0,0,0,1,297
0.074,0.25,0.58,0.008,0.01,0.0,1.59,0.0,0.0,500.0,4.0,89.0,2.0,2.0,170.0,21.0,1.0,1.0,1.0,200.0,250.0,14.0,,,,,-48.0,28.0,EvansLetter-Ao+1.5Crch2,0,0,0,1,0,0,0,1,297
0.076,0.28,0.64,0.008,0.008,0.0,2.1,0.0,0.0,492.0,8.0,81.0,2.0,2.0,170.0,21.0,1.0,1.0,1.0,200.0,250.0,14.0,565.0,660.0,,68.6,,,EvansLetter-Ao+2Cr,0,0,0,1,0,0,0,1,344
0.076,0.28,0.64,0.008,0.008,0.0,2.1,0.0,0.0,492.0,8.0,81.0,2.0,2.0,170.0,21.0,1.0,1.0,1.0,200.0,250.0,14.0,,,,,26.0,100.0,EvansLetter-Ao+2Crch1,0,0,0,1,0,0,0,1,344
0.076,0.28,0.64,0.008,0.008,0.0,2.1,0.0,0.0,492.0,8.0,81.0,2.0,2.0,170.0,21.0,1.0,1.0,1.0,200.0,250.0,14.0,,,,,-40.0,28.0,EvansLetter-Ao+2Crch2,0,0,0,1,0,0,0,1,344
0.068,0.28,0.62,0.008,0.007,0.0,0.0,0.0,0.0,477.0,5.0,73.0,2.0,2.0,170.0,21.0,1.0,1.0,1.0,200.0,250.0,14.0,391.0,468.0,29.4,77.0,,,EvansLetter-Ao+.5Cu,0,0,0,1,0,0,0,1,207
0.068,0.28,0.62,0.008,0.007,0.0,0.0,0.0,0.0,477.0,5.0,73.0,2.0,2.0,170.0,21.0,1.0,1.0,1.0,200.0,250.0,14.0,,,,,-63.0,100.0,EvansLetter-Ao+.5Cuch1,0,0,0,1,0,0,0,1,207
0.068,0.28,0.62,0.008,0.007,0.0,0.0,0.0,0.0,477.0,5.0,73.0,2.0,2.0,170.0,21.0,1.0,1.0,1.0,200.0,250.0,14.0,,,,,-86.0,28.0,EvansLetter-Ao+.5Cuch2,0,0,0,1,0,0,0,1,207
0.073,0.35,0.64,0.005,0.004,0.0,0.0,0.0,0.0,428.0,38.0,77.0,2.0,2.0,170.0,21.0,1.0,1.0,1.0,200.0,250.0,14.0,402.0,494.0,33.3,77.5,,,EvansLetter-A+,0,0,0,1,0,0,0,1,291
0.073,0.35,0.64,0.005,0.004,0.0,0.0,0.0,0.0,428.0,38.0,77.0,2.0,2.0,170.0,21.0,1.0,1.0,1.0,200.0,250.0,14.0,,,,,-45.0,100.0,EvansLetter-A+ch1,0,0,0,1,0,0,0,1,291
0.073,0.35,0.64,0.005,0.004,0.0,0.0,0.0,0.0,428.0,38.0,77.0,2.0,2.0,170.0,21.0,1.0,1.0,1.0,200.0,250.0,14.0,,,,,-70.0,28.0,EvansLetter-A+ch2,0,0,0,1,0,0,0,1,291
0.064,0.27,0.61,0.007,0.007,2.17,0.0,0.0,0.0,454.0,32.0,91.0,2.0,2.0,170.0,21.0,1.0,1.0,1.0,200.0,250.0,14.0,461.0,537.0,28.0,78.9,,,EvansLetter-A+2Ni,0,0,0,1,0,0,0,1,177
0.064,0.27,0.61,0.007,0.007,2.17,0.0,0.0,0.0,454.0,32.0,91.0,2.0,2.0,170.0,21.0,1.0,1.0,1.0,200.0,250.0,14.0,,,,,-83.0,100.0,EvansLetter-A+2Nich1,0,0,0,1,0,0,0,1,177
0.064,0.27,0.61,0.007,0.007,2.17,0.0,0.0,0.0,454.0,32.0,91.0,2.0,2.0,170.0,21.0,1.0,1.0,1.0,200.0,250.0,14.0,,,,,-113.0,28.0,EvansLetter-A+2Nich2,0,0,0,1,0,0,0,1,177
0.067,0.3,0.65,0.007,0.007,3.03,0.0,0.0,0.0,460.0,36.0,72.0,2.0,2.0,170.0,21.0,1.0,1.0,1.0,200.0,250.0,14.0,477.0,557.0,29.4,78.0,,,EvansLetter-A+3Ni,0,0,0,1,0,0,0,1,201
0.067,0.3,0.65,0.007,0.007,3.03,0.0,0.0,0.0,460.0,36.0,72.0,2.0,2.0,170.0,21.0,1.0,1.0,1.0,200.0,250.0,14.0,,,,,-85.0,100.0,EvansLetter-A+3Nich1,0,0,0,1,0,0,0,1,201
0.067,0.3,0.65,0.007,0.007,3.03,0.0,0.0,0.0,460.0,36.0,72.0,2.0,2.0,170.0,21.0,1.0,1.0,1.0,200.0,250.0,14.0,,,,,-114.0,28.0,EvansLetter-A+3Nich2,0,0,0,1,0,0,0,1,201
0.069,0.33,0.68,0.006,0.008,0.0,0.0,0.24,0.0,395.0,36.0,67.0,2.0,2.0,170.0,21.0,1.0,1.0,1.0,200.0,250.0,14.0,436.0,519.0,24.6,78.6,,,EvansLetter-A+.25Mo,0,0,0,1,0,0,0,1,222
0.069,0.33,0.68,0.006,0.008,0.0,0.0,0.24,0.0,395.0,36.0,67.0,2.0,2.0,170.0,21.0,1.0,1.0,1.0,200.0,250.0,14.0,,,,,-58.0,100.0,EvansLetter-A+.25Moch1,0,0,0,1,0,0,0,1,222
0.069,0.33,0.68,0.006,0.008,0.0,0.0,0.24,0.0,395.0,36.0,67.0,2.0,2.0,170.0,21.0,1.0,1.0,1.0,200.0,250.0,14.0,,,,,-82.0,28.0,EvansLetter-A+.25Moch2,0,0,0,1,0,0,0,1,222
0.073,0.34,0.66,0.007,0.007,0.0,0.0,0.5,0.0,433.0,42.0,70.0,2.0,2.0,170.0,21.0,1.0,1.0,1.0,200.0,250.0,14.0,483.0,565.0,27.2,78.0,,,EvansLetter-A+.5Mo,0,0,0,1,0,0,0,1,287
0.073,0.34,0.66,0.007,0.007,0.0,0.0,0.5,0.0,433.0,42.0,70.0,2.0,2.0,170.0,21.0,1.0,1.0,1.0,200.0,250.0,14.0,,,,,-48.0,100.0,EvansLetter-A+.5Moch1,0,0,0,1,0,0,0,1,287
0.073,0.34,0.66,0.007,0.007,0.0,0.0,0.5,0.0,433.0,42.0,70.0,2.0,2.0,170.0,21.0,1.0,1.0,1.0,200.0,250.0,14.0,,,,,-65.0,28.0,EvansLetter-A+.5Moch2,0,0,0,1,0,0,0,1,287
0.072,0.32,0.66,0.007,0.007,0.0,0.0,1.03,0.0,411.0,40.0,76.0,2.0,2.0,170.0,21.0,1.0,1.0,1.0,200.0,250.0,14.0,565.0,644.0,23.6,76.0,,,EvansLetter-A+1Mo,0,0,0,1,0,0,0,1,267
0.072,0.32,0.66,0.007,0.007,0.0,0.0,1.03,0.0,411.0,40.0,76.0,2.0,2.0,170.0,21.0,1.0,1.0,1.0,200.0,250.0,14.0,,,,,-33.0,100.0,EvansLetter-A+1Moch1,0,0,0,1,0,0,0,1,267
0.072,0.32,0.66,0.007,0.007,0.0,0.0,1.03,0.0,411.0,40.0,76.0,2.0,2.0,170.0,21.0,1.0,1.0,1.0,200.0,250.0,14.0,,,,,-66.0,28.0,EvansLetter-A+1Moch2,0,0,0,1,0,0,0,1,267
0.077,0.32,0.66,0.008,0.01,0.0,1.03,0.0,0.0,457.0,34.0,75.0,2.0,2.0,170.0,21.0,1.0,1.0,1.0,200.0,250.0,14.0,490.0,558.0,21.0,77.9,,,EvansLetter-A+1Cr,0,0,0,1,0,0,0,1,373
0.077,0.32,0.66,0.008,0.01,0.0,1.03,0.0,0.0,457.0,34.0,75.0,2.0,2.0,170.0,21.0,1.0,1.0,1.0,200.0,250.0,14.0,,,,,-35.0,100.0,EvansLetter-A+1Crch1,0,0,0,1,0,0,0,1,373
0.077,0.32,0.66,0.008,0.01,0.0,1.03,0.0,0.0,457.0,34.0,75.0,2.0,2.0,170.0,21.0,1.0,1.0,1.0,200.0,250.0,14.0,,,,,-54.0,28.0,EvansLetter-A+1Crch2,0,0,0,1,0,0,0,1,373
0.078,0.26,0.62,0.007,0.005,0.0,1.6,0.0,0.0,472.0,29.0,100.0,2.0,2.0,170.0,21.0,1.0,1.0,1.0,200.0,250.0,14.0,509.0,596.0,17.0,74.0,,,EvansLetter-A+1.5Cr,0,0,0,1,0,0,0,1,383
0.078,0.26,0.62,0.007,0.005,0.0,1.6,0.0,0.0,472.0,29.0,100.0,2.0,2.0,170.0,21.0,1.0,1.0,1.0,200.0,250.0,14.0,,,,,-8.0,100.0,EvansLetter-A+1.5Crch1,0,0,0,1,0,0,0,1,383
0.078,0.26,0.62,0.007,0.005,0.0,1.6,0.0,0.0,472.0,29.0,100.0,2.0,2.0,170.0,21.0,1.0,1.0,1.0,200.0,250.0,14.0,,,,,-35.0,28.0,EvansLetter-A+1.5Crch2,0,0,0,1,0,0,0,1,383
0.078,0.28,0.64,0.008,0.007,0.0,2.15,0.0,0.0,482.0,42.0,95.0,2.0,2.0,170.0,21.0,1.0,1.0,1.0,200.0,250.0,14.0,598.0,685.0,18.0,68.6,,,EvansLetter-A+2Cr,0,0,0,1,0,0,0,1,385
0.078,0.28,0.64,0.008,0.007,0.0,2.15,0.0,0.0,482.0,42.0,95.0,2.0,2.0,170.0,21.0,1.0,1.0,1.0,200.0,250.0,14.0,,,,,8.0,100.0,EvansLetter-A+2Crch1,0,0,0,1,0,0,0,1,385
0.078,0.28,0.64,0.008,0.007,0.0,2.15,0.0,0.0,482.0,42.0,95.0,2.0,2.0,170.0,21.0,1.0,1.0,1.0,200.0,250.0,14.0,,,,,-33.0,28.0,EvansLetter-A+2Crch2,0,0,0,1,0,0,0,1,385
0.063,0.3,0.64,0.008,0.008,0.0,0.0,0.0,0.0,453.0,43.0,74.0,2.0,2.0,170.0,21.0,1.0,1.0,1.0,200.0,250.0,14.0,417.0,498.0,29.2,78.9,,,EvansLetter-A+0.5Cu,0,0,0,1,0,0,0,1,175
0.063,0.3,0.64,0.008,0.008,0.0,0.0,0.0,0.0,453.0,43.0,74.0,2.0,2.0,170.0,21.0,1.0,1.0,1.0,200.0,250.0,14.0,,,,,-62.0,100.0,EvansLetter-A+0.5Cuch1,0,0,0,1,0,0,0,1,175
0.063,0.3,0.64,0.008,0.008,0.0,0.0,0.0,0.0,453.0,43.0,74.0,2.0,2.0,170.0,21.0,1.0,1.0,1.0,200.0,250.0,14.0,,,,,-94.0,28.0,EvansLetter-A+0.5Cuch2,0,0,0,1,0,0,0,1,175
0.064,0.3,0.63,0.007,0.007,0.0,0.0,0.0,0.0,456.0,42.0,65.0,2.0,2.0,170.0,21.0,1.0,1.0,1.0,200.0,250.0,14.0,429.0,497.0,26.6,77.0,,,EvansLetter-A+1Cu,0,0,0,1,0,0,0,1,180
0.064,0.3,0.63,0.007,0.007,0.0,0.0,0.0,0.0,456.0,42.0,65.0,2.0,2.0,170.0,21.0,1.0,1.0,1.0,200.0,250.0,14.0,,,,,-58.0,100.0,EvansLetter-A+1Cuch1,0,0,0,1,0,0,0,1,180
0.064,0.3,0.63,0.007,0.007,0.0,0.0,0.0,0.0,456.0,42.0,65.0,2.0,2.0,170.0,21.0,1.0,1.0,1.0,200.0,250.0,14.0,,,,,-94.0,28.0,EvansLetter-A+1Cuch2,0,0,0,1,0,0,0,1,180
0.066,0.37,0.67,0.006,0.008,0.0,0.0,0.0,0.0,453.0,51.0,55.0,2.0,2.0,170.0,21.0,1.0,1.0,1.0,200.0,250.0,14.0,516.0,568.0,28.8,75.0,,,EvansLetter-A+1.5Cu,0,0,0,1,0,0,0,1,192
0.066,0.37,0.67,0.006,0.008,0.0,0.0,0.0,0.0,453.0,51.0,55.0,2.0,2.0,170.0,21.0,1.0,1.0,1.0,200.0,250.0,14.0,,,,,-43.0,100.0,EvansLetter-A+1.5Cuch1,0,0,0,1,0,0,0,1,192
0.066,0.37,0.67,0.006,0.008,0.0,0.0,0.0,0.0,453.0,51.0,55.0,2.0,2.0,170.0,21.0,1.0,1.0,1.0,200.0,250.0,14.0,,,,,-77.0,28.0,EvansLetter-A+1.5Cuch2,0,0,0,1,0,0,0,1,192
0.078,0.26,1.43,0.006,0.006,0.0,0.0,0.0,0.0,481.0,5.0,86.0,2.0,2.0,170.0,21.0,1.0,1.0,1.0,200.0,250.0,14.0,434.0,526.0,29.2,78.0,,,EvansLetterCo+,0,0,0,1,0,0,0,1,384
0.078,0.26,1.43,0.006,0.006,0.0,0.0,0.0,0.0,481.0,5.0,86.0,2.0,2.0,170.0,21.0,1.0,1.0,1.0,200.0,250.0,14.0,,,,,-18.0,100.0,EvansLetterCo+ch1,0,0,0,1,0,0,0,1,384
0.078,0.26,1.43,0.006,0.006,0.0,0.0,0.0,0.0,481.0,5.0,86.0,2.0,2.0,170.0,21.0,1.0,1.0,1.0,200.0,250.0,14.0,,,,,-43.0,28.0,EvansLetterCo+ch2,0,0,0,1,0,0,0,1,384
0.073,0.28,1.39,0.007,0.007,0.95,0.0,0.0,0.0,454.0,5.0,76.0,2.0,2.0,170.0,21.0,1.0,1.0,1.0,200.0,250.0,14.0,470.0,550.0,26.0,78.0,,,EvansLetterCo+1Ni,0,0,0,1,0,0,0,1,279
0.073,0.28,1.39,0.007,0.007,0.95,0.0,0.0,0.0,454.0,5.0,76.0,2.0,2.0,170.0,21.0,1.0,1.0,1.0,200.0,250.0,14.0,,,,,-13.0,100.0,EvansLetterCo+1Nich1,0,0,0,1,0,0,0,1,279
0.073,0.28,1.39,0.007,0.007,0.95,0.0,0.0,0.0,454.0,5.0,76.0,2.0,2.0,170.0,21.0,1.0,1.0,1.0,200.0,250.0,14.0,,,,,-48.0,28.0,EvansLetterCo+1Nich2,0,0,0,1,0,0,0,1,279
0.071,0.26,1.48,0.007,0.012,2.28,0.0,0.0,0.0,460.0,5.0,87.0,2.0,2.0,170.0,21.0,1.0,1.0,1.0,200.0,250.0,14.0,512.0,605.0,21.7,75.0,,,EvansLetterCo+2Ni,0,0,0,1,0,0,0,1,254
0.071,0.26,1.48,0.007,0.012,2.28,0.0,0.0,0.0,460.0,5.0,87.0,2.0,2.0,170.0,21.0,1.0,1.0,1.0,200.0,250.0,14.0,,,,,-20.0,100.0,EvansLetterCo+2Nich1,0,0,0,1,0,0,0,1,254
0.071,0.26,1.48,0.007,0.012,2.28,0.0,0.0,0.0,460.0,5.0,87.0,2.0,2.0,170.0,21.0,1.0,1.0,1.0,200.0,250.0,14.0,,,,,-61.0,28.0,EvansLetterCo+2Nich2,0,0,0,1,0,0,0,1,254
0.073,0.24,1.43,0.008,0.006,3.12,0.0,0.0,0.0,460.0,5.0,77.0,2.0,2.0,170.0,21.0,1.0,1.0,1.0,200.0,250.0,14.0,573.0,666.0,16.0,70.8,,,EvansLetterCo+3Ni,0,0,0,1,0,0,0,1,276
0.073,0.24,1.43,0.008,0.006,3.12,0.0,0.0,0.0,460.0,5.0,77.0,2.0,2.0,170.0,21.0,1.0,1.0,1.0,200.0,250.0,14.0,,,,,-12.0,100.0,EvansLetterCo+3Nich1,0,0,0,1,0,0,0,1,276
0.073,0.24,1.43,0.008,0.006,3.12,0.0,0.0,0.0,460.0,5.0,77.0,2.0,2.0,170.0,21.0,1.0,1.0,1.0,200.0,250.0,14.0,,,,,-64.0,28.0,EvansLetterCo+3Nich2,0,0,0,1,0,0,0,1,276
0.076,0.28,1.53,0.008,0.006,0.0,0.0,0.25,0.0,444.0,5.0,84.0,2.0,2.0,170.0,21.0,1.0,1.0,1.0,200.0,250.0,14.0,474.0,570.0,20.4,77.0,,,EvansLetterCo+.25Mo,0,0,0,1,0,0,0,1,347
0.076,0.28,1.53,0.008,0.006,0.0,0.0,0.25,0.0,444.0,5.0,84.0,2.0,2.0,170.0,21.0,1.0,1.0,1.0,200.0,250.0,14.0,,,,,-24.0,100.0,EvansLetterCo+.25Moch1,0,0,0,1,0,0,0,1,347
0.076,0.28,1.53,0.008,0.006,0.0,0.0,0.25,0.0,444.0,5.0,84.0,2.0,2.0,170.0,21.0,1.0,1.0,1.0,200.0,250.0,14.0,,,,,-61.0,28.0,EvansLetterCo+.25Moch2,0,0,0,1,0,0,0,1,347
0.076,0.25,1.45,0.008,0.006,0.0,0.0,0.5,0.0,457.0,5.0,78.0,2.0,2.0,170.0,21.0,1.0,1.0,1.0,200.0,250.0,14.0,523.0,610.0,19.4,75.0,,,EvansLetterCo+.5Mo,0,0,0,1,0,0,0,1,338
0.076,0.25,1.45,0.008,0.006,0.0,0.0,0.5,0.0,457.0,5.0,78.0,2.0,2.0,170.0,21.0,1.0,1.0,1.0,200.0,250.0,14.0,,,,,-4.0,100.0,EvansLetterCo+.5Moch1,0,0,0,1,0,0,0,1,338
0.076,0.25,1.45,0.008,0.006,0.0,0.0,0.5,0.0,457.0,5.0,78.0,2.0,2.0,170.0,21.0,1.0,1.0,1.0,200.0,250.0,14.0,,,,,-50.0,28.0,EvansLetterCo+.5Moch2,0,0,0,1,0,0,0,1,338
0.076,0.24,1.41,0.008,0.006,0.0,0.0,1.11,0.0,447.0,5.0,85.0,2.0,2.0,170.0,21.0,1.0,1.0,1.0,200.0,250.0,14.0,594.0,699.0,19.2,68.6,,,EvansLetterCo+1Mo,0,0,0,1,0,0,0,1,337
0.076,0.24,1.41,0.008,0.006,0.0,0.0,1.11,0.0,447.0,5.0,85.0,2.0,2.0,170.0,21.0,1.0,1.0,1.0,200.0,250.0,14.0,,,,,26.0,100.0,EvansLetterCo+1Moch1,0,0,0,1,0,0,0,1,337
0.076,0.24,1.41,0.008,0.006,0.0,0.0,1.11,0.0,447.0,5.0,85.0,2.0,2.0,170.0,21.0,1.0,1.0,1.0,200.0,250.0,14.0,,,,,-50.0,28.0,EvansLetterCo+1Moch2,0,0,0,1,0,0,0,1,337
0.08,0.28,1.48,0.007,0.006,0.0,1.07,0.0,0.0,436.0,5.0,94.0,2.0,2.0,170.0,21.0,1.0,1.0,1.0,200.0,250.0,14.0,570.0,658.0,18.0,68.6,,,EvansLetterCo+1Cr,0,0,0,1,0,0,0,1,414
0.08,0.28,1.48,0.007,0.006,0.0,1.07,0.0,0.0,436.0,5.0,94.0,2.0,2.0,170.0,21.0,1.0,1.0,1.0,200.0,250.0,14.0,,,,,-20.0,100.0,EvansLetterCo+1Crch1,0,0,0,1,0,0,0,1,414
0.08,0.28,1.48,0.007,0.006,0.0,1.07,0.0,0.0,436.0,5.0,94.0,2.0,2.0,170.0,21.0,1.0,1.0,1.0,200.0,250.0,14.0,,,,,-70.0,28.0,EvansLetterCo+1Crch2,0,0,0,1,0,0,0,1,414
0.08,0.24,1.47,0.007,0.007,0.0,0.0,0.0,0.0,455.0,5.0,96.0,2.0,2.0,170.0,21.0,1.0,1.0,1.0,200.0,250.0,14.0,453.0,535.0,26.6,78.9,,,EvansLetterCo+0.5Cu,0,0,0,1,0,0,0,1,409
0.08,0.24,1.47,0.007,0.007,0.0,0.0,0.0,0.0,455.0,5.0,96.0,2.0,2.0,170.0,21.0,1.0,1.0,1.0,200.0,250.0,14.0,,,,,-10.0,100.0,EvansLetterCo+0.5Cuch1,0,0,0,1,0,0,0,1,409
0.08,0.24,1.47,0.007,0.007,0.0,0.0,0.0,0.0,455.0,5.0,96.0,2.0,2.0,170.0,21.0,1.0,1.0,1.0,200.0,250.0,14.0,,,,,-36.0,28.0,EvansLetterCo+0.5Cuch2,0,0,0,1,0,0,0,1,409
0.075,0.24,1.41,0.006,0.008,0.0,0.0,0.0,0.0,484.0,5.0,89.0,2.0,2.0,170.0,21.0,1.0,1.0,1.0,200.0,250.0,14.0,492.0,566.0,25.0,75.0,,,EvansLetterCo+1Cu,0,0,0,1,0,0,0,1,317
0.075,0.24,1.41,0.006,0.008,0.0,0.0,0.0,0.0,484.0,5.0,89.0,2.0,2.0,170.0,21.0,1.0,1.0,1.0,200.0,250.0,14.0,,,,,-4.0,100.0,EvansLetterCo+1Chch1,0,0,0,1,0,0,0,1,317
0.075,0.24,1.41,0.006,0.008,0.0,0.0,0.0,0.0,484.0,5.0,89.0,2.0,2.0,170.0,21.0,1.0,1.0,1.0,200.0,250.0,14.0,,,,,-48.0,28.0,EvansLetterCo+1Cuch2,0,0,0,1,0,0,0,1,317
0.074,0.22,1.36,0.008,0.01,0.0,0.0,0.0,0.0,484.0,5.0,110.0,2.0,2.0,170.0,21.0,1.0,1.0,1.0,200.0,250.0,14.0,559.0,638.0,23.2,70.8,,,EvansLetterCo+1.5Cu,0,0,0,1,0,0,0,1,296
0.074,0.22,1.36,0.008,0.01,0.0,0.0,0.0,0.0,484.0,5.0,110.0,2.0,2.0,170.0,21.0,1.0,1.0,1.0,200.0,250.0,14.0,,,,,23.0,100.0,EvansLetterCo+1.5Cuch1,0,0,0,1,0,0,0,1,296
0.074,0.22,1.36,0.008,0.01,0.0,0.0,0.0,0.0,484.0,5.0,110.0,2.0,2.0,170.0,21.0,1.0,1.0,1.0,200.0,250.0,14.0,,,,,-30.0,28.0,EvansLetterCo+1.5Cuch2,0,0,0,1,0,0,0,1,296
0.074,0.28,1.46,0.008,0.008,0.0,0.0,0.0,0.0,443.0,35.0,79.0,2.0,2.0,170.0,21.0,1.0,1.0,1.0,200.0,250.0,14.0,460.0,533.0,27.6,78.9,,,EvansLetterC+,0,0,0,1,0,0,0,1,301
0.074,0.28,1.46,0.008,0.008,0.0,0.0,0.0,0.0,443.0,35.0,79.0,2.0,2.0,170.0,21.0,1.0,1.0,1.0,200.0,250.0,14.0,,,,,-68.0,100.0,EvansLetterC+ch1,0,0,0,1,0,0,0,1,301
0.074,0.28,1.46,0.008,0.008,0.0,0.0,0.0,0.0,443.0,35.0,79.0,2.0,2.0,170.0,21.0,1.0,1.0,1.0,200.0,250.0,14.0,,,,,-88.0,28.0,EvansLetterC+ch2,0,0,0,1,0,0,0,1,301
0.076,0.25,1.48,0.008,0.006,0.95,0.0,0.0,0.0,417.0,33.0,81.0,2.0,2.0,170.0,21.0,1.0,1.0,1.0,200.0,250.0,14.0,498.0,551.0,27.2,78.9,,,EvansLetterC+1Ni,0,0,0,1,0,0,0,1,339
0.076,0.25,1.48,0.008,0.006,0.95,0.0,0.0,0.0,417.0,33.0,81.0,2.0,2.0,170.0,21.0,1.0,1.0,1.0,200.0,250.0,14.0,,,,,-62.0,100.0,EvansLetterC+1Nich1,0,0,0,1,0,0,0,1,339
0.076,0.25,1.48,0.008,0.006,0.95,0.0,0.0,0.0,417.0,33.0,81.0,2.0,2.0,170.0,21.0,1.0,1.0,1.0,200.0,250.0,14.0,,,,,-94.0,28.0,EvansLetterC+1Nich2,0,0,0,1,0,0,0,1,339
0.068,0.27,1.46,0.008,0.007,2.24,0.0,0.0,0.0,436.0,34.0,78.0,2.0,2.0,170.0,21.0,1.0,1.0,1.0,200.0,250.0,14.0,555.0,622.0,25.6,78.0,,,EvansLetterC+2Ni,0,0,0,1,0,0,0,1,206
0.068,0.27,1.46,0.008,0.007,2.24,0.0,0.0,0.0,436.0,34.0,78.0,2.0,2.0,170.0,21.0,1.0,1.0,1.0,200.0,250.0,14.0,,,,,-58.0,100.0,EvansLetterC+2Nich1,0,0,0,1,0,0,0,1,206
0.068,0.27,1.46,0.008,0.007,2.24,0.0,0.0,0.0,436.0,34.0,78.0,2.0,2.0,170.0,21.0,1.0,1.0,1.0,200.0,250.0,14.0,,,,,-102.0,28.0,EvansLetterC+2Nich2,0,0,0,1,0,0,0,1,206
0.075,0.26,1.46,0.008,0.006,3.15,0.0,0.0,0.0,418.0,32.0,72.0,2.0,2.0,170.0,21.0,1.0,1.0,1.0,200.0,250.0,14.0,604.0,680.0,20.0,71.9,,,EvansLetterC+3Ni,0,0,0,1,0,0,0,1,319
0.075,0.26,1.46,0.008,0.006,3.15,0.0,0.0,0.0,418.0,32.0,72.0,2.0,2.0,170.0,21.0,1.0,1.0,1.0,200.0,250.0,14.0,,,,,-49.0,100.0,EvansLetterC+3Nich1,0,0,0,1,0,0,0,1,319
0.075,0.26,1.46,0.008,0.006,3.15,0.0,0.0,0.0,418.0,32.0,72.0,2.0,2.0,170.0,21.0,1.0,1.0,1.0,200.0,250.0,14.0,,,,,-95.0,28.0,EvansLetterC+3Nich2,0,0,0,1,0,0,0,1,319
0.076,0.26,1.49,0.008,0.008,0.0,0.0,0.25,0.0,412.0,34.0,89.0,2.0,2.0,170.0,21.0,1.0,1.0,1.0,200.0,250.0,14.0,560.0,600.0,25.0,77.0,,,EvansLetterC+.25Mo,0,0,0,1,0,0,0,1,342
0.076,0.26,1.49,0.008,0.008,0.0,0.0,0.25,0.0,412.0,34.0,89.0,2.0,2.0,170.0,21.0,1.0,1.0,1.0,200.0,250.0,14.0,,,,,-69.0,100.0,EvansLetterC+.25Moch1,0,0,0,1,0,0,0,1,342
0.076,0.26,1.49,0.008,0.008,0.0,0.0,0.25,0.0,412.0,34.0,89.0,2.0,2.0,170.0,21.0,1.0,1.0,1.0,200.0,250.0,14.0,,,,,-86.0,28.0,EvansLetterC+.25Moch2,0,0,0,1,0,0,0,1,342
0.075,0.26,1.46,0.008,0.007,0.0,0.0,0.5,0.0,429.0,31.0,86.0,2.0,2.0,170.0,21.0,1.0,1.0,1.0,200.0,250.0,14.0,596.0,642.0,21.0,74.0,,,EvansLetterC+.5Mo,0,0,0,1,0,0,0,1,320
0.075,0.26,1.46,0.008,0.007,0.0,0.0,0.5,0.0,429.0,31.0,86.0,2.0,2.0,170.0,21.0,1.0,1.0,1.0,200.0,250.0,14.0,,,,,-56.0,100.0,EvansLetterC+.5Moch1,0,0,0,1,0,0,0,1,320
0.075,0.26,1.46,0.008,0.007,0.0,0.0,0.5,0.0,429.0,31.0,86.0,2.0,2.0,170.0,21.0,1.0,1.0,1.0,200.0,250.0,14.0,,,,,-90.0,28.0,EvansLetterC+.5Moch2,0,0,0,1,0,0,0,1,320
0.075,0.25,1.44,0.008,0.008,0.0,0.0,1.07,0.0,432.0,31.0,83.0,2.0,2.0,170.0,21.0,1.0,1.0,1.0,200.0,250.0,14.0,650.0,720.0,20.0,70.8,,,EvansLetterC+1Mo,0,0,0,1,0,0,0,1,318
0.075,0.25,1.44,0.008,0.008,0.0,0.0,1.07,0.0,432.0,31.0,83.0,2.0,2.0,170.0,21.0,1.0,1.0,1.0,200.0,250.0,14.0,,,,,-39.0,100.0,EvansLetterC+1Moch1,0,0,0,1,0,0,0,1,318
0.075,0.25,1.44,0.008,0.008,0.0,0.0,1.07,0.0,432.0,31.0,83.0,2.0,2.0,170.0,21.0,1.0,1.0,1.0,200.0,250.0,14.0,,,,,-85.0,28.0,EvansLetterC+1Moch2,0,0,0,1,0,0,0,1,318
0.073,0.29,1.53,0.007,0.01,0.0,1.53,0.0,0.0,438.0,27.0,79.0,2.0,2.0,170.0,21.0,1.0,1.0,1.0,200.0,250.0,14.0,650.0,710.0,18.4,73.0,,,EvansLetterC+1.5Cr,0,0,0,1,0,0,0,1,280
0.073,0.29,1.53,0.007,0.01,0.0,1.53,0.0,0.0,438.0,27.0,79.0,2.0,2.0,170.0,21.0,1.0,1.0,1.0,200.0,250.0,14.0,,,,,-38.0,100.0,EvansLetterC+1.5Crch1,0,0,0,1,0,0,0,1,280
0.073,0.29,1.53,0.007,0.01,0.0,1.53,0.0,0.0,438.0,27.0,79.0,2.0,2.0,170.0,21.0,1.0,1.0,1.0,200.0,250.0,14.0,,,,,-79.0,28.0,EvansLetterC+1.5Crch2,0,0,0,1,0,0,0,1,280
0.078,0.29,1.48,0.007,0.01,0.0,1.96,0.0,0.0,438.0,28.0,82.0,2.0,2.0,170.0,21.0,1.0,1.0,1.0,200.0,250.0,14.0,706.0,772.0,16.0,67.5,,,EvansLetterC+2Cr,0,0,0,1,0,0,0,1,386
0.078,0.29,1.48,0.007,0.01,0.0,1.96,0.0,0.0,438.0,28.0,82.0,2.0,2.0,170.0,21.0,1.0,1.0,1.0,200.0,250.0,14.0,,,,,-6.0,100.0,EvansLetterC+2Crch1,0,0,0,1,0,0,0,1,386
0.078,0.29,1.48,0.007,0.01,0.0,1.96,0.0,0.0,438.0,28.0,82.0,2.0,2.0,170.0,21.0,1.0,1.0,1.0,200.0,250.0,14.0,,,,,-70.0,28.0,EvansLetterC+2Crch2,0,0,0,1,0,0,0,1,386
0.076,0.27,1.48,0.007,0.008,0.0,0.0,0.0,0.0,454.0,22.0,81.0,2.0,2.0,170.0,21.0,1.0,1.0,1.0,200.0,250.0,14.0,495.0,557.0,27.6,78.9,,,EvansLetterC+.5Cu,0,0,0,1,0,0,0,1,343
0.076,0.27,1.48,0.007,0.008,0.0,0.0,0.0,0.0,454.0,22.0,81.0,2.0,2.0,170.0,21.0,1.0,1.0,1.0,200.0,250.0,14.0,,,,,-57.0,100.0,EvansLetterC+.5Cuch1,0,0,0,1,0,0,0,1,343
0.076,0.27,1.48,0.007,0.008,0.0,0.0,0.0,0.0,454.0,22.0,81.0,2.0,2.0,170.0,21.0,1.0,1.0,1.0,200.0,250.0,14.0,,,,,-93.0,28.0,EvansLetterC+.5Cuch2,0,0,0,1,0,0,0,1,343
0.069,0.25,1.37,0.007,0.009,0.0,0.0,0.0,0.0,475.0,23.0,75.0,2.0,2.0,170.0,21.0,1.0,1.0,1.0,200.0,250.0,14.0,570.0,625.0,25.8,75.0,,,EvansLetterC+1.5Cu,0,0,0,1,0,0,0,1,217
0.069,0.25,1.37,0.007,0.009,0.0,0.0,0.0,0.0,475.0,23.0,75.0,2.0,2.0,170.0,21.0,1.0,1.0,1.0,200.0,250.0,14.0,,,,,-15.0,100.0,EvansLetterC+1.5Cuch1,0,0,0,1,0,0,0,1,217
0.069,0.25,1.37,0.007,0.009,0.0,0.0,0.0,0.0,475.0,23.0,75.0,2.0,2.0,170.0,21.0,1.0,1.0,1.0,200.0,250.0,14.0,,,,,-67.0,28.0,EvansLetterC+1.5Cuch2,0,0,0,1,0,0,0,1,217
0.088,0.39,0.89,0.008,0.017,0.57,8.2,0.96,0.18,361.0,0.0,373.0,37.5,500.0,450.0,30.0,1.0,1.0,2.0,200.0,760.0,2.0,830.0,,,,,,Birmingham-MAX31,0,0,0,0,1,0,0,0,456
0.088,0.38,0.55,0.008,0.017,0.52,8.6,0.98,0.19,363.0,0.0,376.0,37.5,500.0,450.0,30.0,1.0,1.0,2.0,200.0,760.0,2.0,830.0,,,,,,Birmingham-MAX32,0,0,0,0,1,0,0,0,455
0.098,0.39,1.63,0.008,0.017,0.79,8.6,0.98,0.2,330.0,0.0,390.0,37.5,500.0,450.0,30.0,1.0,1.0,2.0,200.0,760.0,2.0,825.0,,,,,,Birmingham-MAX33,0,0,0,0,1,0,0,0,508
0.1,0.36,0.93,0.008,0.016,0.23,8.9,1.02,0.2,372.0,0.0,416.0,37.5,500.0,450.0,30.0,1.0,1.0,2.0,200.0,760.0,2.0,734.0,,,,,,Birmingham-MAX34,0,0,0,0,1,0,0,0,527
0.1,0.35,0.9,0.008,0.016,0.6,8.6,0.98,0.18,368.0,0.0,398.0,37.5,25.0,450.0,30.0,1.0,1.0,2.0,200.0,760.0,2.0,834.0,,,,,,Birmingham-MAX35,0,0,0,0,1,0,0,0,525
0.088,0.36,0.88,0.008,0.017,0.57,8.4,0.94,0.19,441.0,0.0,394.0,37.5,1000.0,450.0,30.0,1.0,1.0,2.0,200.0,760.0,2.0,822.0,,,,,,Birmingham-MAX36,0,0,0,0,1,0,0,0,453
0.092,0.35,0.9,0.008,0.016,0.54,8.4,0.97,0.17,426.0,0.0,99.0,37.5,500.0,450.0,30.0,1.0,1.0,2.0,200.0,760.0,2.0,832.0,,,,,,Birmingham-MAX38,0,0,0,0,1,0,0,0,488
0.18,0.39,0.88,0.008,0.017,0.18,10.2,0.94,0.28,327.0,0.0,103.0,37.5,25.0,450.0,30.0,1.0,1.0,2.0,200.0,760.0,2.0,,,,,,,Birmingham-MAX39,0,0,0,0,1,0,0,0,619
